sample,log2FC,pvalue,FDR
NRG2,-1.3118156085047217,9.231185202829611e-79,3.6529405271110304e-76
TRPM6,-1.005007164216947,4.7233321684641015e-77,1.5632511902282188e-74
TSLP,-1.115166919281049,6.009728009728752e-77,1.922157791024609e-74
PTPRZ1,-1.1296282873343628,2.4968752508516724e-71,5.106811257444156e-69
CXCL2,-1.0594401201668329,5.83695266372125e-70,1.0416671503697836e-67
RYR3,-1.0240876997952957,7.680838869438359e-70,1.344368364811408e-67
RELN,-1.0062306102458423,5.555639444427229e-69,8.949496000611403e-67
MAPK4,-1.1627427821861906,2.276148309305265e-68,3.4817418213683816e-66
USP44,-1.0751224085967837,1.3488108473004043e-67,1.964192308272741e-65
GFAP,-1.1550104418859417,5.058173475855782e-66,6.438736488182014e-64
PTCHD1,-1.3868075221051936,1.7867956228277044e-64,2.0201888647411618e-62
PAK3,-1.2527931966025856,8.615897289360623e-63,8.001794814195481e-61
SLC6A2,-2.0329277556406904,1.3385826180627568e-62,1.2306171412422404e-60
FIGF,-1.3189968664352196,3.029916068909342e-62,2.7439583185252115e-60
CD300LG,-1.0519706090069785,7.256966796711356e-62,6.443832517099356e-60
FGFBP1,-1.9040641799232736,1.0846999237573215e-61,9.447269240265322e-60
HIF3A,-1.3545593540966447,6.1589344788436645e-61,5.063110079106347e-59
ADH1C,-1.0080041614873418,8.632484755584775e-61,6.952969911765915e-59
VGLL1,-1.4989538217642897,4.6204110918102125e-59,3.2473105445645285e-57
C10orf90,-1.6186795047728135,1.2903618698811186e-58,8.635462175531619e-57
PIK3C2G,-1.0047517388481695,5.147056285204716e-58,3.2759393552301204e-56
LOC284578,-1.6310467514280518,1.0625785913437841e-57,6.624013047339349e-56
NCRNA00092,-1.8011017369778188,1.9947207565328295e-57,1.214377991008933e-55
SCARA5,-1.0767365380670517,2.3214220177811533e-57,1.4038818933445295e-55
GPR12,-1.657840325371566,4.9852122280637465e-57,2.9367578701438306e-55
TTYH1,-1.0226780305679568,9.09735984112755e-57,5.290710581087693e-55
DACT2,-1.3379794194898842,1.6456602610149003e-56,9.274289080883662e-55
PLAC1,2.0026154303060073,3.4369720015944405e-56,1.8901269288526765e-54
KCNJ16,-1.5941042543831763,6.326451502818712e-56,3.387070491347324e-54
MUC15,-1.0364732350592782,7.336514828771168e-56,3.9048707435123265e-54
SLC6A14,-1.0848073135513017,8.074349433445529e-56,4.2602139923770715e-54
HS3ST4,-1.9982522806125442,1.3209033942999679e-55,6.889514179496366e-54
CST4,2.685135138680286,3.435784345806624e-55,1.7421053606328127e-53
LRRC3B,-1.875984479195716,1.4222683043025618e-54,6.813039458741983e-53
HPSE2,-1.6903163204378644,1.9297619223739974e-54,9.12401461635685e-53
ROPN1,-1.7709829373777952,2.2715779566753175e-54,1.0684633991049303e-52
SLC24A2,2.3022116926781617,5.575758962170286e-54,2.5310608575657288e-52
CA4,-1.8678361274133752,4.310474552004531e-53,1.8505558554277943e-51
CXCL3,-1.5017769097857099,6.5905586636777285e-53,2.783478871343984e-51
KCNB1,-1.0382946356483134,8.853149723570897e-53,3.670931307930775e-51
CXCL1,-1.00439181612056,1.2555034164104465e-52,5.158900381245905e-51
METTL11B,2.987149727121961,1.683726474156055e-52,6.841266296665775e-51
DLK2,-1.0638034962949827,4.88032545316569e-52,1.8982171842729714e-50
FABP7,-1.5570779640488976,7.466065738096194e-52,2.8491571201376317e-50
SMYD1,-1.5729685936938118,8.457115154810407e-52,3.2071847325627884e-50
CLCA4,-1.8169983830805396,1.2335260872888178e-51,4.620138964386492e-50
COL10A1,1.1710176508229977,1.3630547827827187e-51,5.084361928482342e-50
SCN5A,-1.0060027526344113,1.7169808842109254e-51,6.365418133460586e-50
ROPN1B,-1.478014012409905,3.361137219513451e-51,1.2067609626588432e-49
KLK8,-1.3148828883311177,4.443871441500502e-51,1.5738450197111667e-49
GRIA4,-1.292047737437256,5.756206850352436e-51,2.0034461433454183e-49
TMEM145,1.344760670190489,1.9681758848206946e-50,6.585791476358659e-49
CAPSL,1.8461671544449936,2.336913234360924e-50,7.734333019103982e-49
GRM4,1.501320093808486,5.437026783513363e-50,1.7673249739338167e-48
KY,-1.2598577209359458,1.0600754645660618e-49,3.367635895549044e-48
ALDH1L1,-1.0566110387265937,1.5848093770107125e-49,4.9397748441311636e-48
GSTA1,-1.6554663269026848,2.164261276220473e-49,6.665997971411382e-48
DSG1,-1.3428611990728154,5.109571856859778e-49,1.5322823148339132e-47
LOC283867,1.8297512440603194,5.328265113296658e-49,1.5900067189727715e-47
FAM196B,-1.2229345727107304,7.330794903073e-49,2.1627627167040165e-47
C4BPA,-1.7059437466165612,7.471150736832526e-49,2.200604479976739e-47
KCNH8,-1.207335105889933,7.824327206117468e-49,2.300908370483946e-47
RNASE7,-1.252515926734721,8.134647384130415e-49,2.3883062311826765e-47
WNT6,-1.1686669061738493,1.5699775867883344e-48,4.507618613928714e-47
HOXA6,-1.0210387568030352,1.6528621776396133e-48,4.723241792711755e-47
WIF1,-1.6987456136427015,1.9083946298188934e-48,5.427891788530205e-47
MYT1,1.6147918523578644,2.760634304288145e-48,7.71917453778143e-47
SPHKAP,-2.1396164770037336,3.615708929314475e-48,1.000677314119538e-46
PI3,-1.5745931895972003,4.3685396614504105e-48,1.1994046373662417e-46
DRD2,-1.0974748850051226,4.772821472223704e-48,1.308428753898917e-46
FAM3D,-1.5396739327573716,9.033224670804969e-48,2.421675827432443e-46
PAK7,-1.291500324157781,1.120339522734459e-47,2.981511744493473e-46
SAA4,-1.3286247292954527,2.958255239780174e-47,7.638173068045178e-46
NPM2,-1.2207391996048198,4.694658296058936e-47,1.2002368674601238e-45
EDN3,-1.3399298753276094,5.760877765536379e-47,1.4605189131763053e-45
CIB3,1.8790451256519074,5.97967696211114e-47,1.5138812203241875e-45
LPPR5,2.1696332501974633,8.891668078982533e-47,2.2263415961722014e-45
GNG13,2.821982332530016,1.234540510016586e-46,3.0699919267529937e-45
PLD5,-1.696357003828626,1.4515893836689961e-46,3.595004292643094e-45
ANGPTL7,-1.7678478276639844,2.433901939884352e-46,5.946888189491927e-45
TRPM3,-2.0098343512047565,3.466723419800923e-46,8.369332415203742e-45
CST1,2.0640878688837123,4.0849959222648036e-46,9.796993514227433e-45
C10orf108,-1.0831319331868028,5.749584908497042e-46,1.366314544247672e-44
KRT37,2.264698833844215,6.629666259625446e-46,1.5632100378751554e-44
OXGR1,-1.2092911309022867,8.185575474306585e-46,1.9151931922725292e-44
FAM150B,-1.8582349763282417,9.395395009605754e-46,2.1898127446844243e-44
EMILIN3,-1.0526521412366103,9.460886457615497e-46,2.202257240255433e-44
PCDH11X,-1.3503978292361407,2.2641577689664843e-45,5.100799983724866e-44
RNF186,-1.7851009472408954,3.4389472699169335e-45,7.578590454515488e-44
CLDN19,-1.1519454409140015,4.588163935167649e-45,1.0062451579741774e-43
B3GALT1,-1.6959045652753086,4.731688659436775e-45,1.0352275080255723e-43
IL17B,-1.2377068208132649,5.402123817155714e-45,1.1776629921399456e-43
STAB2,-1.4715738834609544,1.1658769114563917e-44,2.47925904430382e-43
CST2,1.7388809764082382,2.0454370940606662e-44,4.264958925909084e-43
C8orf47,-1.369056454928962,2.71476993712969e-44,5.590153525517167e-43
MASP1,-1.1396908016957854,5.465096957364691e-44,1.1065757498877583e-42
KISS1R,1.7857390222860987,6.300451394501301e-44,1.2672609583879248e-42
CMTM5,-2.04492756261249,6.37118707004805e-44,1.280074152716166e-42
DPP6,-1.5885055221478996,1.6841166853741543e-43,3.282224413690121e-42
IBSP,2.2369519262939135,3.1120743004560182e-43,5.96934546798745e-42
ARMC3,1.2058118296408304,3.472172275357759e-43,6.625152193746048e-42
FAM57B,1.1797681761536616,4.775093509822916e-43,9.073176112662478e-42
COL4A3,-1.0622691289775203,5.127524459097804e-43,9.712417037352479e-42
LPPR1,-1.3367851248215603,8.406449831551078e-43,1.567854572579142e-41
GRM8,1.3223848222941927,1.0562626133787324e-42,1.9500150457741449e-41
PPAPDC1A,1.537352108701054,1.422174209043944e-42,2.601792676103207e-41
DNER,-1.3398017068901118,2.6192633078631043e-42,4.706658439588558e-41
KCNS1,-1.2596443527046153,3.0775048941177035e-42,5.497529105753146e-41
PROC,1.230379509308896,4.482024773256892e-42,7.88273400459857e-41
MESTIT1,-1.4303178813560788,6.071324100709321e-42,1.0591559527973697e-40
C1orf230,2.0007308329638813,6.907772330546807e-42,1.1998299592838124e-40
B3GAT1,-1.0213911608241106,9.577427831564345e-42,1.6455852764738585e-40
ACE2,-1.4920433891670895,1.207884613175577e-41,2.0567936027722194e-40
SCRG1,-1.2874149328841757,2.3635623915443813e-41,3.939919982901316e-40
WISP3,-1.1055214612368593,3.595681144205589e-41,5.934014856570656e-40
C5orf27,-1.32981440915351,3.7516958037766454e-41,6.180282236755319e-40
NTF4,-1.1041241126349788,3.8124381559488874e-41,6.27466652375566e-40
CHRNA6,1.7034481270178978,4.177912465908492e-41,6.851400055579486e-40
KCNQ4,-1.0051317651757146,5.515108627514973e-41,8.995656124252245e-40
EMX1,1.4972488744814458,6.659494665826416e-41,1.072767977009188e-39
HSD17B2,-1.127968634283195,7.781915105127775e-41,1.2458592845966658e-39
ICAM5,-1.0583706458561761,7.91661034727842e-41,1.2663098255844382e-39
BMP5,-1.3240306357676936,9.906978406543585e-41,1.573618917402381e-39
C1QL2,-2.124599663442628,1.089303216130068e-40,1.725725539009193e-39
CAPZA3,-2.314604547614672,1.120414500465555e-40,1.7719292052106427e-39
CNKSR2,-1.0560007820908222,1.231216751672339e-40,1.9421003926075902e-39
PRRG3,-1.4964325140463712,1.7016637866387511e-40,2.6406978608853528e-39
OCA2,-2.1205464209082048,2.123234648403738e-40,3.267053280210756e-39
LOC121838,-1.4633030740623236,2.267013500180992e-40,3.467768633932319e-39
SLC7A14,-2.0086238882650314,2.59396144927345e-40,3.954596336777605e-39
RASGEF1C,-2.115318167483968,2.5991512851485012e-40,3.9591925392098885e-39
ABCC13,2.3389847548143243,2.6036617323077427e-40,3.962747032876074e-39
NPAS4,-1.5878343877723886,3.1303965133632837e-40,4.732774728633875e-39
TNMD,-1.2743696995665208,6.274294106344365e-40,9.25534648442354e-39
TUBA3C,2.2632924109318826,6.606542360596866e-40,9.721818156018169e-39
NPY2R,-1.855469821557516,7.395880671555318e-40,1.0839550391652289e-38
EDAR,-1.4442133695604529,8.31704711593758e-40,1.2160257723004962e-38
ACADL,-1.2792493664621714,9.949670728485098e-40,1.4454417898692278e-38
HTR2A,-1.1885405506288236,2.028696756951765e-39,2.876041048815653e-38
HCN2,1.2135678480082452,2.551972763237789e-39,3.60664287338645e-38
DLGAP2,-1.0219956148491385,6.475604341242417e-39,8.882850476536227e-38
C2orf71,-1.7849531785879689,7.17418137188503e-39,9.774822119193353e-38
SLC7A3,-1.3291671532338956,7.478154395528065e-39,1.0173755191464676e-37
SCT,1.9601464450898591,8.332552597389052e-39,1.129392814075003e-37
PLA2G10,1.2668937763834673,1.015887379364296e-38,1.364737857311312e-37
TMEM74,-1.1229602366652598,1.1596705341836101e-38,1.5521678480694304e-37
CCDC129,-1.48343040065852,1.1760047411849563e-38,1.5717191118788368e-37
HYMAI,-1.607671720333452,1.309252833188501e-38,1.7459581921267609e-37
MMP13,1.505086121741402,1.4897606785718588e-38,1.9823182479563995e-37
EPYC,1.8659814311864324,2.326278115219582e-38,3.059627206021825e-37
C6orf126,1.6021073452731827,2.6317541364022887e-38,3.4489431637819195e-37
GPR97,-1.097172156785783,2.6581381050104594e-38,3.4798241770151472e-37
MAP1LC3C,-1.0439863671403993,2.9439547084389625e-38,3.8359919511606604e-37
AMY1A,-1.3898304515607087,3.1954484441024876e-38,4.145883679828765e-37
DSC1,-1.1540879224798732,4.163677323041762e-38,5.367664186354759e-37
CLDN25,3.0600886803143945,4.257432092104062e-38,5.484645178525849e-37
CST5,2.7470246266312994,5.213886777960236e-38,6.660237264505977e-37
MRGPRX3,-1.3799300396624008,5.235653258058719e-38,6.683351771139052e-37
MYO1H,-1.2151968296267728,5.431649352043044e-38,6.9141477730936734e-37
LOC100127888,-1.63000417308454,5.567950442693345e-38,7.082697547753107e-37
CPA1,-2.030101723956369,5.945087341846477e-38,7.541353650427277e-37
GPR17,-1.004724907219612,1.3088890442329184e-37,1.628551419834027e-36
LOC572558,-1.9926054066743093,1.49377805676241e-37,1.8459770514084284e-36
HEPACAM,-1.4530223096038575,1.87496030587242e-37,2.3029623783937694e-36
ABCB5,-1.240566230416422,3.326430405703313e-37,4.0286768246851236e-36
ATP13A5,-1.2943750039406647,4.0197800624046185e-37,4.8426245185937305e-36
GLRA4,-2.5877594211050874,5.563962348264142e-37,6.637012229715084e-36
AQP7P1,-1.4219716625603969,6.159343580776175e-37,7.323222155510693e-36
TUBA3E,1.3321920920071704,6.349519133353257e-37,7.534569542661625e-36
LY6D,-1.3716888049227816,1.5033762262362717e-36,1.7342178356260362e-35
IL22RA2,-1.645517133627091,1.6709371298681263e-36,1.9226339175088183e-35
ALX4,-1.2257474158575565,1.9625662614066284e-36,2.2524964474391462e-35
ADCYAP1R1,-1.2236785682830404,2.0030993398725106e-36,2.297568826950177e-35
NCRNA00162,-1.6113207369618083,2.2056730431858732e-36,2.5219765329844505e-35
NEUROG2,-1.9211234420109153,2.2868171087292686e-36,2.6114762754202557e-35
LOC100124692,-1.6558973726395432,2.808043599882821e-36,3.1827408249481317e-35
DQX1,1.4332548394530085,3.5968911336962254e-36,4.038851940667007e-35
FLJ42875,-1.1167038563323142,4.297217481635036e-36,4.7959687196935963e-35
CDH4,-1.493398944398651,4.702571845764595e-36,5.225941105522157e-35
TNNT1,1.2006071275273245,1.124617092699308e-35,1.2243663240673147e-34
SLCO1A2,-2.0348370707220504,1.507570492235374e-35,1.627657513058156e-34
OVCH2,-2.081438596717812,1.5187275750059574e-35,1.6377605478574313e-34
HSD17B13,-1.4416635217151148,1.7644858560624848e-35,1.8882384502002003e-34
KBTBD12,-1.4508635326481187,1.8364098788836415e-35,1.961747008528106e-34
DLK1,-1.9767002027264473,2.4038400388534503e-35,2.5469790586291824e-34
CXCL5,-1.4905704219029083,2.407945353704911e-35,2.5498446348743747e-34
TEPP,-2.0709418951925977,3.609283351654795e-35,3.7758497040328865e-34
CXCL6,-1.436668155923491,7.143209116209845e-35,7.325511861541848e-34
TMEM215,1.6826513252360993,1.130191709093317e-34,1.1397717274584849e-33
RDM1,1.2354030478128393,1.7874398514070722e-34,1.7828365816527636e-33
HTR1D,1.1211194843514214,2.1400576925304236e-34,2.115995120973998e-33
KCNMB2,-1.179963227524628,3.896876966282828e-34,3.803477287788006e-33
SLC6A15,-1.2547183595140514,3.987940888715242e-34,3.888188966110528e-33
SNTN,1.4594308990881624,8.159433502489563e-34,7.800744120053441e-33
LOC286002,-1.446892493962502,8.82922400119974e-34,8.41457405726905e-33
LEP,-1.1392806124502841,9.468686035881284e-34,9.005145867876019e-33
TUBA3D,1.050430471248689,1.2662853824076957e-33,1.1943105085993411e-32
HEPN1,-1.4218292707472813,1.4604041944284047e-33,1.3717098839618293e-32
KCTD4,-2.2113003136516935,1.6702705721547328e-33,1.5647933723588573e-32
ANGPT4,-1.3890261718267438,1.9144736824499373e-33,1.7880535885908777e-32
LOC100133545,-1.1534597303322287,2.08752868673921e-33,1.9446921537724587e-32
MYOC,-1.8451061088609422,2.1321431910142134e-33,1.984223032005712e-32
ALDH3A1,-1.191263564434779,2.2842918354303808e-33,2.1236447538477641e-32
GFRA3,-1.1582759325694094,2.3790968218414958e-33,2.2106533664104517e-32
ADRA1A,-1.5550693877869843,2.7122348431381193e-33,2.509954796626496e-32
ADH1A,-1.2699280620980522,3.670178265818754e-33,3.3639604719385086e-32
HIST1H3J,2.3020494798653655,3.831062726391674e-33,3.509654494640545e-32
FGFBP2,-1.160096560419254,4.3929564849086514e-33,4.014306571023704e-32
MARCH4,1.7418223345284278,6.886395450217255e-33,6.224084229409368e-32
CYP7A1,-1.2322478859404566,7.128440050136947e-33,6.43645804725411e-32
KLKP1,1.5671521871388545,8.200501082575522e-33,7.371541787956654e-32
TRPA1,1.2315642399637903,1.023915857835888e-32,9.14989708403862e-32
ADH4,-2.213431352944115,1.8562118710716625e-32,1.6244531100537245e-31
PKHD1L1,-1.369849458049663,2.3277079488329243e-32,2.016719076278235e-31
HIST1H3H,1.1629986595056212,2.574774721753322e-32,2.225480734096663e-31
BMP3,-1.4665839169641597,2.8554924565316025e-32,2.4591665632729515e-31
PPYR1,-1.5298928714685274,3.377269815450656e-32,2.891648280839525e-31
GPR139,2.5582539036605665,3.396235264913087e-32,2.9051536901885772e-31
TMEM195,-1.1281111787377354,3.4059149941695596e-32,2.9120653188759273e-31
PPEF1,1.0817454443304384,3.617212224079222e-32,3.088373082313043e-31
CCL16,-1.3956382134477823,3.8519278559392936e-32,3.2749482840571208e-31
NBPF22P,1.6230779197352891,5.431801918946195e-32,4.571201587174183e-31
APOB,-1.4951021763678911,5.685976825914338e-32,4.776273011634458e-31
CGB7,-1.339563197887266,8.11833070484134e-32,6.744772880886668e-31
C20orf203,-1.106745208258892,9.052547310739304e-32,7.490159940790344e-31
HIST2H3C,1.4083937836996994,1.0617738075894148e-31,8.71784782117732e-31
CDC20B,2.13592807312621,1.217594273137372e-31,9.95681426501329e-31
NBPF6,1.583692048743445,1.247191395219987e-31,1.0180549312640998e-30
UPF0639,1.1156128121665543,1.3606746693975043e-31,1.1072132770247104e-30
LRFN2,1.1097755225172856,1.9740468597580877e-31,1.5942136197061432e-30
LOC440173,-1.1116195105910247,2.011233230225992e-31,1.623524545002383e-30
TMEM213,-1.3778043357674903,2.1810845978666635e-31,1.752860173729222e-30
C14orf53,3.099689326012114,2.1952044240239814e-31,1.763429220234269e-30
DYDC1,2.4617911562493293,2.7494381490258893e-31,2.198946512597463e-30
SNX32,-1.0764375774323738,3.6351530259550183e-31,2.8920756351162235e-30
PZP,-1.3445144171890122,4.009120601055509e-31,3.1784852918559856e-30
C4orf7,-1.0463499254559523,5.386784958349882e-31,4.2448331860105156e-30
GLYAT,-1.5806227386287863,5.553712857561371e-31,4.372588025354223e-30
MS4A8B,1.6402656348952291,6.060730423993509e-31,4.755322237411804e-30
CDH19,-1.7207291050741949,7.228376912813606e-31,5.642287519037139e-30
C9orf170,-1.052517902245117,8.615179980586154e-31,6.69321900070891e-30
HFM1,-1.3613015471200236,1.7473786929609894e-30,1.3242104224799703e-29
PAPPA2,-1.269882068622326,1.7911514118087023e-30,1.355689361711177e-29
SHISA3,-1.0495148725739343,2.2851365037427728e-30,1.7202787335661576e-29
LOC283392,-1.4856004755574819,2.5365732586521237e-30,1.904051258855448e-29
CLEC4G,-1.8161366139214516,2.8158599593931744e-30,2.1041501987206055e-29
IGFL2,1.3283659517678745,2.8245996459988446e-30,2.1098148279079594e-29
FGF17,-1.6182781341529524,3.552154820495013e-30,2.6370258644971743e-29
ITPKA,1.207951546882878,3.5665874826471335e-30,2.646660902838392e-29
CIDEA,-1.0454566090397654,5.504557972708062e-30,4.0321717817788676e-29
LGALS9B,2.2038038226711603,5.6249397898279924e-30,4.115385007807031e-29
EPHA8,1.7142489873842726,8.18298320596444e-30,5.936821175694328e-29
GLB1L3,-1.7272472638559087,9.583778125791288e-30,6.922758461261064e-29
DCT,-1.9244325770728274,1.0560376044426135e-29,7.613090104423324e-29
CASP12,-1.1325042738957305,1.2098172888883811e-29,8.6804509695054e-29
WBSCR28,2.1565811996678055,1.2998867086618303e-29,9.312018007780911e-29
CEACAM5,1.0123856828951554,1.4491756526313946e-29,1.0352960912421223e-28
CLDND2,-1.4196136809098172,1.532018397782724e-29,1.0919080225073974e-28
SLC7A13,1.1505963719329744,1.5991737092343105e-29,1.1387648411857562e-28
GPR144,-2.583927847606774,1.6078471692127068e-29,1.14371402974517e-28
CCL11,1.3658515349751215,1.7182896935542182e-29,1.21941626868489e-28
LOC93432,-2.9711326107911313,2.1855369306554088e-29,1.5378171143687827e-28
C2orf82,-1.5103104165356314,2.2290747604999432e-29,1.5666350527173925e-28
BPI,-1.3436167702068404,2.3738621711630366e-29,1.665821630750993e-28
KRT9,-1.8881608598179827,2.479687125357965e-29,1.7387420933317039e-28
CHST4,-1.189247614013707,2.4998704740087492e-29,1.7515451207998946e-28
KIAA0408,-1.4000412618639029,2.959537416714666e-29,2.0632883797953684e-28
LOC201651,-1.5044873999835566,3.064020114467415e-29,2.1344951451837106e-28
ART4,-1.1770394306918552,4.8709921574079007e-29,3.3484392085081573e-28
GRIN2B,-1.8917715451053563,4.8960363923150866e-29,3.364384690423236e-28
GAL3ST2,1.7396417022226967,5.515267212582121e-29,3.778487356817175e-28
HIST1H2AM,1.244394087969794,5.694126654115797e-29,3.8951592440762817e-28
STK32A,-1.266728938812772,5.799151777519242e-29,3.9625360287606146e-28
TEX19,1.8990884188995292,7.862056672185036e-29,5.320186528021718e-28
CLEC4GP1,-2.13564061216232,8.942276548194458e-29,6.0198321008425935e-28
SLC13A5,-1.024255444384851,1.1446986817804444e-28,7.660643420753467e-28
HIST1H1T,2.4827285143250695,1.2474609070658928e-28,8.32692735288612e-28
SNTG2,-1.3714548381228449,1.2702890890362468e-28,8.469989848984177e-28
OR52N4,-1.1320022065490447,1.4025760257492226e-28,9.317916568143467e-28
LRTM2,1.7650286133758804,1.8887242597687732e-28,1.2438656910481542e-27
GPC5,-1.2284966230148737,2.388451394616587e-28,1.5622343060081111e-27
SPINK5,-1.0478179408327088,2.3942161150599284e-28,1.5654423829897943e-27
SPINK4,2.643363421800548,2.802778444189604e-28,1.8215440739447343e-27
MARCH10,1.1900799042315837,2.882933404030191e-28,1.870874750572605e-27
HAPLN1,1.2365824899963385,5.034086721171175e-28,3.2074021906012914e-27
ABCA13,-1.3895822770832864,5.097724215909868e-28,3.245675897244048e-27
DUSP13,1.6103757899311995,5.9265492627629015e-28,3.760229216802827e-27
PROL1,-1.3788236380463583,6.119618310636982e-28,3.880021320394461e-27
KLHL33,-1.414399826194157,6.230749830839932e-28,3.944985710287974e-27
PENK,-1.1192739981248683,7.232545288017656e-28,4.564979954153446e-27
AMPD1,-1.129342533948573,7.970050818153745e-28,5.013090360844942e-27
SPC24,1.0436919109591503,8.510908017809764e-28,5.3293449827379135e-27
DKFZP434L187,-1.9251991841073424,9.146529616055687e-28,5.71359912838235e-27
LOC90586,-1.2216057423446705,1.0361040794953447e-27,6.441326010605793e-27
SLC7A10,-1.3322405144177758,1.1694233644169466e-27,7.247876575581095e-27
C14orf180,-1.2886628465753014,1.962213870635976e-27,1.1965889141436072e-26
HIST1H2AD,1.5660179894689485,2.3355472925950345e-27,1.4161881201568092e-26
MS4A15,1.7902805725080215,3.363760946827615e-27,2.0208099179902003e-26
HIST3H2BB,1.054926164276058,3.6191903063158906e-27,2.168535916585522e-26
SYNGR4,1.4187077594351376,6.255317532669858e-27,3.7005377005911414e-26
CYP2B6,1.6925446252141427,6.50424131921324e-27,3.842801192263506e-26
AIM1L,1.0231759977034771,6.521079259445041e-27,3.8514992134872836e-26
RGR,-2.4054004714706245,6.59893088258249e-27,3.894952621778504e-26
CYP8B1,-1.0281959663877918,1.4652002983785815e-26,8.469685942008676e-26
IGFL3,2.2719426846895807,1.4691547715485036e-26,8.489848986189655e-26
HIST1H3D,1.0067828521194517,1.6625722443557556e-26,9.580184414057556e-26
SBK2,3.187143514556722,2.3659773094689305e-26,1.3505137963080258e-25
C20orf201,1.8816184605534465,3.1327162748943414e-26,1.7770281817357959e-25
OR10A3,-3.034240892212223,3.4690759740044687e-26,1.962324112952248e-25
C15orf50,1.691397588833394,3.5524381179857305e-26,2.0069842042735647e-25
PYDC1,1.398114120042421,3.7105401658170926e-26,2.093057410547522e-25
PCK1,-1.0027054994862543,5.257554038922185e-26,2.9329836399172705e-25
MYOZ2,-1.1469227698654676,5.725545445997979e-26,3.1891708614902453e-25
MRAP,-1.4540245836302372,6.257412943435939e-26,3.47585254224487e-25
FAM180B,-1.3062774894177347,9.899635283148768e-26,5.421271391671391e-25
AQPEP,-1.0906897443712875,1.0997762042297542e-25,6.000967099998266e-25
IFNE,-1.3986248140623674,1.1041564384266688e-25,6.019454821407802e-25
RNASE13,-1.6096195791091574,1.8316452181784604e-25,9.852670776153225e-25
MMP10,1.0032892022386941,2.131259583780877e-25,1.1407032697313526e-24
CAMP,1.528709536887152,2.315293028024756e-25,1.2348455607715977e-24
C13orf36,-2.10660122012281,2.575928237582663e-25,1.3654520008362615e-24
TMC2,-1.2729758222704024,2.7685816506787317e-25,1.466293040072882e-24
PYY,1.5411974486918576,3.121457197091977e-25,1.6459989964850885e-24
CA6,-3.0463350805998948,3.669972228515533e-25,1.9285365033391528e-24
OR7A5,-1.5138718706570702,4.387967427662491e-25,2.2925996293266456e-24
GRIK1,-1.2400445422661006,4.940780779311371e-25,2.5740421444134195e-24
PNLIPRP2,1.9359983914694348,5.576095834164827e-25,2.8942592663046006e-24
INSM1,1.3212391424737282,9.170434402404015e-25,4.69694477847384e-24
RPE65,-2.5218162453063613,1.0607076209534407e-24,5.40539216803345e-24
VIP,-1.1818770821969644,1.2227212869776221e-24,6.211888246400685e-24
MATN4,-1.6107230782258317,1.3187764793523802e-24,6.683098066161296e-24
KCNA2,-1.4114358537309104,1.7013513792632578e-24,8.583619500202074e-24
NCRNA00052,2.585793270539574,1.7637767907054416e-24,8.891173891224357e-24
FAM181A,-2.0954733142926165,1.919924295451429e-24,9.65424915748684e-24
CNTN6,-1.0985529489509145,1.943048306629303e-24,9.76513206117427e-24
C6orf15,-1.1332118078486701,2.3024202775621955e-24,1.1498204749647365e-23
KRT83,-1.4979389865348167,2.4373902486305177e-24,1.2135616711110863e-23
UNC13C,-1.0901977377866925,2.7650152869972204e-24,1.3729288944138136e-23
OR2L13,-1.2490800819001056,2.8369114316841734e-24,1.4070926101075478e-23
CGA,2.2176370680651805,2.8576486936357632e-24,1.416220505588124e-23
RTBDN,2.0833120438134474,3.221531087846094e-24,1.591357676853798e-23
OR7C1,-1.558795429357931,4.156744023850389e-24,2.0433489458857314e-23
LEMD1,-1.5301477711143372,4.668681419422005e-24,2.2879890573653008e-23
PLCZ1,-2.7345387037178615,5.524035452797772e-24,2.693712364019521e-23
MAP3K15,-1.3641610782697677,5.953776172878257e-24,2.8985447358893533e-23
MSLNL,2.786308317288146,6.158531365733353e-24,2.993424471306922e-23
LCN6,-1.3301346216530774,6.57681080670638e-24,3.193323209241831e-23
LOC285796,-1.7164880395459257,6.615050065267538e-24,3.2084667289652276e-23
DPYS,-1.3836798965074677,7.020027845817849e-24,3.398552310569742e-23
TNNI3,1.6608800089504459,7.586473972156766e-24,3.665956615746472e-23
RHCG,-1.10314583194469,8.957781970319136e-24,4.310296198935216e-23
UTS2D,-1.0237013975596576,9.384944843361236e-24,4.509877269897164e-23
SLC39A12,-2.3735120452877028,1.0913022218319809e-23,5.222127850685475e-23
MAGEB4,-2.501439019962941,1.1197587241947829e-23,5.35548293655219e-23
MMP1,1.1045334363812933,1.340047368623833e-23,6.373891364269566e-23
CCL23,-1.1352228060946614,1.4026938253279134e-23,6.664900992546074e-23
PRR18,-1.314397197267793,1.579183716206967e-23,7.487856521520037e-23
AQP7P3,-2.008825279182987,1.7997217267445262e-23,8.502552450539997e-23
DMP1,1.5181826376064085,2.6088016615730887e-23,1.2245491656940417e-22
GPR182,-1.2249260639361892,3.509769655640777e-23,1.6348090338185535e-22
ELANE,-1.4383550217572556,3.596929913986139e-23,1.6741220972715339e-22
C6orf142,-1.0882990869918852,4.432929435634445e-23,2.048555839473313e-22
UGT2B7,-2.030137345009107,4.952686585436236e-23,2.28526625892765e-22
CLDN10,-1.1950939388261919,6.041135518051268e-23,2.774136978685349e-22
FRMPD4,-1.5397760412615433,6.508922118389024e-23,2.979178006563626e-22
TKTL1,-1.3975347264186504,8.167516200273496e-23,3.725214166714569e-22
FMO6P,-2.07647091534261,8.865981641118467e-23,4.0397362656640664e-22
KLF14,-1.1382229168866482,9.285058008485188e-23,4.2232861301463237e-22
C12orf39,-2.212661213241571,1.0813795043939598e-22,4.8941698454707235e-22
LOC100240726,-1.2644013148871647,1.2910202410928824e-22,5.8169409526271625e-22
ADAMTS20,2.328170207184274,2.096445105210115e-22,9.346458547670762e-22
PTCHD3,-1.1487182432033685,2.448913208294494e-22,1.0867276238562817e-21
WFIKKN2,-1.0482040460670654,2.5281073657693255e-22,1.1205049520111769e-21
C1QL4,-1.0653751517824712,2.631133802011951e-22,1.165316997518821e-21
RHOXF1,-1.360523445482871,2.7451514140731724e-22,1.2140425459274528e-21
HIST1H4D,1.5822908876422812,2.894213635742883e-22,1.2784122982632298e-21
RXRG,-1.02917628837125,3.234426699788579e-22,1.4231633844875878e-21
CLEC2L,-1.0099693583917797,3.2646752809754936e-22,1.4361257646108485e-21
HIST1H2BO,1.536606638834065,3.9892304000090235e-22,1.7489393297534745e-21
KCTD8,-1.5953076193305313,4.0171548421972745e-22,1.7599102188331405e-21
TYRP1,1.2682790876334389,4.773707047835959e-22,2.0833322798311665e-21
GABRA4,-2.3784070048443393,5.199397360210993e-22,2.263142758199921e-21
OR2B6,1.7010121341618964,6.874031255354038e-22,2.9686356095186133e-21
ZAN,1.5106062264818225,7.1264448428597395e-22,3.073268786414969e-21
CFTR,-1.0890852709753283,7.939954671670665e-22,3.41680838979719e-21
MMP27,-1.2187648020150244,8.14823385402474e-22,3.501470747044673e-21
FTMT,-4.363402884752966,1.2020604006355046e-21,5.114797913223022e-21
CXorf30,1.828507442932988,1.4875033030193788e-21,6.295517931844164e-21
LOC440356,1.3115049451859209,1.6947940607338015e-21,7.137976929092408e-21
IL19,2.1245728030995816,1.963071209860361e-21,8.258327994704911e-21
LHFPL5,1.4332621991082142,2.2813275179931952e-21,9.54863297540357e-21
LOC285205,-2.2963379615606954,2.6804607036501513e-21,1.1183228555705639e-20
CLRN1OS,1.7325074354313048,4.165300296825077e-21,1.7181273805372052e-20
GJB7,-1.5161733944322702,4.207957785035709e-21,1.734936705798528e-20
FRMD1,-1.2690142803214737,4.663952244700302e-21,1.91643166388893e-20
FAM55D,-1.3939627272540533,4.885579063517163e-21,2.0065928631137843e-20
LOC647309,-2.8188838621232546,5.094986295354311e-21,2.0907131545161073e-20
GYS2,-2.103133294209814,5.407445110469469e-21,2.21393889666837e-20
SERPINA9,1.3615880068983863,5.7686094587727065e-21,2.3602157333791767e-20
SLC22A11,-1.0593835705137078,5.776246532749906e-21,2.3628093401268885e-20
SYCE1,-1.0877391563042154,5.8031309169382634e-21,2.373273243788524e-20
C11orf90,-1.489974050938265,6.597083982321897e-21,2.6901146892967182e-20
HPD,-1.8728661805440014,6.651804326275989e-21,2.7093934694831468e-20
NR2E1,-2.0646874834353413,9.45930663091642e-21,3.818757121369962e-20
IGFBP1,-1.8041487611479208,1.0715788661749983e-20,4.3145211459817506e-20
LOC55908,-1.660206654066147,1.2023999438502678e-20,4.8305641531464193e-20
TRIM50,-1.2730912197544486,1.4362886430440474e-20,5.746101575677098e-20
PGA3,-1.8275944505751398,1.8142765641673208e-20,7.217062127958422e-20
ITIH2,-1.3456836563628378,1.9058145011730852e-20,7.572918874667903e-20
HIST1H2BF,1.2911426019838352,2.021956707364246e-20,8.015173768325648e-20
KRT74,-2.4431771465374874,2.072301258713303e-20,8.207593518789872e-20
HHATL,-2.1588648751810844,2.638737682219852e-20,1.0369806137618299e-19
ART3,-1.1935544256648372,3.033283071234072e-20,1.1881827360807792e-19
KISS1,1.3074619302041446,3.706730112937951e-20,1.445140463606972e-19
HCRTR1,-1.539465104158197,3.793950022533871e-20,1.477878713036252e-19
TMEM190,1.8483580623700677,4.286565436655899e-20,1.6654930767011169e-19
HBA1,-1.0730201417827874,4.412551423842788e-20,1.7133462791853727e-19
LOC388387,-1.9277641440698436,4.488864591355078e-20,1.741863188156821e-19
TSKS,-1.2126516029230416,5.491299230773118e-20,2.1191036654179153e-19
ZSCAN4,-1.413499551901314,6.342223564726752e-20,2.439203370985021e-19
IRS4,-1.2928733587914638,7.398572186982262e-20,2.8346918442357e-19
TPPP2,-2.6110098555512002,7.506606014823849e-20,2.8748737489551547e-19
CDH20,-1.2142626443323705,7.564201051719134e-20,2.89632208128825e-19
ANTXRL,-2.1356669550705627,7.718291482201827e-20,2.9528385845002066e-19
LOC389332,2.5534831932640527,7.717144193414849e-20,2.9528385845002066e-19
HMP19,1.3452925910121594,8.197046455817381e-20,3.129421909296221e-19
TRHDE,-1.0395104497399736,8.804869104526892e-20,3.357248267903289e-19
CYP3A4,-1.6343639532748662,9.107195790294429e-20,3.46889066689118e-19
OPRD1,1.9398059050864491,9.997524675159383e-20,3.8024434112395786e-19
KIAA1239,-1.1805960545082417,1.1549499237894854e-19,4.373528908412733e-19
CELF3,2.105875018248273,1.989201565682861e-19,7.433676062435869e-19
POTEC,3.223052964339804,2.1132487254747353e-19,7.889144083227359e-19
ACSM2A,-2.1706830440818266,2.4342477147451056e-19,9.061474673109438e-19
FETUB,-2.428411115323565,3.7561021144690925e-19,1.3843354280154057e-18
C3orf50,-2.1639650298507838,3.968126892073618e-19,1.46070402055442e-18
LDLRAD1,1.1829868974819637,4.009380882482419e-19,1.4752933131964317e-18
ASB4,-1.2022968154616351,4.340795381407688e-19,1.5936970215361866e-18
FLJ37543,-1.0446369885476094,4.7776639701794855e-19,1.749151593909436e-18
APOBEC4,2.013505044869281,6.077590940818092e-19,2.209955810941105e-18
DIO3OS,-1.0823558648399167,6.135633186773352e-19,2.2297251127737137e-18
TRDN,-1.4550071892515124,6.256198358067328e-19,2.2721783462070947e-18
EPB42,-1.788750677055201,6.694510561161543e-19,2.4270100725915868e-18
OLAH,-2.194658343883763,7.431167022164372e-19,2.688186273935971e-18
LHCGR,-2.165610938263664,7.907297606152792e-19,2.85758464015881e-18
CHRNA9,1.821196674116306,8.073500572541613e-19,2.9118670680002967e-18
SLC30A8,1.0105162855005398,8.591755624728767e-19,3.095106424637596e-18
GABRG3,-2.038492639550135,9.980009393168235e-19,3.585279474715638e-18
C19orf69,-1.6051561816124615,1.008486657581874e-18,3.621519555723585e-18
MYLK2,1.0330021536564398,1.0584071379197596e-18,3.79554474616891e-18
KCNA4,-2.0726613743262314,1.0990783135622105e-18,3.9375167372117535e-18
CAV3,-1.8925587677539437,1.2521454848215628e-18,4.4753199018666616e-18
LRRTM4,-1.792919484926534,1.2770094684161895e-18,4.5588161117042355e-18
PROKR1,-1.890776298880247,1.4116458339688947e-18,5.0256579534003114e-18
FEZF2,-3.3045033862948885,1.4192606777010698e-18,5.051779842822169e-18
CRHR2,-1.25291608119398,1.7993456639180618e-18,6.374754597177983e-18
CES4,-1.0137520726178804,1.978647963726652e-18,6.996373132035012e-18
TRIM72,1.644859804637115,2.6749746630881176e-18,9.383804932008673e-18
LOC100132354,1.6732443962411536,2.836725942036228e-18,9.93782184813038e-18
RXFP3,1.567717899267834,2.885679906611879e-18,1.0099602257268992e-17
A2ML1,-1.020900209540268,3.4813521469466145e-18,1.2123790535846418e-17
AADAC,-1.6395816339109393,3.648113062131808e-18,1.2685119784142366e-17
FCER2,-1.030472029376996,3.842392820930135e-18,1.334791536629604e-17
LOC415056,-2.172934988788576,3.892541707608175e-18,1.3511810965597178e-17
KDM4DL,-1.5691259228949672,4.00618769741667e-18,1.3903648170843787e-17
MYH1,-1.5219164381477235,4.040536970959511e-18,1.4017513718768052e-17
IMP5,1.615884754152828,4.466319817357524e-18,1.5456353542843918e-17
OTOR,1.3482334000016305,6.802297261291465e-18,2.3266106171982065e-17
C20orf85,2.451596969721286,6.81019546854805e-18,2.328874471425515e-17
SERPINB13,-2.0494796412495324,6.988082429405894e-18,2.3883602039518493e-17
OR5K2,-1.143044566564804,7.050268078731471e-18,2.408257268477181e-17
TNNT2,-1.0507548849507065,7.432937723711587e-18,2.5346902469974153e-17
CDHR4,1.5009328808576614,8.060673967615812e-18,2.7431005465042182e-17
MMP20,-1.8896350817924232,8.350150635881618e-18,2.838957639614365e-17
TMPRSS12,-1.8248175179695558,9.89876507354231e-18,3.351696812382639e-17
ASCL1,1.5878512741790378,1.1591464067082797e-17,3.9117430554895844e-17
ZBTB8B,-1.3241164058447858,1.1777882071896985e-17,3.970236802865571e-17
TCF21,-1.2593267788833513,1.289670124847154e-17,4.334539380094672e-17
RNF222,-1.285943711535369,1.3251724689811877e-17,4.4505746222997343e-17
C6orf195,-1.1518199611317357,1.3539621518440387e-17,4.5447488567245136e-17
C11orf87,-1.3745605256029827,1.4391638604999094e-17,4.822735595117793e-17
CPA2,-1.9709037490864643,1.7251325883095944e-17,5.761942844954046e-17
TULP2,-1.2528971467102363,2.2381674049278377e-17,7.423717432926645e-17
KIF25,-1.0508700278352074,2.837115822575733e-17,9.347333813275304e-17
ASB12,-1.0015513609011926,3.044703804179008e-17,1.0013142429533962e-16
CLDN16,-1.4600858613219478,3.3011958616895054e-17,1.0837090761106233e-16
CSF3,-1.8639523607574353,4.3929355192893783e-17,1.4343426952040278e-16
TMEM82,2.5098336735464075,4.555060332404001e-17,1.485679326836589e-16
DKK4,-1.4475206900209638,4.899310098007253e-17,1.595101801359793e-16
LOC400696,1.183758893286276,5.2966947965509195e-17,1.7201736910190256e-16
LOC400804,-1.2683674273777046,5.3588796152399017e-17,1.7388179257791789e-16
SGCZ,-2.570889758954959,5.5421647765134463e-17,1.7960481649790683e-16
LGALS7B,-1.2214889085591158,6.477500340415493e-17,2.092828162878651e-16
NR0B1,-1.6514867640579811,6.779383115722261e-17,2.1853216018326957e-16
DDX25,-1.011336950058064,7.910726511380406e-17,2.5423544259649987e-16
HPYR1,1.841233499222809,1.0920515176878166e-16,3.48808804640662e-16
EIF4E1B,2.14595928949244,1.1058164151525423e-16,3.5299187718209823e-16
MYOG,1.8996632825278852,1.174966928317012e-16,3.7411094973158244e-16
CXorf22,1.2529879843424858,1.193686071000354e-16,3.7980541077468e-16
C12orf70,1.0077182464213799,1.3548935942311596e-16,4.2959637860633687e-16
GLP2R,-2.0665154391489327,1.403974561550121e-16,4.450034641110369e-16
YSK4,1.3226052210644383,1.4403071371176043e-16,4.564399515486029e-16
ANGPTL5,-1.3802430523443396,1.5870115188913058e-16,5.0153421316629235e-16
CNGB1,-1.7661487006067942,1.808159046557486e-16,5.692479959267712e-16
R3HDML,2.028539568999599,1.8992418086437143e-16,5.968905152407032e-16
MRGPRX2,-1.7683435382303947,2.0784739002745388e-16,6.516441682173171e-16
RPL23AP32,-1.1650642402830929,2.4553990239533316e-16,7.670435632919598e-16
PGK2,3.276059844492019,3.0316766335392707e-16,9.410915716288427e-16
SV2C,-1.2429559370789691,3.178922542608352e-16,9.85790920666096e-16
ATOH7,-1.1442254841930914,4.0927755809788805e-16,1.262297422916953e-15
SPOCK3,-1.0796469406640028,5.07869653834774e-16,1.5568796410835957e-15
HOXB13,1.6422294863938562,5.809632861874883e-16,1.7752685409553214e-15
CDH7,1.2989287232671916,6.414167246816912e-16,1.9547478050193914e-15
SH3GL3,-1.5611820592357333,6.776435146198652e-16,2.0620436136117366e-15
AFP,-1.0335972387452528,7.816672408825853e-16,2.3726344481883774e-15
CSN3,-3.0099738813839267,8.068011965519149e-16,2.44606965037217e-15
GOLGA9P,-1.2488473777479185,8.075967526222969e-16,2.4476662817155627e-15
SEL1L2,-1.9622074913966294,1.0578270000496292e-15,3.1848536026965595e-15
NOS1,-1.5099874352844629,1.1147473247170406e-15,3.3545620022853843e-15
PMP2,-1.6275945153705607,1.4521400292370892e-15,4.339731563323385e-15
OOEP,-1.6691659623233992,1.6320836127810824e-15,4.865512283566008e-15
C1orf180,1.4367061135610586,1.8022315008253475e-15,5.35608489951409e-15
C6orf103,1.3679171909603811,2.023629706819138e-15,5.9954641199916616e-15
HIST1H2AJ,1.553123256586877,2.1256296524285034e-15,6.2915181403505766e-15
ODAM,-1.704952874722088,2.171331331957053e-15,6.422610373027988e-15
GALR1,-1.6007067257396868,2.18601019095672e-15,6.463673103685338e-15
C1orf194,1.0873533336568686,2.3578152167704313e-15,6.961769730879506e-15
LRRC7,-1.523169955922044,2.3833327439869337e-15,7.0336909758096876e-15
POTEH,1.5483366835739454,2.58711991642608e-15,7.620282174547563e-15
NXNL1,-1.6026672833727376,2.678412786013392e-15,7.881530543776556e-15
KLHL1,3.5341602850864513,3.0708873512771206e-15,9.005858297937397e-15
C17orf93,2.595781011628495,3.4087108528761576e-15,9.962871492438134e-15
HIST1H4K,2.0308585677345548,3.547790359213658e-15,1.0351086377426866e-14
SLC15A1,-1.147115385825433,3.593684478668912e-15,1.0479948504519419e-14
TRPM5,1.6559275710643064,3.692085951001565e-15,1.0758290469998638e-14
SLC22A12,-2.4663757850675467,4.508102444271756e-15,1.3079532800937006e-14
CLEC4M,-1.8649700545091576,5.195271582060238e-15,1.5008653960997066e-14
GGT8P,-1.483194309548432,5.8116596937129e-15,1.673621917491788e-14
MUC2,1.7348621961396766,7.024666538558557e-15,2.014018034357874e-14
VSTM2A,1.405286403509351,7.051576265208354e-15,2.0214148465446877e-14
GPR142,-1.2589728314311985,7.397104190479307e-15,2.117463242322611e-14
RFX6,-1.1944422660794487,7.955779460881312e-15,2.2741685541209566e-14
SELV,-2.12536596256717,9.849783811446383e-15,2.8023697205338932e-14
FAM55B,-1.124368109244744,1.1192147658177014e-14,3.1740370897190474e-14
CCDC60,2.606469699119465,1.1884135142230966e-14,3.3664318704330885e-14
C17orf64,-1.216402788821499,1.218833235864529e-14,3.448845234329554e-14
SLC36A2,-2.1330985415288684,1.2367774469006218e-14,3.4974459943967715e-14
SCG3,-1.0089652948072072,1.3591893987986655e-14,3.835269667699908e-14
ENTHD1,1.036587615290607,1.4182253890198669e-14,3.996896850337302e-14
FLG2,-1.3681511183900117,1.514113115791417e-14,4.258560112291589e-14
NLGN4Y,-1.078934852070267,1.6982993060037415e-14,4.765552993245893e-14
ASPG,-1.1947592674688183,1.7900387965418854e-14,5.019112170895246e-14
SLC22A24,2.9079843351848993,1.9016307940616532e-14,5.323805805029879e-14
ATP4A,-1.9557399117392937,1.9110748485370664e-14,5.349422646151041e-14
CXorf41,2.1218374621081284,2.0054673739169154e-14,5.6033035468011685e-14
C2orf14,1.39346806284136,2.633506924018118e-14,7.313154315469382e-14
PF4V1,-2.278634113633838,2.7965083598683235e-14,7.755155648184506e-14
MAGEA1,2.149845384554916,2.8544497430433946e-14,7.912219989739442e-14
LOC221122,2.094295467209733,2.887755342938854e-14,8.002102375934839e-14
CXorf49B,-2.1716303769594933,2.988608581155871e-14,8.27653156896095e-14
C3orf49,-1.1367307056805278,3.705081695332946e-14,1.020790102923348e-13
CDCP2,-1.2654703393981648,3.713011460742432e-14,1.0226652688741789e-13
TCL1B,1.6390507852809335,3.75319648574569e-14,1.0329518540978046e-13
FAM153A,-1.0637606392879682,3.8079729762899756e-14,1.0478689657960156e-13
CSN1S1,-2.6382609036544884,4.4301709012229634e-14,1.214676922954686e-13
FLJ40504,1.6486921462015864,4.5219815761325694e-14,1.239289831832899e-13
GPR15,-1.0353302618046079,4.6793352618356526e-14,1.2812566150901683e-13
HIST2H3D,1.056152620618828,4.909121862090874e-14,1.342962808170126e-13
SPATA22,-1.1639105679766384,5.665599910679161e-14,1.5434138756972879e-13
TREH,-1.1752108480432422,6.294911350435888e-14,1.7102428554027533e-13
SEPT12,1.17418819637258,7.161703294973232e-14,1.9408141294982543e-13
SAG,1.7092705575699574,9.396142484187284e-14,2.5279039556556476e-13
OVCH1,-1.5328651609383388,9.765408637218849e-14,2.6256976871978537e-13
GPR112,-1.7925979324733015,9.939357844698787e-14,2.6697082904980377e-13
TRPM1,-1.8720414002375985,9.938032333787555e-14,2.6697082904980377e-13
PRMT8,1.1669175849660944,1.0152946090844872e-13,2.7238626041510563e-13
LIPJ,-1.2658174464830547,1.1257752632424632e-13,3.0118293822461134e-13
ZBBX,1.3898195371246342,1.404312464814449e-13,3.7372368124294463e-13
KLK3,-1.3654252723176512,1.4230166062398381e-13,3.7848000121834856e-13
KRT31,1.223526032251733,1.463941108872417e-13,3.888533489684023e-13
OPRK1,-1.274248923555394,1.5483147287931144e-13,4.104860618733041e-13
TUBA4B,1.6590869679166775,1.8466308117077308e-13,4.868803688516197e-13
LIPK,-1.5559071437839997,1.9397588623712557e-13,5.108424561884255e-13
LOC729467,-2.7026670263771972,2.310284544420067e-13,6.057051643681186e-13
FCRL4,1.532992710093068,2.377240236815194e-13,6.229005906254064e-13
CCDC83,1.1012833096008423,3.0452262034856106e-13,7.949555798372088e-13
LOC157381,-1.102167716132217,3.1354414960928804e-13,8.18154265386736e-13
GOLGA8C,-1.363975634454841,3.1433604302083114e-13,8.201030516136147e-13
?|728788,-1.4747942845693383,3.8632806793776395e-13,1.002041866724297e-12
C21orf129,-1.2475483516496462,4.129548923187558e-13,1.069277084619959e-12
HIST1H2BM,1.9357286070379098,4.621982601852072e-13,1.1930508976391558e-12
ACTL8,1.5557464359128854,4.844127658637853e-13,1.2498604644958872e-12
SMR3B,-1.5925539165404714,5.306518570306835e-13,1.3666462582809185e-12
TMC1,-1.0404184505700722,5.683682622021632e-13,1.461094121856514e-12
POM121L2,-1.3451242717298366,6.24069067343916e-13,1.600891943751593e-12
HPR,-1.4993563746553247,6.283648084465335e-13,1.6112303997960626e-12
WDR38,1.2762416955275868,6.616072311781457e-13,1.693368451790746e-12
SCEL,-1.4913142826054933,6.921236139714905e-13,1.7694840091464948e-12
LALBA,-4.090154107061296,6.999488119512093e-13,1.7889873945447715e-12
VGF,1.0801236592072319,8.238449249082086e-13,2.0947687062584328e-12
HMX2,2.256009414908093,8.370670239342892e-13,2.1280909269100374e-12
USH1C,-1.2298128054296105,8.453954719352653e-13,2.148664308243177e-12
FLJ34503,-1.1163350626834125,8.540396448947925e-13,2.1703313773586357e-12
CTXN3,-1.4954006257806673,9.028752833091154e-13,2.291875440256007e-12
NGB,1.6313494331187028,1.0472963538082762e-12,2.6488725202684526e-12
NPW,1.0074073832059123,1.1782671687643936e-12,2.971048243942133e-12
GBX2,1.453622398785638,1.2117316767572952e-12,3.052048112911726e-12
NPHS1,1.35314230986276,1.3140972922494625e-12,3.302113888848284e-12
POTED,1.6962714012285822,1.3437012138211338e-12,3.3732441311799886e-12
SALL3,1.5691236594187552,1.351876988795898e-12,3.3928328728873196e-12
FOXN4,1.2474580141499543,1.434143476937056e-12,3.5918703509473354e-12
ANKRD33,-1.4839052986943864,1.4509453965248644e-12,3.632452077147862e-12
RBM46,-1.6142981171326571,1.4856292096266742e-12,3.7136649962694795e-12
MC5R,1.5956541354166833,1.5139890634479035e-12,3.783517699333084e-12
CRYBA2,2.3949081888912476,1.6597771241918066e-12,4.139890790855502e-12
MOGAT1,-2.1414241646640213,1.7841612905305122e-12,4.4404003242448606e-12
HIST1H3B,1.7013113334036385,1.81235306115438e-12,4.506866498933495e-12
C12orf54,-1.0878602275284126,1.9352444518903265e-12,4.80066159140905e-12
OR52N2,-1.712910296585805,1.9695568821144045e-12,4.883782035843687e-12
AGXT,-1.3059163762524097,2.37779662362373e-12,5.871274001603738e-12
HSD3B2,-1.6342515854034527,2.5002211072425263e-12,6.166037774710162e-12
BTN1A1,-1.6637552019110733,2.594197091759044e-12,6.3926045297536045e-12
GABRG1,-1.1059334746086762,2.7629856516014e-12,6.796571326500038e-12
KRT79,-1.1183706491551246,3.332498755010362e-12,8.151232845666974e-12
MAS1L,-1.1109028511551955,3.605200357378113e-12,8.805241125097783e-12
ADCY8,-1.3384814339146076,3.796684399961182e-12,9.261732261122138e-12
AADACL2,-2.1585275912754307,4.056730124915149e-12,9.885496447634598e-12
CXorf59,1.483892704755207,4.478922169495149e-12,1.0888063601939129e-11
CCL24,-2.0730442471076787,4.5003390549801645e-12,1.0938666286260374e-11
FAM25A,1.6078508862122245,4.797129361663253e-12,1.164450537009684e-11
ARID3C,-1.1594974825674036,4.8849259089340695e-12,1.1852880074690331e-11
TM4SF4,-1.001987426003665,4.924515859726645e-12,1.1945757222095432e-11
SCTR,-1.460113530375714,5.228453975529451e-12,1.266616285820636e-11
OR7E37P,-1.9308118336514104,5.2378417749489556e-12,1.2685528715991997e-11
KCNH6,1.7724136963052604,5.676293025204531e-12,1.3725499726062444e-11
GOLGA8G,-1.646806170011746,5.775372721164811e-12,1.3955809059254355e-11
LRRTM1,-1.361137930722922,5.7812773082574006e-12,1.3968222835440597e-11
POU3F3,-1.7341168296710923,5.841767600227972e-12,1.4106884535281211e-11
ARHGAP36,-1.031802790279138,7.0238960727407675e-12,1.6876449341618293e-11
HTR4,-1.4836723594193537,7.0468168836646106e-12,1.6929287017730883e-11
TMEM211,-2.1981514589503988,9.106690370689898e-12,2.177447587254278e-11
FIGLA,-1.874947520666897,9.224586847262752e-12,2.204478854939266e-11
DSCR8,2.9875841640243377,9.330395075861443e-12,2.2283020410116223e-11
PTTG3P,1.034483458080166,1.1534151230060897e-11,2.73951141493735e-11
XKR4,-1.1861767517649364,1.230591553820282e-11,2.918626456572064e-11
SYT5,1.1309313852836165,1.2516836793067871e-11,2.9678778187340686e-11
C6orf191,1.4408854210892694,1.3269321240412048e-11,3.140981203370878e-11
CRISP2,-1.58517928522217,1.3388830806584764e-11,3.1688582391400655e-11
AQP2,-1.3175189226213049,1.44311066622211e-11,3.409779784169401e-11
PIRT,-1.4260084790387013,1.5821094930685142e-11,3.7251505759055966e-11
KRT39,-1.194124867101201,1.5920827304774594e-11,3.7481482078221926e-11
HOXB1,1.3959965873598787,1.7266086464472724e-11,4.053844600964749e-11
HTR1E,1.6725345918725811,2.0502260343585116e-11,4.7951001546226374e-11
LOC146336,2.6583413270384755,2.0994251261344873e-11,4.907015353239095e-11
GAL3ST3,-1.408688704248879,2.2385643545491456e-11,5.2248476658364016e-11
FBXO40,-1.537956480121716,2.8880205176563072e-11,6.696896494636657e-11
C6orf222,1.4992064207672677,3.593763478834598e-11,8.298525511255384e-11
SPANXB2,2.574590108149103,3.67260709894232e-11,8.470915740249246e-11
C1orf158,1.678008209864418,3.770554660772325e-11,8.692427367026168e-11
FLJ41941,-1.4671012528517984,3.923898709790468e-11,9.041358001812137e-11
NMU,1.3089017516483086,4.3875864505637625e-11,1.0081701105732413e-10
PRB3,1.102408134581981,4.8487428236337256e-11,1.1125887510223712e-10
HIST1H3F,1.5665398915972846,5.000815446438381e-11,1.1466159915797687e-10
FAM138F,-1.2536739510746486,6.132853741880127e-11,1.399828672895849e-10
FLJ43390,-1.409574806973307,6.300225282417766e-11,1.4369502670824532e-10
NTS,-1.0384036523987774,6.419250307711421e-11,1.4633639743427803e-10
SEC14L4,-1.1019980355621533,7.011538348104566e-11,1.5945906115760547e-10
FAM47C,-1.826050293656136,7.495631073752098e-11,1.7017083117424473e-10
CAMKV,-1.4375476320771974,7.844921165061355e-11,1.779009592221401e-10
ENAM,-1.0388487608749246,8.096909981767306e-11,1.8350106125262734e-10
CST9L,1.3582111374326553,9.288491014246219e-11,2.0977469222372696e-10
RLBP1,-2.3104742661042676,1.6846467694117015e-10,3.745648606766972e-10
PROK2,-1.3275803683095169,1.9060583351804062e-10,4.2250340812577854e-10
CDH10,-1.3788376065247518,1.9140921615690148e-10,4.2423255347669277e-10
CYP2C18,-1.5043390360066706,2.351882684023345e-10,5.179833091019594e-10
SERPIND1,-1.0618515214300976,2.4848924078201305e-10,5.466162718978832e-10
NLRP13,-1.3079667437783105,2.581944616926234e-10,5.674853641862864e-10
REG4,1.0893653053940828,2.5877215051670586e-10,5.686177517932879e-10
ZDHHC22,1.1916914022314276,3.0821942304622123e-10,6.741790624501761e-10
HIST1H2AL,1.1116819107472673,3.136186772505116e-10,6.856594741762025e-10
NKX1-2,-2.609944083956926,3.398805253919237e-10,7.411170584222792e-10
FOXE1,-1.0796659219967206,3.433159542945319e-10,7.482495589108434e-10
WIT1,1.1694885590674349,3.629249752943082e-10,7.902300628328101e-10
HIST1H3C,1.1887417358181283,3.650867256796412e-10,7.947469107326607e-10
GDA,-1.2198119507545426,3.78137191061631e-10,8.225658806040713e-10
WFDC12,-1.827649621310221,4.429338536662036e-10,9.59619726051643e-10
LOC91149,-1.3806351846515572,4.506082546965606e-10,9.757818296742199e-10
TEKT1,1.2746541998793468,4.5149923086586183e-10,9.773624092580905e-10
ARSF,-1.3132170156849376,4.605132209747698e-10,9.96637993271161e-10
AKAP14,1.8293359758665868,4.708852421090811e-10,1.0187216617674833e-09
UNC5D,-1.3118616235021943,4.98319210909113e-10,1.07653745504137e-09
GPR123,-1.5098338093439585,4.98437386629611e-10,1.076664975533263e-09
C20orf200,-1.288015528419346,5.271249097891801e-10,1.136474562701936e-09
HBG1,-1.6586864321233747,5.306642048947986e-10,1.1434280920572937e-09
FGF5,1.2234646519906192,5.324400417029509e-10,1.146982967943055e-09
PPBP,-1.8321372698802507,6.065315222450364e-10,1.3004350176002825e-09
STH,1.0266547744742398,7.68626623058671e-10,1.6389024738827445e-09
ZP2,-2.4098553249708172,8.299162800960208e-10,1.7675167949675754e-09
C8orf56,-1.0456389063296438,8.462406415112188e-10,1.8014405797484172e-09
ARG1,-1.073128784168968,1.0414881586316406e-09,2.20649545525742e-09
PNLIPRP3,-2.170088914734049,1.053094461635333e-09,2.2297869588400563e-09
TMPRSS7,1.0575495420281058,1.0967686870566352e-09,2.320911463670301e-09
SLED1,-1.2516705714744079,1.1698254115621987e-09,2.4717738788934072e-09
CA10,-1.3630190420687789,1.207710807461277e-09,2.5506392653692573e-09
PSORS1C3,-1.5813674309655534,1.3733462934679804e-09,2.8907287904715134e-09
C3orf74,-1.1664902203117342,1.4364873569935642e-09,3.0187461740191468e-09
CYP3A7,-1.1611436057172044,1.5086763309244984e-09,3.165698588105896e-09
NELL1,1.2258260408753172,1.5128705032786242e-09,3.1737676352634316e-09
CNTNAP4,-1.052418665252042,1.6108939545840747e-09,3.3755154432248086e-09
C11orf34,-1.1935334329454346,2.1293256322263073e-09,4.428209126404144e-09
CTXN2,1.2132990645601556,2.5222374928885428e-09,5.223241078845296e-09
CALY,1.2508843984580669,2.73846004951365e-09,5.663923222508462e-09
GHRH,1.1778721956515303,2.760620213869699e-09,5.708459587989336e-09
MYH2,-1.084516396323396,2.882411492449979e-09,5.954214298350768e-09
ADRB3,-1.0976921291561725,3.012999162038472e-09,6.215505864300352e-09
CCKAR,1.0415907170111327,3.4877091471599745e-09,7.165549616902146e-09
WFDC13,1.388498297869576,3.748313175257432e-09,7.688815047240368e-09
MGC4473,1.2788777925238666,3.860552827114199e-09,7.915188419082285e-09
TACR3,1.466579518876713,3.900909993592558e-09,7.994646629774005e-09
CYP1A1,-1.2969524476999332,4.1253407420449585e-09,8.442223443220278e-09
LCT,-1.0822908920646168,4.432123390131379e-09,9.054763419816104e-09
GSTA2,-1.0721251839439985,6.4485892795793105e-09,1.3035388190581032e-08
AWAT1,1.9030137725563907,7.258303329045574e-09,1.4633170395239404e-08
PRSS33,-1.9457899385442128,8.039279563797827e-09,1.6161127101028365e-08
LCNL1,-1.1944361199132398,8.67178462997077e-09,1.7396131322389013e-08
IFNB1,1.6202376577508006,9.044891216536476e-09,1.8118648048268237e-08
MIA2,-1.3630934616946977,9.09727349001185e-09,1.8219569736900177e-08
SULT1E1,-1.442460822591995,9.584728499601895e-09,1.916629823994873e-08
S100A12,-1.0775903549470678,1.0109960192479457e-08,2.019218843358608e-08
GATA4,1.3642112552459051,1.1136691012193688e-08,2.2186843219323818e-08
RFX4,-1.3386780104764697,1.176418319202678e-08,2.3406211241060606e-08
PCDH15,-1.5063062025466452,1.1779682262488385e-08,2.3434487019024707e-08
SHOX,-1.3439713491002927,1.4632673923842923e-08,2.8948871148322217e-08
C9orf4,-1.2021027652389964,1.4849756937496111e-08,2.937182385640367e-08
SLC1A6,-1.1269068345237212,1.777766082840896e-08,3.4992080456263865e-08
EFNA2,2.1345262059347125,2.210141967717679e-08,4.3240771967288167e-08
C1orf189,1.2207205073939689,2.8403115813975336e-08,5.51666578277628e-08
IL13,-1.4346767942982734,2.9010825789685248e-08,5.630494315488224e-08
RPRML,-1.6417772648340745,2.9194061690900667e-08,5.663641745278321e-08
FMO9P,1.5333172117393885,2.9719000790475455e-08,5.762409154122547e-08
ANKS4B,-1.6978998513223436,3.179420865885191e-08,6.150371734506709e-08
C4orf40,-2.3863399431688923,3.484308922716599e-08,6.717313632727204e-08
SLC4A1,-1.3731928064122187,3.5291810988230324e-08,6.800940455417707e-08
ZDHHC19,-1.1770578532544853,3.740404413618735e-08,7.192751060754472e-08
UGT2B28,-1.0794426402649961,3.7694712788828776e-08,7.247880605208093e-08
OR6B2,1.1553343884512286,3.953308380825689e-08,7.591107028666667e-08
AOX2P,1.0900611408656076,4.5329346860763477e-08,8.67006515610463e-08
LMAN1L,-1.202618610909809,4.625292165603391e-08,8.83835747328139e-08
ALAS2,-1.4849097252048196,4.814856699671699e-08,9.190943425348568e-08
FAM123C,1.816498448773777,5.5900998007948304e-08,1.0627319757061964e-07
TLX1NB,1.959356722958777,5.630549133522749e-08,1.0703100028980223e-07
HIST2H2AB,1.1030004702703897,5.806835049276754e-08,1.1027837078975979e-07
DCAF12L1,-1.1547482821302113,6.175592544549626e-08,1.1701291879716544e-07
LST-3TM12,-2.4981496857400947,6.379311034928923e-08,1.2070956212974133e-07
LHFPL3,-1.0168251719837706,6.387742342369053e-08,1.2085653659509808e-07
FABP6,1.316129032078523,6.877186036959693e-08,1.2980652989504074e-07
COX6A2,1.5254921625107036,8.232050708756282e-08,1.5468981010786683e-07
TMEM212,1.1077846363432113,9.591811400617482e-08,1.7964784743846078e-07
VIL1,1.28069726452354,1.0117776414031033e-07,1.8924566796609834e-07
C8orf75,1.0583643449205145,1.0224641909311617e-07,1.9112667557527148e-07
MGAT4C,-1.2768526539921554,1.0617970070673738e-07,1.9825511252074475e-07
MAFA,1.6215714733409095,1.3451770450010982e-07,2.497068911906485e-07
ENPP7,1.0571302841341994,1.346584833719823e-07,2.499172484523036e-07
TREML3,1.0326340618837397,1.4161710680513476e-07,2.6248408463230506e-07
HRNBP3,-1.080040079364079,1.5862519264711495e-07,2.932914557395057e-07
C6orf58,-1.702031023606335,1.6525195122933016e-07,3.052340201144086e-07
KC6,-1.502955716113785,1.6751096222722447e-07,3.091869849343102e-07
SPRR2F,-2.058397744853524,1.7537825757105432e-07,3.232820681079394e-07
DGAT2L6,1.1695331034756302,1.7925168441924133e-07,3.301546505598958e-07
RBP3,-1.0059339284769973,1.808361455776971e-07,3.329045669448645e-07
DDC,-1.234081677113546,1.8186560964273774e-07,3.347320214688327e-07
POU6F2,-1.6436209688574812,2.026899843812386e-07,3.717072119375061e-07
ABRA,-1.152066508717417,2.181489531179513e-07,3.993729652626036e-07
MOG,-1.776428731665332,2.3746841622274194e-07,4.336514426667909e-07
SPDYC,1.4266596978796875,2.450892593402504e-07,4.4698525075348936e-07
INGX,-1.002098007854086,2.4813248634253976e-07,4.5226350744900885e-07
TBX20,1.1826562879752514,3.682168968409177e-07,6.64681889448158e-07
KRT77,-1.1520923166104238,3.8317721130298486e-07,6.906599442863882e-07
GDNF,1.130378793856004,3.8383310097766945e-07,6.917051714777267e-07
CRISP1,1.4611276854897708,4.022809059595196e-07,7.244478958430089e-07
C17orf77,-1.3739757841863647,4.1371849417906194e-07,7.441618329586428e-07
GNGT1,1.740428178926123,4.177173289374575e-07,7.512061389694268e-07
SERPINB4,-1.6525985963665715,6.499411878674729e-07,1.152882424746795e-06
KRTAP3-1,1.0585896254786806,6.871479711381256e-07,1.2172201750318508e-06
PAX7,1.3154213562915336,8.179310151905228e-07,1.4417350895238776e-06
HESRG,-1.2068762875199128,8.892965464551105e-07,1.5640449309296982e-06
CNGA2,1.3865556292696986,9.073324652425487e-07,1.5953030874925252e-06
IQCF1,1.0603995376304862,9.309594457884354e-07,1.6351075638447403e-06
TRY6,1.4807511548975665,1.0247216998643168e-06,1.7937310416992171e-06
MAGEB1,-1.6043103505156122,1.0998147215170786e-06,1.921130364395168e-06
FLJ39609,1.1351299159547241,1.105036019289682e-06,1.9296786894790946e-06
C7orf52,1.6725744663980626,1.1513544532341059e-06,2.007673638492234e-06
KCNV1,-1.3301967003807862,1.3394485656553182e-06,2.3263030474786526e-06
HIST1H4A,1.2010168044773115,1.3461693426589002e-06,2.3375293851397463e-06
DVWA,1.260102317214581,1.6425714177497727e-06,2.83517234186413e-06
SLC30A10,-1.375389048775101,1.866152787404749e-06,3.2055845228959748e-06
ZNF560,-1.3261315139514442,2.1091223102050172e-06,3.6098883318872463e-06
CFHR1,-1.1328277312535138,2.2081062413281907e-06,3.7751627604862455e-06
KLK9,-1.6340211372610893,2.3613362933462933e-06,4.027680336186524e-06
OTP,1.3886166345884925,2.380385426463315e-06,4.059030999335993e-06
ASB5,-1.3314365626235811,2.958878425570241e-06,5.013073713761643e-06
NDST4,1.4166262681794717,3.5032418095511424e-06,5.912248345935421e-06
TTC9B,1.4183732983925488,4.079330384787142e-06,6.851670696300859e-06
BASE,2.2742816217792905,4.51354809289794e-06,7.560514947549573e-06
HBG2,-1.366973644827457,4.791832578772518e-06,8.008973320300812e-06
HAO1,-2.5069868894783207,5.044756455518609e-06,8.420108358683773e-06
SSTR5,1.1738048241824615,5.145525690509593e-06,8.582791546260984e-06
HIST1H2BI,1.230295992074258,5.436273425310732e-06,9.055315259968087e-06
ART1,1.2092074728160247,5.563721781549685e-06,9.26167604842697e-06
C6orf118,1.1218993096789753,5.653314299851785e-06,9.407375463954845e-06
WFDC5,-1.0501221336455067,5.97863952524587e-06,9.927857624343238e-06
TDRG1,1.1513714720461996,6.136269204808752e-06,1.0178468045847794e-05
CD5L,-1.2494980214149423,6.2905415917714665e-06,1.0427714105729532e-05
UGT1A7,-1.5873229742330424,6.589932379686901e-06,1.0910099054792239e-05
HOXC12,1.0208425496566584,6.873264370481473e-06,1.1367802229318031e-05
NKX2-2,1.186487106384309,7.176191601335849e-06,1.1852664524010203e-05
ABCG8,-1.1635497023463244,7.417181612598936e-06,1.223959359025822e-05
LRRTM3,-1.044086866474726,8.22027224069697e-06,1.3519480990007855e-05
SOX3,1.3345615478066555,8.511502422228682e-06,1.3989605290458575e-05
TLX1,1.0250564526013344,8.710583381247339e-06,1.4305192104731622e-05
CXorf61,-2.553467972817744,9.760498038456006e-06,1.5971803829019657e-05
BTNL3,-1.139024746055575,1.1024707524759827e-05,1.7987160623214405e-05
PGPEP1L,-1.1845589743192295,1.1491688431482033e-05,1.8713831143162234e-05
PRKAG3,-1.2781256153397484,1.3490703851529983e-05,2.1871329017581075e-05
CLPS,1.501292881672592,1.4005111591714194e-05,2.2685090434594543e-05
TP53TG5,1.0568217454865547,1.6845738215579342e-05,2.7129343779367492e-05
ERN2,-1.1357930219936458,1.764702360742249e-05,2.8369581447135176e-05
S100G,1.3129179796483639,1.8529099614409866e-05,2.974820958556207e-05
XKR7,1.460719344398885,1.972100568695533e-05,3.16060456523726e-05
LECT1,-1.1461951581789933,1.9991052204633007e-05,3.2030377896394214e-05
MTNR1A,-1.0045272253417303,2.3239802744278946e-05,3.7072485264578886e-05
C11orf86,-1.4812876927245693,2.425784812162233e-05,3.866260479449184e-05
C8B,-1.1733871434840646,2.573443756999757e-05,4.094074174852873e-05
CDK5R2,1.2088509892020625,2.6793166462646e-05,4.2595284639261584e-05
HSD3B1,-1.3885737970499987,4.345341740211593e-05,6.818227368077892e-05
NPFFR1,-1.1327554263531234,4.387812566277942e-05,6.881308877742516e-05
MAGEC2,1.7029177707034748,4.415824338764835e-05,6.924642525718151e-05
?|340602,-1.0216655562455637,4.5517609810916686e-05,7.128598910678108e-05
PRSS1,1.051042412238595,4.6005237834054464e-05,7.202488555029617e-05
ANGPTL3,-1.0426724829687575,5.5492316932266174e-05,8.629135871502145e-05
GABRA1,1.4508989714039062,0.00015469675721797955,0.00023335916728589392
GRID2,-1.310992580558879,0.0001555525220335386,0.00023453346795133793
FNDC7,-1.035536533634312,0.00018424054903126165,0.0002764367551942018
NEUROD2,-1.0794531864480947,0.0002380720130374487,0.00035440177079822365
ITLN1,-1.596031969016383,0.00024347593266243084,0.00036217965205967385
MAGEA11,1.0309078018931912,0.00027680881247910295,0.0004098211316435227
SERPINB3,-1.3455194638144283,0.0003104805914129281,0.0004582937240909447
CPLX2,1.1185274905407945,0.00032511443842026666,0.00047942791012347
HMX3,1.1449107849237221,0.0003716461583507326,0.0005453506667036183
SMPX,-1.2112448597785512,0.0005429816264603573,0.000787310382862664
IL28A,1.7309089166323206,0.0005849442713764708,0.0008449917127105704
SPRR2E,-1.2632016503864054,0.0008104003171576929,0.0011591793944068429
MYH6,1.1438476769959112,0.0008170715952715471,0.00116833848796897
ANKRD26P1,-1.0858651029494832,0.0008368472982977627,0.0011957870610655604
KRTDAP,-1.1320208659932312,0.0008501031222727939,0.0012139661986923722
CSTL1,1.3609948352769177,0.0009271945058402426,0.0013196029389999952
LOC648691,1.2988819291545957,0.0009917044584815341,0.0014085515182380903
SPRR2A,-1.3301794150320239,0.0010552638060827878,0.0014946286229477893
CYP2A13,1.055368273813927,0.00120666069846912,0.0017012504604006964
LHX9,1.071342391606088,0.0012579674081911873,0.0017708437654708978
LHX1,1.3538061824692327,0.0018140566905046889,0.0025195539399707656
GLYATL3,1.7300754206122364,0.002037827705806096,0.0028187369094823988
SCGB1A1,-1.3161493513984224,0.004587686856353307,0.00615489857357011
SPRR2D,-1.0853219768280107,0.006545930307066637,0.008636567415896662
CHIA,-1.1823399341828036,0.01009929736042602,0.013114389345971953
KRT78,-1.132786925302132,0.012486846808841472,0.016071418543543894
MYH7,1.2611872565350872,0.014141463159256323,0.018124132499327105
GABRG2,1.0887246464379432,0.014438499548318329,0.018491803790757655
PLUNC,1.0068248954075787,0.019933818202770473,0.02517730313246121
CSAG1,1.1045154713792198,0.029650707320054343,0.03682668022290865
MAGEA12,1.0650329501975633,0.02995582311359012,0.03718534152596024
