drug_chembl_id,rw_mean_HER2,rw_max_HER2
CHEMBL1778,0.0002754201642974,0.0002754201642974
CHEMBL1782,0.0001427180318993,0.0001427180318993
CHEMBL1783,0.0007416083763548,0.0007416083763548
CHEMBL1785,0.0001591521362999,0.0001591521362999
CHEMBL1786,3.6735032889700633e-05,3.6735032889700633e-05
CHEMBL1787,0.0001285266755075,0.0001285266755075
CHEMBL1790,0.0001709381281942,0.0001709381281942
CHEMBL1791,0.0001588004234766,0.0001588004234766
CHEMBL1793,0.0001264503873174,0.0001264503873174
CHEMBL1795,0.0001339709782955,0.0001339709782955
CHEMBL1798,2.9567139885982216e-05,2.9567139885982216e-05
CHEMBL1800,0.0001528408786309,0.0001528408786309
CHEMBL1803,0.000243070139552,0.000243070139552
CHEMBL1804,3.3818312493782465e-05,3.3818312493782465e-05
CHEMBL1806,0.0005417519755648,0.0005417519755648
CHEMBL1807,0.0001335571894612,0.0001335571894612
CHEMBL1808,0.0001191335151568,0.0001191335151568
CHEMBL1811,8.616562792337844e-05,8.616562792337844e-05
CHEMBL1817,0.0002274527961348,0.0002274527961348
CHEMBL1821,1.986668834168125e-05,1.986668834168125e-05
CHEMBL1822,7.808569354211233e-05,7.808569354211233e-05
CHEMBL1824,0.0006545715461374,0.0006545715461374
CHEMBL1825,0.0009084578369859,0.0009084578369859
CHEMBL1827,0.0001393970685133,0.0001393970685133
CHEMBL1832,0.0001251199596846,0.0001251199596846
CHEMBL1833,3.196468059649424e-05,3.196468059649424e-05
CHEMBL1835,2.106819284113221e-05,2.106819284113221e-05
CHEMBL1836,8.8204125471708e-05,8.8204125471708e-05
CHEMBL1838,4.400079240456656e-05,4.400079240456656e-05
CHEMBL1839,0.0001077011568401,0.0001077011568401
CHEMBL1842,0.0001149933174697,0.0001149933174697
CHEMBL1843,0.0001889788458078,0.0001889788458078
CHEMBL1845,0.0001726417879331,0.0001726417879331
CHEMBL1846,0.0003175853106656,0.0003175853106656
CHEMBL1851,0.0002931118872111,0.0002931118872111
CHEMBL1854,0.0001247789871528,0.0001247789871528
CHEMBL1855,7.210372078716152e-05,7.210372078716152e-05
CHEMBL1856,0.0001294633588709,0.0001294633588709
CHEMBL1859,0.0001922454405485,0.0001922454405485
CHEMBL1860,0.0001210495935762,0.0001210495935762
CHEMBL1861,9.380346504455172e-05,9.380346504455172e-05
CHEMBL1864,0.0001196794879704,0.0001196794879704
CHEMBL1867,0.0001055708799252,0.0001055708799252
CHEMBL1868,0.0002777132212371,0.0002777132212371
CHEMBL1869,0.0001111272293128,0.0001111272293128
CHEMBL1871,0.0006156636570421,0.0006156636570421
CHEMBL1874,0.0001546167250712,0.0001546167250712
CHEMBL1875,6.322642245021394e-06,6.322642245021394e-06
CHEMBL1876,0.0001298313151095,0.0001298313151095
CHEMBL1879,0.0001011421482168,0.0001011421482168
CHEMBL1881,6.029541712747704e-05,6.029541712747704e-05
CHEMBL1882,0.0001605621362029,0.0001605621362029
CHEMBL1883,0.0001519895917163,0.0001519895917163
CHEMBL1886,0.0001360860726514,0.0001360860726514
CHEMBL1889,6.828360161853934e-05,6.828360161853934e-05
CHEMBL1892,9.385099401651216e-05,9.385099401651216e-05
CHEMBL1893,0.0001725865315484,0.0001725865315484
CHEMBL1898,6.041345013081533e-05,6.041345013081533e-05
CHEMBL1899,0.0001863380107961,0.0001863380107961
CHEMBL1900,0.0001586234048479,0.0001586234048479
CHEMBL1901,3.918865401763851e-05,3.918865401763851e-05
CHEMBL1903,0.0001293203905658,0.0001293203905658
CHEMBL1904,0.0004617349718125,0.0004617349718125
CHEMBL1905,0.0011637808096138,0.0011637808096138
CHEMBL1907,0.0003061757629489,0.0003061757629489
CHEMBL1910,0.0001137309572665,0.0001137309572665
CHEMBL1911,4.07262690305584e-05,4.07262690305584e-05
CHEMBL1912,2.694791665273756e-05,2.694791665273756e-05
CHEMBL1913,0.0004642182614536,0.0004642182614536
CHEMBL1914,0.0001043350781603,0.0001043350781603
CHEMBL1916,3.584830766387512e-05,3.584830766387512e-05
CHEMBL1919,0.0001858391190516,0.0001858391190516
CHEMBL1920,0.000132888102792,0.000132888102792
CHEMBL1925,4.930239978004374e-05,4.930239978004374e-05
CHEMBL1927,0.000208313278571,0.000208313278571
CHEMBL1929,0.0001307356979108,0.0001307356979108
CHEMBL1935,0.0002039717730835,0.0002039717730835
CHEMBL1936,0.0005364384312015,0.0005364384312015
CHEMBL1940,0.0005162151400386,0.0005162151400386
CHEMBL1941,2.4051258180549253e-05,2.4051258180549253e-05
CHEMBL1942,5.55293908779364e-05,5.55293908779364e-05
CHEMBL1944,0.0002105583900017,0.0002105583900017
CHEMBL1947,0.0001689259931565,0.0001689259931565
CHEMBL1950,0.0002644317634198,0.0002644317634198
CHEMBL1951,0.0002356081356865,0.0002356081356865
CHEMBL1952,0.0004300181833795,0.0004300181833795
CHEMBL1957,0.0004465801250083,0.0004465801250083
CHEMBL1958,0.0001736077588661,0.0001736077588661
CHEMBL1959,9.839031069125706e-05,9.839031069125706e-05
CHEMBL1962,0.0001880239416372,0.0001880239416372
CHEMBL1963,0.0001375878003181,0.0001375878003181
CHEMBL1966,2.524680849467783e-05,2.524680849467783e-05
CHEMBL1968,0.0001092514671693,0.0001092514671693
CHEMBL1969,0.0002859849317241,0.0002859849317241
CHEMBL1970,0.0001976712476714,0.0001976712476714
CHEMBL1971,6.482763207084141e-05,6.482763207084141e-05
CHEMBL1972,0.0004283291258924,0.0004283291258924
CHEMBL1975,0.0002505842484664,0.0002505842484664
CHEMBL1976,0.0001569418370675,0.0001569418370675
CHEMBL1977,0.0001468466344238,0.0001468466344238
CHEMBL1978,0.0002143708340217,0.0002143708340217
CHEMBL1981,0.0002121115915753,0.0002121115915753
CHEMBL1983,6.0244835524078135e-05,6.0244835524078135e-05
CHEMBL1985,2.7833959322390595e-05,2.7833959322390595e-05
CHEMBL1987,5.499137743090344e-05,5.499137743090344e-05
CHEMBL1988,0.0001395522613717,0.0001395522613717
CHEMBL1989,4.413089384738502e-05,4.413089384738502e-05
CHEMBL1991,0.000484376113888,0.000484376113888
CHEMBL1992,0.0002703307561497,0.0002703307561497
CHEMBL1993,0.0002147006719424,0.0002147006719424
CHEMBL1994,0.000108923896118,0.000108923896118
CHEMBL1995,1.4732549654651284e-05,1.4732549654651284e-05
CHEMBL1996,0.0001271644577763,0.0001271644577763
CHEMBL1997,5.892513380635633e-05,5.892513380635633e-05
CHEMBL2000,0.0001093705246039,0.0001093705246039
CHEMBL2001,0.0001700324841055,0.0001700324841055
CHEMBL2002,9.90113508094468e-05,9.90113508094468e-05
CHEMBL2004,0.0001357616046258,0.0001357616046258
CHEMBL2008,0.0001147148208988,0.0001147148208988
CHEMBL2014,2.6479321481454757e-05,2.6479321481454757e-05
CHEMBL2015,0.0004285706139273,0.0004285706139273
CHEMBL202,0.0001395243640027,0.0001395243640027
CHEMBL2023,0.0002277228527804,0.0002277228527804
CHEMBL2027,6.645311946162098e-05,6.645311946162098e-05
CHEMBL203,0.0015210587429941,0.0015210587429941
CHEMBL2033,0.0001778508387724,0.0001778508387724
CHEMBL2034,0.0004215463291661,0.0004215463291661
CHEMBL2035,2.8134301256822943e-05,2.8134301256822943e-05
CHEMBL2039,0.0001891842783346,0.0001891842783346
CHEMBL2040,0.0002400483176748,0.0002400483176748
CHEMBL2044,0.0001703380910219,0.0001703380910219
CHEMBL2045,5.739014560270893e-05,5.739014560270893e-05
CHEMBL2049,8.030273479339965e-05,8.030273479339965e-05
CHEMBL205,7.969061856224405e-05,7.969061856224405e-05
CHEMBL2050,7.023476311377615e-05,7.023476311377615e-05
CHEMBL2055,0.0002038116986508,0.0002038116986508
CHEMBL2056,8.102667198963406e-05,8.102667198963406e-05
CHEMBL2057,0.0001395243640027,0.0001395243640027
CHEMBL2058,1.418627202723948e-05,1.418627202723948e-05
CHEMBL2059,0.0001733626104061,0.0001733626104061
CHEMBL206,0.0009215648959767,0.0009215648959767
CHEMBL2060,0.0004052432088036,0.0004052432088036
CHEMBL2061,0.0005714247580744,0.0005714247580744
CHEMBL2062,0.0001238185449172,0.0001238185449172
CHEMBL2063,0.0001343409951893,0.0001343409951893
CHEMBL2064,0.0002148433794799,0.0002148433794799
CHEMBL2066,0.0001444568018096,0.0001444568018096
CHEMBL2069,0.0001180861197737,0.0001180861197737
CHEMBL207,0.0007258412498469,0.0007258412498469
CHEMBL2070,0.0002271690090375,0.0002271690090375
CHEMBL2071,0.0001169040890779,0.0001169040890779
CHEMBL2074,0.0001483700262171,0.0001483700262171
CHEMBL2075,0.000113811684564,0.000113811684564
CHEMBL2076,8.813178803049606e-05,8.813178803049606e-05
CHEMBL2079,6.737169856301733e-05,6.737169856301733e-05
CHEMBL208,0.0002752143348127,0.0002752143348127
CHEMBL2081,0.0001867923515972,0.0001867923515972
CHEMBL2083,0.0001898215187146,0.0001898215187146
CHEMBL2084,2.7341684522683577e-05,2.7341684522683577e-05
CHEMBL2085,0.0001017245698119,0.0001017245698119
CHEMBL2086,0.0002067314033768,0.0002067314033768
CHEMBL2088,9.929361757762936e-05,9.929361757762936e-05
CHEMBL209,0.0001875824859467,0.0001875824859467
CHEMBL2094,0.0001041076559696,0.0001041076559696
CHEMBL2099,0.0001746996040877,0.0001746996040877
CHEMBL210,0.0003271122109516,0.0003271122109516
CHEMBL2100,0.0001447619232408,0.0001447619232408
CHEMBL2102,0.0002253107901787,0.0002253107901787
CHEMBL2104,0.0001157461812644,0.0001157461812644
CHEMBL2105,0.0001348414307839,0.0001348414307839
CHEMBL2106,0.0002237636531721,0.0002237636531721
CHEMBL2107,0.0005395987669173,0.0005395987669173
CHEMBL2108,0.0001723621797675,0.0001723621797675
CHEMBL2109,0.0001703917277078,0.0001703917277078
CHEMBL2114,0.0001048416296209,0.0001048416296209
CHEMBL2116,0.00013568718725,0.00013568718725
CHEMBL2117,0.0001268034822631,0.0001268034822631
CHEMBL212,0.0003032784904931,0.0003032784904931
CHEMBL2120,0.0002023630977639,0.0002023630977639
CHEMBL2121,7.664235568530071e-05,7.664235568530071e-05
CHEMBL2123,6.067550319007823e-05,6.067550319007823e-05
CHEMBL2127,0.0001809948296424,0.0001809948296424
CHEMBL213,0.000131430203611,0.000131430203611
CHEMBL2131,6.582142725716054e-05,6.582142725716054e-05
CHEMBL2139,6.375593253657138e-05,6.375593253657138e-05
CHEMBL2147,0.0001501064364238,0.0001501064364238
CHEMBL2148,0.0003815311622636,0.0003815311622636
CHEMBL215,0.0001928446178364,0.0001928446178364
CHEMBL2156,0.0001339709782955,0.0001339709782955
CHEMBL2158,2.036879952323263e-05,2.036879952323263e-05
CHEMBL2159,0.0002080434185977,0.0002080434185977
CHEMBL216,0.0003188141487107,0.0003188141487107
CHEMBL2160,0.0001381371726139,0.0001381371726139
CHEMBL2161,0.0001117882572017,0.0001117882572017
CHEMBL2164,0.0006430515601815,0.0006430515601815
CHEMBL2167,0.0013474201001223,0.0013474201001223
CHEMBL217,0.0002365350584611,0.0002365350584611
CHEMBL2171,0.0002926300601366,0.0002926300601366
CHEMBL218,0.0002318192265121,0.0002318192265121
CHEMBL2182,3.898991837503379e-06,3.898991837503379e-06
CHEMBL2184,0.0001036925160974,0.0001036925160974
CHEMBL2185,0.0006115548264956,0.0006115548264956
CHEMBL219,5.402787588182048e-05,5.402787588182048e-05
CHEMBL2193,6.327102564020175e-05,6.327102564020175e-05
CHEMBL2194,8.114508514390012e-05,8.114508514390012e-05
CHEMBL220,7.92376289428029e-05,7.92376289428029e-05
CHEMBL2200,8.427980001749379e-05,8.427980001749379e-05
CHEMBL2202,0.0001797973783649,0.0001797973783649
CHEMBL2206,0.0001313629285195,0.0001313629285195
CHEMBL221,0.0001543522315622,0.0001543522315622
CHEMBL222,0.0001202420026447,0.0001202420026447
CHEMBL223,0.0001124687266644,0.0001124687266644
CHEMBL224,0.000132537461205,0.000132537461205
CHEMBL2249,0.0001377532733003,0.0001377532733003
CHEMBL225,0.000123908770486,0.000123908770486
CHEMBL226,0.0001048416296209,0.0001048416296209
CHEMBL227,0.0001630720773663,0.0001630720773663
CHEMBL228,0.0001320404348479,0.0001320404348479
CHEMBL229,8.441479332846685e-05,8.441479332846685e-05
CHEMBL230,0.0003056326564672,0.0003056326564672
CHEMBL231,1.6775485955319328e-05,1.6775485955319328e-05
CHEMBL232,0.0001565583806994,0.0001565583806994
CHEMBL2326,2.710130405822169e-05,2.710130405822169e-05
CHEMBL2327,1.0303481250514648e-05,1.0303481250514648e-05
CHEMBL2335,5.114608665994311e-05,5.114608665994311e-05
CHEMBL235,0.0005921563913649,0.0005921563913649
CHEMBL236,6.021479797770277e-05,6.021479797770277e-05
CHEMBL2360,0.0001601772061032,0.0001601772061032
CHEMBL237,1.9877253177143024e-05,1.9877253177143024e-05
CHEMBL238,0.0001590868356559,0.0001590868356559
CHEMBL2388,0.0001441753352221,0.0001441753352221
CHEMBL239,0.0004843255471369,0.0004843255471369
CHEMBL2392,5.872422548811863e-05,5.872422548811863e-05
CHEMBL2399,5.349376593129807e-05,5.349376593129807e-05
CHEMBL240,0.0002385468748426,0.0002385468748426
CHEMBL2401,0.0001248344920872,0.0001248344920872
CHEMBL241,0.0001316333046101,0.0001316333046101
CHEMBL2412,0.0007929536533074,0.0007929536533074
CHEMBL2413,0.0002013409405803,0.0002013409405803
CHEMBL2414,6.913734324921987e-05,6.913734324921987e-05
CHEMBL2419,6.290442720166065e-05,6.290442720166065e-05
CHEMBL242,0.00029590374318,0.00029590374318
CHEMBL2421,5.370939285363002e-05,5.370939285363002e-05
CHEMBL2428,0.000193347901972,0.000193347901972
CHEMBL2430,0.0001173197337342,0.0001173197337342
CHEMBL2433,4.6017816296852206e-05,4.6017816296852206e-05
CHEMBL2434,0.0002751891683022,0.0002751891683022
CHEMBL2438,2.1883660945365428e-05,2.1883660945365428e-05
CHEMBL2439,0.0002512707436171,0.0002512707436171
CHEMBL244,0.0001697284891207,0.0001697284891207
CHEMBL2441,0.0001881573553183,0.0001881573553183
CHEMBL2442,0.0001630857298521,0.0001630857298521
CHEMBL2443,7.7543097610261e-05,7.7543097610261e-05
CHEMBL2447,0.0001999162765031,0.0001999162765031
CHEMBL245,7.606087563648178e-05,7.606087563648178e-05
CHEMBL2457,0.0001103517728116,0.0001103517728116
CHEMBL246,0.0001043007849477,0.0001043007849477
CHEMBL2460,0.000108115408855,0.000108115408855
CHEMBL2461,0.000108115408855,0.000108115408855
CHEMBL2465,6.676553309656807e-05,6.676553309656807e-05
CHEMBL2468,4.521559909994995e-05,4.521559909994995e-05
CHEMBL2469,3.95271560705736e-05,3.95271560705736e-05
CHEMBL2476,0.0003227685504453,0.0003227685504453
CHEMBL2478,7.778089712816458e-05,7.778089712816458e-05
CHEMBL248,0.0001734897018589,0.0001734897018589
CHEMBL2484,2.760406760545456e-05,2.760406760545456e-05
CHEMBL2487,0.000722902125727,0.000722902125727
CHEMBL249,0.0001052081158438,0.0001052081158438
CHEMBL2490,0.000132537461205,0.000132537461205
CHEMBL2492,0.0001870084529098,0.0001870084529098
CHEMBL2493,6.620340147330403e-05,6.620340147330403e-05
CHEMBL2494,8.212991285966304e-05,8.212991285966304e-05
CHEMBL2498,0.00101199685494,0.00101199685494
CHEMBL250,6.674149514362704e-05,6.674149514362704e-05
CHEMBL2502,0.0001337901945315,0.0001337901945315
CHEMBL2503,9.046496780982326e-05,9.046496780982326e-05
CHEMBL2506,0.0010790452104484,0.0010790452104484
CHEMBL2508,0.0002615231972998,0.0002615231972998
CHEMBL251,9.932229118628984e-05,9.932229118628984e-05
CHEMBL2514,1.8497257034510174e-05,1.8497257034510174e-05
CHEMBL2517,7.748958408015387e-05,7.748958408015387e-05
CHEMBL252,0.0001519787025027,0.0001519787025027
CHEMBL2524,0.0001056722155411,0.0001056722155411
CHEMBL2525,2.3158625952404385e-05,2.3158625952404385e-05
CHEMBL2527,0.0003370173434827,0.0003370173434827
CHEMBL253,4.5279966886722255e-05,4.5279966886722255e-05
CHEMBL2531,7.988937553885169e-05,7.988937553885169e-05
CHEMBL2534,0.0002477673435182,0.0002477673435182
CHEMBL2536,0.000244145723174,0.000244145723174
CHEMBL254,0.0001373994849397,0.0001373994849397
CHEMBL255,0.0001027912538254,0.0001027912538254
CHEMBL2552,0.0001055988995358,0.0001055988995358
CHEMBL2553,0.0001047394703827,0.0001047394703827
CHEMBL2559,0.0002735192992934,0.0002735192992934
CHEMBL256,2.339187723455221e-05,2.339187723455221e-05
CHEMBL2575,0.0001395243640027,0.0001395243640027
CHEMBL258,0.0007074758404647,0.0007074758404647
CHEMBL2581,0.0001473411710942,0.0001473411710942
CHEMBL2582,0.0007242620606235,0.0007242620606235
CHEMBL259,0.0002287667767615,0.0002287667767615
CHEMBL2595,2.2661122638063152e-05,2.2661122638063152e-05
CHEMBL2597,0.0001483063092427,0.0001483063092427
CHEMBL2599,0.0005639502027682,0.0005639502027682
CHEMBL2600,0.000331721925936,0.000331721925936
CHEMBL2608,3.877858590502774e-05,3.877858590502774e-05
CHEMBL2609,7.5581742692033e-05,7.5581742692033e-05
CHEMBL2626,4.413089384738502e-05,4.413089384738502e-05
CHEMBL2632,0.0003440717290244,0.0003440717290244
CHEMBL2634,0.000352912085043,0.000352912085043
CHEMBL264,7.537567549265576e-06,7.537567549265576e-06
CHEMBL2641,6.906484382492193e-05,6.906484382492193e-05
CHEMBL2650,0.0001640669615773,0.0001640669615773
CHEMBL2652,0.0001336768174479,0.0001336768174479
CHEMBL2655,0.0002405497656914,0.0002405497656914
CHEMBL2656,0.0001021212301362,0.0001021212301362
CHEMBL267,0.0019745899272412,0.0019745899272412
CHEMBL268,0.0001357912529212,0.0001357912529212
CHEMBL2692,3.472548746125092e-05,3.472548746125092e-05
CHEMBL271,4.951742566556304e-05,4.951742566556304e-05
CHEMBL2736,9.679765405340486e-05,9.679765405340486e-05
CHEMBL274,0.0003669457300014,0.0003669457300014
CHEMBL275,8.783300737667964e-05,8.783300737667964e-05
CHEMBL2754,0.0008562893258499,0.0008562893258499
CHEMBL278,0.0002860095514174,0.0002860095514174
CHEMBL279,0.000629890037783,0.000629890037783
CHEMBL2796,6.204428298846009e-05,6.204428298846009e-05
CHEMBL280,0.0001790351520244,0.0001790351520244
CHEMBL281,0.0001079263571848,0.0001079263571848
CHEMBL2835,0.0005794173645032,0.0005794173645032
CHEMBL2847,0.0004843255471369,0.0004843255471369
CHEMBL2849,4.95110489915892e-05,4.95110489915892e-05
CHEMBL2882,2.4051258180549253e-05,2.4051258180549253e-05
CHEMBL2883,0.0002135147800082,0.0002135147800082
CHEMBL2885,6.586260183449362e-05,6.586260183449362e-05
CHEMBL2886,0.0001603904106136,0.0001603904106136
CHEMBL2887,0.0001175764934631,0.0001175764934631
CHEMBL2888,0.0001228769098968,0.0001228769098968
CHEMBL2896,0.0002364400320138,0.0002364400320138
CHEMBL2897,0.0002243319070065,0.0002243319070065
CHEMBL2918,0.0008274485982231,0.0008274485982231
CHEMBL2938,0.0003418057073445,0.0003418057073445
CHEMBL2940,0.0001188975823136,0.0001188975823136
CHEMBL2959,0.0002223759260279,0.0002223759260279
CHEMBL2960,0.0003390194787146,0.0003390194787146
CHEMBL2963,9.70508622291339e-05,9.70508622291339e-05
CHEMBL2964,0.0002716060331736,0.0002716060331736
CHEMBL2971,0.0007917556784322,0.0007917556784322
CHEMBL2972,0.0001702817600015,0.0001702817600015
CHEMBL2979,0.0001857051702454,0.0001857051702454
CHEMBL3023,0.0001127369210395,0.0001127369210395
CHEMBL3024,0.0006424792058355,0.0006424792058355
CHEMBL3025,8.068928079924648e-05,8.068928079924648e-05
CHEMBL3028,6.950705333905049e-05,6.950705333905049e-05
CHEMBL3030,0.0004127690300822,0.0004127690300822
CHEMBL3038,4.694410250827772e-05,4.694410250827772e-05
CHEMBL3040,0.0004841566115901,0.0004841566115901
CHEMBL3043,0.0001476032515558,0.0001476032515558
CHEMBL3076,0.0001655291325286,0.0001655291325286
CHEMBL3079,4.1018206410872375e-05,4.1018206410872375e-05
CHEMBL3080,4.369221734338506e-05,4.369221734338506e-05
CHEMBL3123,9.193140898474658e-05,9.193140898474658e-05
CHEMBL3125,3.938590518447535e-05,3.938590518447535e-05
CHEMBL3126,1.5079173271614732e-05,1.5079173271614732e-05
CHEMBL3142,0.0001798446574183,0.0001798446574183
CHEMBL3143,0.0001369029627211,0.0001369029627211
CHEMBL3155,8.188900371297296e-05,8.188900371297296e-05
CHEMBL3157,7.390174440461841e-05,7.390174440461841e-05
CHEMBL3164,0.0003277934484889,0.0003277934484889
CHEMBL3167,0.0001625512102196,0.0001625512102196
CHEMBL3191,2.8486044804668745e-05,2.8486044804668745e-05
CHEMBL3201,0.0001467485274884,0.0001467485274884
CHEMBL3230,3.982851260653288e-05,3.982851260653288e-05
CHEMBL3231,0.0002726837085609,0.0002726837085609
CHEMBL3233,0.0002341015480719,0.0002341015480719
CHEMBL3240,0.0001455442841699,0.0001455442841699
CHEMBL3253,0.0007147780520863,0.0007147780520863
CHEMBL3254,0.0002356081356865,0.0002356081356865
CHEMBL3256,9.512893414782322e-05,9.512893414782322e-05
CHEMBL3276,0.0002591746201413,0.0002591746201413
CHEMBL3311,0.0001465229302942,0.0001465229302942
CHEMBL3351,9.754236126418778e-05,9.754236126418778e-05
CHEMBL3371,2.570479311155572e-05,2.570479311155572e-05
CHEMBL3373,0.0003271122109516,0.0003271122109516
CHEMBL3379,7.293074807880982e-05,7.293074807880982e-05
CHEMBL3409,0.0001987874330685,0.0001987874330685
CHEMBL3419,0.000154785248695,0.000154785248695
CHEMBL3421,0.0001728957244556,0.0001728957244556
CHEMBL3429,8.695176258900262e-05,8.695176258900262e-05
CHEMBL3438,0.0003906558037108,0.0003906558037108
CHEMBL3473,0.0002222710295524,0.0002222710295524
CHEMBL3474,0.0001364484266295,0.0001364484266295
CHEMBL3475,0.0002476626233169,0.0002476626233169
CHEMBL3477,0.0001336768174479,0.0001336768174479
CHEMBL3478,0.0001393970685133,0.0001393970685133
CHEMBL3510,2.8102531932413007e-05,2.8102531932413007e-05
CHEMBL3514,0.0001881573553183,0.0001881573553183
CHEMBL3568,0.0003169938763695,0.0003169938763695
CHEMBL3572,0.0001372923870154,0.0001372923870154
CHEMBL3582,0.0003696121548481,0.0003696121548481
CHEMBL3595,0.000245971012679,0.000245971012679
CHEMBL3610,0.0006311553269093,0.0006311553269093
CHEMBL3636,3.505523210456866e-05,3.505523210456866e-05
CHEMBL3650,0.000437993068526,0.000437993068526
CHEMBL3708,0.000168201414712,0.000168201414712
CHEMBL3710,7.339122111959493e-05,7.339122111959493e-05
CHEMBL3721,0.00020631900525,0.00020631900525
CHEMBL3723,0.0005827999579008,0.0005827999579008
CHEMBL3724,0.0002161780718011,0.0002161780718011
CHEMBL3727,0.0001804648925098,0.0001804648925098
CHEMBL3764,5.551710075231115e-05,5.551710075231115e-05
CHEMBL3768,0.0002105583900017,0.0002105583900017
CHEMBL3769,0.0001875824859467,0.0001875824859467
CHEMBL3770,0.0001366101941656,0.0001366101941656
CHEMBL3775,0.0003100842172527,0.0003100842172527
CHEMBL3816,0.0002353059874642,0.0002353059874642
CHEMBL3817,0.0001048675163081,0.0001048675163081
CHEMBL3819,0.0002101327886956,0.0002101327886956
CHEMBL3841,0.0001459908703382,0.0001459908703382
CHEMBL3856,0.000135811550797,0.000135811550797
CHEMBL3861,5.529647775871434e-05,5.529647775871434e-05
CHEMBL3863,0.000118972164263,0.000118972164263
CHEMBL3892,5.512432182025116e-05,5.512432182025116e-05
CHEMBL3898,0.0001513235843255,0.0001513235843255
CHEMBL3911,2.3300244581116933e-05,2.3300244581116933e-05
CHEMBL3913,9.141107435051448e-05,9.141107435051448e-05
CHEMBL3958,0.0001060499925482,0.0001060499925482
CHEMBL3961,0.0005090419512403,0.0005090419512403
CHEMBL3969,1.6412751215133828e-05,1.6412751215133828e-05
CHEMBL3974,0.0002234611587056,0.0002234611587056
CHEMBL4018,5.4633572265581904e-05,5.4633572265581904e-05
CHEMBL402,0.0001969477806603,0.0001969477806603
CHEMBL4068,9.2597642660146e-05,9.2597642660146e-05
CHEMBL4069,9.459740542603946e-05,9.459740542603946e-05
CHEMBL4071,0.0001788038583217,0.0001788038583217
CHEMBL4072,0.000143370034648,0.000143370034648
CHEMBL4074,0.0001191335151568,0.0001191335151568
CHEMBL4076,6.112529204531149e-05,6.112529204531149e-05
CHEMBL4121,0.0004159966587398,0.0004159966587398
CHEMBL4142,0.0003670168688065,0.0003670168688065
CHEMBL4237,5.8496614812788825e-05,5.8496614812788825e-05
CHEMBL4271,0.0001725865315484,0.0001725865315484
CHEMBL4273,0.0002724728194302,0.0002724728194302
CHEMBL4305,0.0001192675907806,0.0001192675907806
CHEMBL4306,0.0001288980573375,0.0001288980573375
CHEMBL4315,5.803132617341836e-05,5.803132617341836e-05
CHEMBL4330,7.356892521459131e-05,7.356892521459131e-05
CHEMBL4425,0.0001640669615773,0.0001640669615773
CHEMBL4429,2.8246729865374244e-05,2.8246729865374244e-05
CHEMBL4467,1.9210222609526845e-05,1.9210222609526845e-05
CHEMBL4469,7.811259497594567e-05,7.811259497594567e-05
CHEMBL4478,0.0002402940029821,0.0002402940029821
CHEMBL4549,0.0004334082995657,0.0004334082995657
CHEMBL4550,2.756589342742572e-05,2.756589342742572e-05
CHEMBL4551,9.281733898688788e-05,9.281733898688788e-05
CHEMBL4573,8.884686346944552e-05,8.884686346944552e-05
CHEMBL4589,0.0002070743868937,0.0002070743868937
CHEMBL4605,0.0001092670348324,0.0001092670348324
CHEMBL4607,0.0001335836661944,0.0001335836661944
CHEMBL4608,2.884398675266918e-05,2.884398675266918e-05
CHEMBL4617,7.369868004516398e-05,7.369868004516398e-05
CHEMBL4633,7.871383812803078e-05,7.871383812803078e-05
CHEMBL4708,0.0001073269506008,0.0001073269506008
CHEMBL4712,9.60292111315027e-05,9.60292111315027e-05
CHEMBL4714,7.127547880161885e-05,7.127547880161885e-05
CHEMBL4715,0.0001403314204854,0.0001403314204854
CHEMBL4716,0.0001061904210558,0.0001061904210558
CHEMBL4744,0.0001055708799252,0.0001055708799252
CHEMBL4761,6.176549069262778e-05,6.176549069262778e-05
CHEMBL4762,0.000362387012956,0.000362387012956
CHEMBL4763,0.000217510427188,0.000217510427188
CHEMBL4770,0.0001020761571258,0.0001020761571258
CHEMBL4777,8.87030094837655e-05,8.87030094837655e-05
CHEMBL4790,6.198906716118208e-05,6.198906716118208e-05
CHEMBL4794,0.0002337390482769,0.0002337390482769
CHEMBL4805,0.0001167972246574,0.0001167972246574
CHEMBL4806,1.0567944324820064e-05,1.0567944324820064e-05
CHEMBL4808,0.0001703656284307,0.0001703656284307
CHEMBL4811,8.479661251397604e-05,8.479661251397604e-05
CHEMBL4812,7.360919151728235e-05,7.360919151728235e-05
CHEMBL4813,0.0001778508387724,0.0001778508387724
CHEMBL4815,1.0303481250514648e-05,1.0303481250514648e-05
CHEMBL4816,0.0003574530790947,0.0003574530790947
CHEMBL4820,5.499137743090344e-05,5.499137743090344e-05
CHEMBL4829,0.0001071432639811,0.0001071432639811
CHEMBL4832,0.0001489899802505,0.0001489899802505
CHEMBL4833,0.0001045819661568,0.0001045819661568
CHEMBL4834,7.73630320420051e-05,7.73630320420051e-05
CHEMBL4835,0.0002253107901787,0.0002253107901787
CHEMBL4863,6.358283916897095e-05,6.358283916897095e-05
CHEMBL4865,0.0001223573227938,0.0001223573227938
CHEMBL4866,0.0001850405269815,0.0001850405269815
CHEMBL4867,8.288278857211872e-05,8.288278857211872e-05
CHEMBL4868,1.936935951078164e-05,1.936935951078164e-05
CHEMBL4869,0.0002784689247558,0.0002784689247558
CHEMBL4872,0.0001594042018962,0.0001594042018962
CHEMBL4873,3.41007208105484e-05,3.41007208105484e-05
CHEMBL4876,0.000245348008349,0.000245348008349
CHEMBL4878,0.0001652655448685,0.0001652655448685
CHEMBL4880,0.0002841974069286,0.0002841974069286
CHEMBL4881,0.0001423069807197,0.0001423069807197
CHEMBL4883,0.0003050048105251,0.0003050048105251
CHEMBL4892,8.441479332846685e-05,8.441479332846685e-05
CHEMBL4894,1.6546429791986916e-05,1.6546429791986916e-05
CHEMBL4924,5.565779839185253e-05,5.565779839185253e-05
CHEMBL4925,0.0001017602554938,0.0001017602554938
CHEMBL4928,0.0003025364759929,0.0003025364759929
CHEMBL4939,6.755217415434723e-05,6.755217415434723e-05
CHEMBL4940,0.0002035808709814,0.0002035808709814
CHEMBL4941,3.222667904810335e-05,3.222667904810335e-05
CHEMBL4942,0.0001041076559696,0.0001041076559696
CHEMBL4945,6.737169856301733e-05,6.737169856301733e-05
CHEMBL4947,0.0001280868860697,0.0001280868860697
CHEMBL4949,7.806255882414906e-05,7.806255882414906e-05
CHEMBL4977,0.0009609354776765,0.0009609354776765
CHEMBL4983,0.0001802418731702,0.0001802418731702
CHEMBL4985,0.0001374317967967,0.0001374317967967
CHEMBL5100,0.0001294185476295,0.0001294185476295
CHEMBL5103,9.189308772858887e-05,9.189308772858887e-05
CHEMBL5113,0.0001130754506095,0.0001130754506095
CHEMBL5135,0.0002601972353407,0.0002601972353407
CHEMBL5136,6.674149514362704e-05,6.674149514362704e-05
CHEMBL5444,0.0001187992916132,0.0001187992916132
