drug,luma_pathway_overlap_jaccard,n_shared_pathways_luma
CHEMBL1778,0.006006006006006006,16
CHEMBL1782,0.002627627627627628,7
CHEMBL1783,0.010885885885885885,29
CHEMBL1785,0.0037537537537537537,10
CHEMBL1786,0.0011261261261261261,3
CHEMBL1787,0.0018768768768768769,5
CHEMBL1790,0.007132132132132132,19
CHEMBL1791,0.0022522522522522522,6
CHEMBL1793,0.0022522522522522522,6
CHEMBL1795,0.0011261261261261261,3
CHEMBL1798,0.006756756756756757,18
CHEMBL1800,0.0022522522522522522,6
CHEMBL1803,0.005255255255255256,14
CHEMBL1804,0.002627627627627628,7
CHEMBL1806,0.0037537537537537537,10
CHEMBL1807,0.004129129129129129,11
CHEMBL1808,0.0011261261261261261,3
CHEMBL1811,0.003003003003003003,8
CHEMBL1817,0.0022522522522522522,6
CHEMBL1821,0.003003003003003003,8
CHEMBL1822,0.005255255255255256,14
CHEMBL1824,0.02177177177177177,58
CHEMBL1827,0.0045045045045045045,12
CHEMBL1832,0.002627627627627628,7
CHEMBL1833,0.003003003003003003,8
CHEMBL1835,0.00487987987987988,13
CHEMBL1836,0.003003003003003003,8
CHEMBL1839,0.0015015015015015015,4
CHEMBL1842,0.0037537537537537537,10
CHEMBL1843,0.0018768768768768769,5
CHEMBL1845,0.003003003003003003,8
CHEMBL1846,0.0022522522522522522,6
CHEMBL1851,0.00487987987987988,13
CHEMBL1854,0.002627627627627628,7
CHEMBL1855,0.002627627627627628,7
CHEMBL1856,0.0018768768768768769,5
CHEMBL1859,0.0037537537537537537,10
CHEMBL1860,0.0033783783783783786,9
CHEMBL1861,0.0015015015015015015,4
CHEMBL1864,0.0011261261261261261,3
CHEMBL1867,0.007132132132132132,19
CHEMBL1868,0.0022522522522522522,6
CHEMBL1869,0.0015015015015015015,4
CHEMBL1871,0.008633633633633633,23
CHEMBL1874,0.003003003003003003,8
CHEMBL1875,0.003003003003003003,8
CHEMBL1876,0.003003003003003003,8
CHEMBL1881,0.003003003003003003,8
CHEMBL1882,0.0033783783783783786,9
CHEMBL1883,0.0033783783783783786,9
CHEMBL1886,0.0063813813813813815,17
CHEMBL1889,0.0045045045045045045,12
CHEMBL1892,0.0011261261261261261,3
CHEMBL1893,0.0022522522522522522,6
CHEMBL1898,0.003003003003003003,8
CHEMBL1899,0.0011261261261261261,3
CHEMBL1900,0.0033783783783783786,9
CHEMBL1901,0.002627627627627628,7
CHEMBL1903,0.003003003003003003,8
CHEMBL1904,0.012012012012012012,32
CHEMBL1905,0.027402402402402402,73
CHEMBL1907,0.0022522522522522522,6
CHEMBL1910,0.004129129129129129,11
CHEMBL1911,0.0018768768768768769,5
CHEMBL1912,0.0011261261261261261,3
CHEMBL1913,0.00563063063063063,15
CHEMBL1914,0.00487987987987988,13
CHEMBL1916,0.007132132132132132,19
CHEMBL1919,0.0022522522522522522,6
CHEMBL1920,0.002627627627627628,7
CHEMBL1925,0.002627627627627628,7
CHEMBL1927,0.010135135135135136,27
CHEMBL1929,0.0033783783783783786,9
CHEMBL1935,0.00487987987987988,13
CHEMBL1936,0.015765765765765764,42
CHEMBL1940,0.00487987987987988,13
CHEMBL1941,0.003003003003003003,8
CHEMBL1942,0.00487987987987988,13
CHEMBL1944,0.005255255255255256,14
CHEMBL1947,0.0033783783783783786,9
CHEMBL1950,0.003003003003003003,8
CHEMBL1951,0.008633633633633633,23
CHEMBL1952,0.003003003003003003,8
CHEMBL1957,0.005255255255255256,14
CHEMBL1958,0.002627627627627628,7
CHEMBL1959,0.004129129129129129,11
CHEMBL1962,0.002627627627627628,7
CHEMBL1963,0.002627627627627628,7
CHEMBL1966,0.0015015015015015015,4
CHEMBL1968,0.0011261261261261261,3
CHEMBL1969,0.0015015015015015015,4
CHEMBL1970,0.004129129129129129,11
CHEMBL1971,0.00487987987987988,13
CHEMBL1972,0.0063813813813813815,17
CHEMBL1975,0.0037537537537537537,10
CHEMBL1976,0.0015015015015015015,4
CHEMBL1977,0.00487987987987988,13
CHEMBL1978,0.00487987987987988,13
CHEMBL1981,0.004129129129129129,11
CHEMBL1983,0.003003003003003003,8
CHEMBL1985,0.004129129129129129,11
CHEMBL1987,0.003003003003003003,8
CHEMBL1988,0.0011261261261261261,3
CHEMBL1989,0.005255255255255256,14
CHEMBL1991,0.03078078078078078,82
CHEMBL1992,0.0063813813813813815,17
CHEMBL1993,0.008258258258258258,22
CHEMBL1994,0.0045045045045045045,12
CHEMBL1995,0.004129129129129129,11
CHEMBL1996,0.003003003003003003,8
CHEMBL1997,0.002627627627627628,7
CHEMBL2000,0.004129129129129129,11
CHEMBL2001,0.0045045045045045045,12
CHEMBL2002,0.005255255255255256,14
CHEMBL2004,0.002627627627627628,7
CHEMBL2008,0.0037537537537537537,10
CHEMBL2014,0.002627627627627628,7
CHEMBL2015,0.008633633633633633,23
CHEMBL202,0.004129129129129129,11
CHEMBL2023,0.00563063063063063,15
CHEMBL2027,0.0011261261261261261,3
CHEMBL203,0.02927927927927928,78
CHEMBL2033,0.00487987987987988,13
CHEMBL2034,0.010510510510510511,28
CHEMBL2035,0.003003003003003003,8
CHEMBL2039,0.0018768768768768769,5
CHEMBL2040,0.0007507507507507507,2
CHEMBL2044,0.0018768768768768769,5
CHEMBL2045,0.002627627627627628,7
CHEMBL2049,0.003003003003003003,8
CHEMBL205,0.0037537537537537537,10
CHEMBL2050,0.0018768768768768769,5
CHEMBL2055,0.007132132132132132,19
CHEMBL2056,0.003003003003003003,8
CHEMBL2057,0.004129129129129129,11
CHEMBL2059,0.0018768768768768769,5
CHEMBL206,0.01614114114114114,43
CHEMBL2060,0.0075075075075075074,20
CHEMBL2061,0.024399399399399398,65
CHEMBL2062,0.0022522522522522522,6
CHEMBL2063,0.0018768768768768769,5
CHEMBL2064,0.0063813813813813815,17
CHEMBL2066,0.0007507507507507507,2
CHEMBL2069,0.00487987987987988,13
CHEMBL207,0.018018018018018018,48
CHEMBL2070,0.036036036036036036,96
CHEMBL2071,0.004129129129129129,11
CHEMBL2074,0.0022522522522522522,6
CHEMBL2075,0.0037537537537537537,10
CHEMBL2076,0.0045045045045045045,12
CHEMBL2079,0.0015015015015015015,4
CHEMBL208,0.009384384384384385,25
CHEMBL2081,0.002627627627627628,7
CHEMBL2083,0.00487987987987988,13
CHEMBL2084,0.0011261261261261261,3
CHEMBL2085,0.0037537537537537537,10
CHEMBL2086,0.0011261261261261261,3
CHEMBL2088,0.0015015015015015015,4
CHEMBL209,0.0045045045045045045,12
CHEMBL2094,0.002627627627627628,7
CHEMBL2099,0.003003003003003003,8
CHEMBL210,0.006006006006006006,16
CHEMBL2100,0.0033783783783783786,9
CHEMBL2102,0.0015015015015015015,4
CHEMBL2104,0.0037537537537537537,10
CHEMBL2105,0.0037537537537537537,10
CHEMBL2106,0.0045045045045045045,12
CHEMBL2107,0.00975975975975976,26
CHEMBL2108,0.012762762762762763,34
CHEMBL2109,0.012012012012012012,32
CHEMBL2114,0.003003003003003003,8
CHEMBL2116,0.016516516516516516,44
CHEMBL2117,0.01463963963963964,39
CHEMBL212,0.013513513513513514,36
CHEMBL2120,0.026276276276276277,70
CHEMBL2121,0.0037537537537537537,10
CHEMBL2123,0.003003003003003003,8
CHEMBL2127,0.0022522522522522522,6
CHEMBL213,0.003003003003003003,8
CHEMBL2131,0.0015015015015015015,4
CHEMBL2139,0.0007507507507507507,2
CHEMBL2147,0.005255255255255256,14
CHEMBL2148,0.009009009009009009,24
CHEMBL215,0.010885885885885885,29
CHEMBL2156,0.0011261261261261261,3
CHEMBL2158,0.0018768768768768769,5
CHEMBL2159,0.0022522522522522522,6
CHEMBL216,0.003003003003003003,8
CHEMBL2160,0.0033783783783783786,9
CHEMBL2161,0.002627627627627628,7
CHEMBL2164,0.00975975975975976,26
CHEMBL2167,0.0533033033033033,142
CHEMBL217,0.0022522522522522522,6
CHEMBL2171,0.018018018018018018,48
CHEMBL218,0.0022522522522522522,6
CHEMBL2182,0.003003003003003003,8
CHEMBL2184,0.0037537537537537537,10
CHEMBL2185,0.012762762762762763,34
CHEMBL219,0.003003003003003003,8
CHEMBL2193,0.0045045045045045045,12
CHEMBL2194,0.0022522522522522522,6
CHEMBL220,0.004129129129129129,11
CHEMBL2200,0.002627627627627628,7
CHEMBL2202,0.0045045045045045045,12
CHEMBL2206,0.002627627627627628,7
CHEMBL221,0.003003003003003003,8
CHEMBL222,0.002627627627627628,7
CHEMBL223,0.0033783783783783786,9
CHEMBL224,0.003003003003003003,8
CHEMBL2249,0.0018768768768768769,5
CHEMBL225,0.003003003003003003,8
CHEMBL226,0.003003003003003003,8
CHEMBL227,0.004129129129129129,11
CHEMBL228,0.002627627627627628,7
CHEMBL229,0.0033783783783783786,9
CHEMBL230,0.0063813813813813815,17
CHEMBL231,0.003003003003003003,8
CHEMBL232,0.0033783783783783786,9
CHEMBL2326,0.0007507507507507507,2
CHEMBL2327,0.003003003003003003,8
CHEMBL2335,0.0022522522522522522,6
CHEMBL235,0.01126126126126126,30
CHEMBL236,0.004129129129129129,11
CHEMBL2360,0.004129129129129129,11
CHEMBL237,0.0045045045045045045,12
CHEMBL238,0.0045045045045045045,12
CHEMBL2388,0.0015015015015015015,4
CHEMBL239,0.012387387387387387,33
CHEMBL2392,0.00487987987987988,13
CHEMBL2399,0.007882882882882882,21
CHEMBL240,0.0022522522522522522,6
CHEMBL2401,0.005255255255255256,14
CHEMBL241,0.0015015015015015015,4
CHEMBL2412,0.021396396396396396,57
CHEMBL2413,0.0045045045045045045,12
CHEMBL2414,0.003003003003003003,8
CHEMBL2419,0.0018768768768768769,5
CHEMBL242,0.006006006006006006,16
CHEMBL2421,0.002627627627627628,7
CHEMBL2428,0.002627627627627628,7
CHEMBL2430,0.0022522522522522522,6
CHEMBL2433,0.0011261261261261261,3
CHEMBL2434,0.004129129129129129,11
CHEMBL2438,0.0011261261261261261,3
CHEMBL2439,0.0018768768768768769,5
CHEMBL244,0.0075075075075075074,20
CHEMBL2441,0.0011261261261261261,3
CHEMBL2442,0.004129129129129129,11
CHEMBL2443,0.0022522522522522522,6
CHEMBL2447,0.0018768768768768769,5
CHEMBL245,0.0045045045045045045,12
CHEMBL2457,0.0018768768768768769,5
CHEMBL246,0.003003003003003003,8
CHEMBL2465,0.0015015015015015015,4
CHEMBL2468,0.0015015015015015015,4
CHEMBL2469,0.0015015015015015015,4
CHEMBL2476,0.003003003003003003,8
CHEMBL2478,0.0011261261261261261,3
CHEMBL248,0.006756756756756757,18
CHEMBL2484,0.002627627627627628,7
CHEMBL2487,0.024774774774774775,66
CHEMBL249,0.0045045045045045045,12
CHEMBL2490,0.003003003003003003,8
CHEMBL2492,0.0022522522522522522,6
CHEMBL2493,0.002627627627627628,7
CHEMBL2494,0.012762762762762763,34
CHEMBL2498,0.051426426426426426,137
CHEMBL250,0.005255255255255256,14
CHEMBL2502,0.0018768768768768769,5
CHEMBL2503,0.0015015015015015015,4
CHEMBL2506,0.05855855855855856,156
CHEMBL2508,0.010510510510510511,28
CHEMBL251,0.00563063063063063,15
CHEMBL2514,0.002627627627627628,7
CHEMBL2517,0.0011261261261261261,3
CHEMBL252,0.002627627627627628,7
CHEMBL2524,0.003003003003003003,8
CHEMBL2527,0.009009009009009009,24
CHEMBL253,0.0022522522522522522,6
CHEMBL2531,0.0015015015015015015,4
CHEMBL2534,0.028903903903903905,77
CHEMBL2536,0.007132132132132132,19
CHEMBL254,0.002627627627627628,7
CHEMBL255,0.0063813813813813815,17
CHEMBL2552,0.002627627627627628,7
CHEMBL2553,0.01951951951951952,52
CHEMBL2559,0.0018768768768768769,5
CHEMBL256,0.003003003003003003,8
CHEMBL2575,0.004129129129129129,11
CHEMBL258,0.019894894894894894,53
CHEMBL2581,0.006756756756756757,18
CHEMBL2582,0.023273273273273273,62
CHEMBL259,0.0037537537537537537,10
CHEMBL2595,0.0015015015015015015,4
CHEMBL2597,0.03228228228228228,86
CHEMBL2599,0.017642642642642644,47
CHEMBL2600,0.006756756756756757,18
CHEMBL2608,0.0045045045045045045,12
CHEMBL2609,0.0011261261261261261,3
CHEMBL2626,0.005255255255255256,14
CHEMBL2632,0.010510510510510511,28
CHEMBL2634,0.013138138138138139,35
CHEMBL264,0.0022522522522522522,6
CHEMBL2641,0.0011261261261261261,3
CHEMBL2650,0.006756756756756757,18
CHEMBL2652,0.003003003003003003,8
CHEMBL2655,0.017267267267267267,46
CHEMBL2656,0.0011261261261261261,3
CHEMBL267,0.06306306306306306,168
CHEMBL268,0.00563063063063063,15
CHEMBL2692,0.0011261261261261261,3
CHEMBL271,0.008633633633633633,23
CHEMBL2736,0.0033783783783783786,9
CHEMBL274,0.007132132132132132,19
CHEMBL275,0.0022522522522522522,6
CHEMBL2754,0.012012012012012012,32
CHEMBL278,0.0063813813813813815,17
CHEMBL279,0.006756756756756757,18
CHEMBL2796,0.00487987987987988,13
CHEMBL280,0.004129129129129129,11
CHEMBL281,0.0022522522522522522,6
CHEMBL2835,0.021021021021021023,56
CHEMBL2847,0.012387387387387387,33
CHEMBL2849,0.006006006006006006,16
CHEMBL2882,0.003003003003003003,8
CHEMBL2883,0.0033783783783783786,9
CHEMBL2885,0.0007507507507507507,2
CHEMBL2886,0.004129129129129129,11
CHEMBL2887,0.006756756756756757,18
CHEMBL2888,0.0022522522522522522,6
CHEMBL2896,0.008258258258258258,22
CHEMBL2897,0.013888888888888888,37
CHEMBL2918,0.029654654654654656,79
CHEMBL2938,0.010135135135135136,27
CHEMBL2940,0.0033783783783783786,9
CHEMBL2959,0.002627627627627628,7
CHEMBL2960,0.019144144144144143,51
CHEMBL2963,0.0015015015015015015,4
CHEMBL2964,0.013513513513513514,36
CHEMBL2971,0.024399399399399398,65
CHEMBL2972,0.0015015015015015015,4
CHEMBL2979,0.0018768768768768769,5
CHEMBL3023,0.0015015015015015015,4
CHEMBL3024,0.019144144144144143,51
CHEMBL3025,0.0007507507507507507,2
CHEMBL3028,0.0015015015015015015,4
CHEMBL3030,0.01876876876876877,50
CHEMBL3038,0.0011261261261261261,3
CHEMBL3040,0.00563063063063063,15
CHEMBL3043,0.0015015015015015015,4
CHEMBL3076,0.002627627627627628,7
CHEMBL3079,0.0015015015015015015,4
CHEMBL3080,0.0022522522522522522,6
CHEMBL3123,0.0015015015015015015,4
CHEMBL3125,0.0018768768768768769,5
CHEMBL3126,0.0022522522522522522,6
CHEMBL3142,0.0045045045045045045,12
CHEMBL3143,0.011636636636636636,31
CHEMBL3155,0.0037537537537537537,10
CHEMBL3157,0.003003003003003003,8
CHEMBL3164,0.018018018018018018,48
CHEMBL3167,0.002627627627627628,7
CHEMBL3191,0.003003003003003003,8
CHEMBL3201,0.0037537537537537537,10
CHEMBL3230,0.002627627627627628,7
CHEMBL3233,0.011636636636636636,31
CHEMBL3240,0.004129129129129129,11
CHEMBL3253,0.011636636636636636,31
CHEMBL3254,0.008633633633633633,23
CHEMBL3256,0.005255255255255256,14
CHEMBL3276,0.0045045045045045045,12
CHEMBL3311,0.00563063063063063,15
CHEMBL3351,0.006756756756756757,18
CHEMBL3371,0.003003003003003003,8
CHEMBL3373,0.006006006006006006,16
CHEMBL3379,0.0045045045045045045,12
CHEMBL3409,0.005255255255255256,14
CHEMBL3419,0.002627627627627628,7
CHEMBL3421,0.006756756756756757,18
CHEMBL3429,0.00487987987987988,13
CHEMBL3438,0.007132132132132132,19
CHEMBL3473,0.003003003003003003,8
CHEMBL3474,0.00487987987987988,13
CHEMBL3475,0.007882882882882882,21
CHEMBL3477,0.003003003003003003,8
CHEMBL3478,0.0045045045045045045,12
CHEMBL3510,0.0007507507507507507,2
CHEMBL3514,0.0011261261261261261,3
CHEMBL3568,0.0033783783783783786,9
CHEMBL3572,0.0033783783783783786,9
CHEMBL3582,0.0063813813813813815,17
CHEMBL3595,0.004129129129129129,11
CHEMBL3610,0.021021021021021023,56
CHEMBL3636,0.002627627627627628,7
CHEMBL3650,0.017642642642642644,47
CHEMBL3708,0.012762762762762763,34
CHEMBL3710,0.003003003003003003,8
CHEMBL3721,0.0063813813813813815,17
CHEMBL3723,0.009009009009009009,24
CHEMBL3724,0.003003003003003003,8
CHEMBL3727,0.0011261261261261261,3
CHEMBL3764,0.002627627627627628,7
CHEMBL3768,0.005255255255255256,14
CHEMBL3769,0.0045045045045045045,12
CHEMBL3770,0.0015015015015015015,4
CHEMBL3775,0.010510510510510511,28
CHEMBL3816,0.012762762762762763,34
CHEMBL3817,0.006756756756756757,18
CHEMBL3819,0.003003003003003003,8
CHEMBL3841,0.0011261261261261261,3
CHEMBL3856,0.002627627627627628,7
CHEMBL3861,0.003003003003003003,8
CHEMBL3863,0.0015015015015015015,4
CHEMBL3892,0.0037537537537537537,10
CHEMBL3898,0.004129129129129129,11
CHEMBL3911,0.003003003003003003,8
CHEMBL3913,0.00487987987987988,13
CHEMBL3958,0.0033783783783783786,9
CHEMBL3961,0.024399399399399398,65
CHEMBL3969,0.0007507507507507507,2
CHEMBL3974,0.0045045045045045045,12
CHEMBL4018,0.002627627627627628,7
CHEMBL402,0.0045045045045045045,12
CHEMBL4068,0.0033783783783783786,9
CHEMBL4069,0.0033783783783783786,9
CHEMBL4071,0.009384384384384385,25
CHEMBL4072,0.007882882882882882,21
CHEMBL4074,0.0011261261261261261,3
CHEMBL4076,0.004129129129129129,11
CHEMBL4121,0.024024024024024024,64
CHEMBL4142,0.014264264264264264,38
CHEMBL4237,0.014264264264264264,38
CHEMBL4271,0.0022522522522522522,6
CHEMBL4273,0.0063813813813813815,17
CHEMBL4305,0.0011261261261261261,3
CHEMBL4306,0.0022522522522522522,6
CHEMBL4315,0.0045045045045045045,12
CHEMBL4330,0.006006006006006006,16
CHEMBL4425,0.006756756756756757,18
CHEMBL4429,0.003003003003003003,8
CHEMBL4467,0.0018768768768768769,5
CHEMBL4469,0.002627627627627628,7
CHEMBL4478,0.0011261261261261261,3
CHEMBL4549,0.015765765765765764,42
CHEMBL4550,0.003003003003003003,8
CHEMBL4551,0.00563063063063063,15
CHEMBL4573,0.0022522522522522522,6
CHEMBL4589,0.0015015015015015015,4
CHEMBL4605,0.0015015015015015015,4
CHEMBL4607,0.002627627627627628,7
CHEMBL4608,0.0037537537537537537,10
CHEMBL4617,0.0015015015015015015,4
CHEMBL4633,0.0011261261261261261,3
CHEMBL4708,0.0007507507507507507,2
CHEMBL4712,0.004129129129129129,11
CHEMBL4714,0.003003003003003003,8
CHEMBL4715,0.005255255255255256,14
CHEMBL4716,0.0015015015015015015,4
CHEMBL4744,0.007132132132132132,19
CHEMBL4761,0.006756756756756757,18
CHEMBL4763,0.022147147147147148,59
CHEMBL4770,0.0015015015015015015,4
CHEMBL4777,0.002627627627627628,7
CHEMBL4790,0.0045045045045045045,12
CHEMBL4794,0.0015015015015015015,4
CHEMBL4805,0.006756756756756757,18
CHEMBL4808,0.003003003003003003,8
CHEMBL4811,0.0022522522522522522,6
CHEMBL4812,0.0011261261261261261,3
CHEMBL4813,0.00487987987987988,13
CHEMBL4815,0.003003003003003003,8
CHEMBL4816,0.030405405405405407,81
CHEMBL4820,0.003003003003003003,8
CHEMBL4829,0.0045045045045045045,12
CHEMBL4832,0.007882882882882882,21
CHEMBL4833,0.0015015015015015015,4
CHEMBL4834,0.0033783783783783786,9
CHEMBL4835,0.0015015015015015015,4
CHEMBL4863,0.0018768768768768769,5
CHEMBL4865,0.00563063063063063,15
CHEMBL4866,0.0037537537537537537,10
CHEMBL4867,0.0033783783783783786,9
CHEMBL4868,0.0011261261261261261,3
CHEMBL4869,0.002627627627627628,7
CHEMBL4872,0.0015015015015015015,4
CHEMBL4873,0.0015015015015015015,4
CHEMBL4876,0.0033783783783783786,9
CHEMBL4878,0.005255255255255256,14
CHEMBL4880,0.0018768768768768769,5
CHEMBL4881,0.0022522522522522522,6
CHEMBL4883,0.0033783783783783786,9
CHEMBL4892,0.0033783783783783786,9
CHEMBL4894,0.002627627627627628,7
CHEMBL4924,0.0045045045045045045,12
CHEMBL4925,0.0011261261261261261,3
CHEMBL4928,0.01951951951951952,52
CHEMBL4939,0.0015015015015015015,4
CHEMBL4940,0.0011261261261261261,3
CHEMBL4941,0.0037537537537537537,10
CHEMBL4942,0.0015015015015015015,4
CHEMBL4945,0.0015015015015015015,4
CHEMBL4947,0.0011261261261261261,3
CHEMBL4949,0.004129129129129129,11
CHEMBL4977,0.026276276276276277,70
CHEMBL4983,0.004129129129129129,11
CHEMBL4985,0.0015015015015015015,4
CHEMBL5100,0.0011261261261261261,3
CHEMBL5103,0.006756756756756757,18
CHEMBL5113,0.003003003003003003,8
CHEMBL5135,0.002627627627627628,7
CHEMBL5136,0.005255255255255256,14
CHEMBL5444,0.009009009009009009,24
