drug_chembl_id,prop_mean_LumA,prop_max_LumA
CHEMBL1778,0.0003017651820619,0.0003017651820619
CHEMBL1782,9.101015942951444e-05,9.101015942951444e-05
CHEMBL1783,0.0007676228414631,0.0007676228414631
CHEMBL1785,0.0001285321060334,0.0001285321060334
CHEMBL1786,2.437409415336061e-05,2.437409415336061e-05
CHEMBL1787,9.907997903643855e-05,9.907997903643855e-05
CHEMBL1790,9.758945915931004e-05,9.758945915931004e-05
CHEMBL1791,0.0001213718757861,0.0001213718757861
CHEMBL1793,8.657863962710597e-05,8.657863962710597e-05
CHEMBL1795,5.631422352269166e-05,5.631422352269166e-05
CHEMBL1798,3.904729348487695e-05,3.904729348487695e-05
CHEMBL1800,0.0001309877511165,0.0001309877511165
CHEMBL1803,0.0002331556896158,0.0002331556896158
CHEMBL1804,5.4426962347679305e-05,5.4426962347679305e-05
CHEMBL1806,0.0003983965502254,0.0003983965502254
CHEMBL1807,0.0002616367763871,0.0002616367763871
CHEMBL1808,0.0001407002096692,0.0001407002096692
CHEMBL1811,9.029251914820811e-05,9.029251914820811e-05
CHEMBL1817,0.0002481787258762,0.0002481787258762
CHEMBL1821,1.628544314097298e-05,1.628544314097298e-05
CHEMBL1822,8.24948488097591e-05,8.24948488097591e-05
CHEMBL1824,0.0008584776388363,0.0008584776388363
CHEMBL1825,0.0009880895320851,0.0009880895320851
CHEMBL1827,7.777830308571728e-05,7.777830308571728e-05
CHEMBL1832,7.108929801692908e-05,7.108929801692908e-05
CHEMBL1833,3.755064238670271e-05,3.755064238670271e-05
CHEMBL1835,1.1792023713825423e-05,1.1792023713825423e-05
CHEMBL1836,3.5345111965600875e-05,3.5345111965600875e-05
CHEMBL1838,3.592344906952532e-05,3.592344906952532e-05
CHEMBL1839,7.039367669040116e-05,7.039367669040116e-05
CHEMBL1842,0.0001165468724858,0.0001165468724858
CHEMBL1843,0.0002489030917037,0.0002489030917037
CHEMBL1845,0.0001460013939853,0.0001460013939853
CHEMBL1846,0.0002048905360677,0.0002048905360677
CHEMBL1851,0.0004097215936425,0.0004097215936425
CHEMBL1854,0.000266664165809,0.000266664165809
CHEMBL1855,0.0001609924623902,0.0001609924623902
CHEMBL1856,0.0001032241815388,0.0001032241815388
CHEMBL1859,0.0001420394186627,0.0001420394186627
CHEMBL1860,0.0001214836121063,0.0001214836121063
CHEMBL1861,0.0001878192906807,0.0001878192906807
CHEMBL1864,0.0002476267468084,0.0002476267468084
CHEMBL1867,6.67859796412834e-05,6.67859796412834e-05
CHEMBL1868,0.0003204545866866,0.0003204545866866
CHEMBL1869,0.0001001251734579,0.0001001251734579
CHEMBL1871,0.0009265571902069,0.0009265571902069
CHEMBL1874,8.296273739589087e-05,8.296273739589087e-05
CHEMBL1875,0.0001544852256696,0.0001544852256696
CHEMBL1876,8.494963338785504e-05,8.494963338785504e-05
CHEMBL1879,4.705087196259986e-05,4.705087196259986e-05
CHEMBL1881,1.2887083171977932e-05,1.2887083171977932e-05
CHEMBL1882,0.0001114623099893,0.0001114623099893
CHEMBL1883,8.760818152137354e-05,8.760818152137354e-05
CHEMBL1886,0.000237165218446,0.000237165218446
CHEMBL1889,2.7711325482549105e-05,2.7711325482549105e-05
CHEMBL1892,5.492608670961449e-05,5.492608670961449e-05
CHEMBL1893,0.000133574319368,0.000133574319368
CHEMBL1898,6.757854533387521e-05,6.757854533387521e-05
CHEMBL1899,0.0002893570864128,0.0002893570864128
CHEMBL1900,0.0001388564115044,0.0001388564115044
CHEMBL1901,0.0001845445767271,0.0001845445767271
CHEMBL1903,0.0001623871131881,0.0001623871131881
CHEMBL1904,0.0005779906150299,0.0005779906150299
CHEMBL1905,0.0011281739802491,0.0011281739802491
CHEMBL1907,0.0003121407020296,0.0003121407020296
CHEMBL1910,9.854182035384916e-05,9.854182035384916e-05
CHEMBL1911,4.692123364370727e-05,4.692123364370727e-05
CHEMBL1912,3.1745806507795005e-05,3.1745806507795005e-05
CHEMBL1913,0.0006290340444864,0.0006290340444864
CHEMBL1914,3.878808640337e-05,3.878808640337e-05
CHEMBL1916,4.169120679435192e-05,4.169120679435192e-05
CHEMBL1919,0.0001040524134831,0.0001040524134831
CHEMBL1920,0.000172084287762,0.000172084287762
CHEMBL1925,0.0002760181963437,0.0002760181963437
CHEMBL1927,0.000149693293942,0.000149693293942
CHEMBL1929,0.0001107340455839,0.0001107340455839
CHEMBL1935,0.0002934543380346,0.0002934543380346
CHEMBL1936,0.0007243027465154,0.0007243027465154
CHEMBL1940,0.0004019321914035,0.0004019321914035
CHEMBL1941,3.2795493829377015e-05,3.2795493829377015e-05
CHEMBL1942,1.7521851968589702e-05,1.7521851968589702e-05
CHEMBL1944,0.0001901729656323,0.0001901729656323
CHEMBL1947,0.0001325733950411,0.0001325733950411
CHEMBL1950,0.0002483095024737,0.0002483095024737
CHEMBL1951,0.0001923306315151,0.0001923306315151
CHEMBL1952,0.0003057615476989,0.0003057615476989
CHEMBL1957,0.0005016092659419,0.0005016092659419
CHEMBL1958,0.0003385697237513,0.0003385697237513
CHEMBL1959,9.700836487297832e-05,9.700836487297832e-05
CHEMBL1962,0.0003905562383896,0.0003905562383896
CHEMBL1963,0.0002773157148341,0.0002773157148341
CHEMBL1966,2.4812300204120872e-05,2.4812300204120872e-05
CHEMBL1968,0.00013300723063,0.00013300723063
CHEMBL1969,0.0002539572646426,0.0002539572646426
CHEMBL1970,0.0003102739629208,0.0003102739629208
CHEMBL1971,2.049644820707232e-05,2.049644820707232e-05
CHEMBL1972,0.0005373951210321,0.0005373951210321
CHEMBL1975,0.000253210288015,0.000253210288015
CHEMBL1976,0.0001381883841137,0.0001381883841137
CHEMBL1977,0.0001657243548346,0.0001657243548346
CHEMBL1978,0.000232255028578,0.000232255028578
CHEMBL1981,0.0002429955601243,0.0002429955601243
CHEMBL1983,0.0001693088179797,0.0001693088179797
CHEMBL1985,3.025603490349912e-05,3.025603490349912e-05
CHEMBL1987,8.138713546416336e-06,8.138713546416336e-06
CHEMBL1988,6.476145667531708e-05,6.476145667531708e-05
CHEMBL1989,2.791834451502903e-06,2.791834451502903e-06
CHEMBL1991,0.0006445447364388,0.0006445447364388
CHEMBL1992,0.0004904988679292,0.0004904988679292
CHEMBL1993,0.0002797109002363,0.0002797109002363
CHEMBL1994,8.137740631222765e-05,8.137740631222765e-05
CHEMBL1995,1.2685363961232714e-05,1.2685363961232714e-05
CHEMBL1996,0.0002627688353002,0.0002627688353002
CHEMBL1997,3.0551622246353753e-05,3.0551622246353753e-05
CHEMBL2000,6.180373640170858e-05,6.180373640170858e-05
CHEMBL2001,0.0001981959592595,0.0001981959592595
CHEMBL2002,8.792167015047143e-05,8.792167015047143e-05
CHEMBL2004,0.0002624445659794,0.0002624445659794
CHEMBL2008,9.960372936706112e-05,9.960372936706112e-05
CHEMBL2014,6.74865222861379e-05,6.74865222861379e-05
CHEMBL2015,0.0004193573482906,0.0004193573482906
CHEMBL202,0.0001032745591343,0.0001032745591343
CHEMBL2023,0.0002605772932641,0.0002605772932641
CHEMBL2027,7.28629057224536e-05,7.28629057224536e-05
CHEMBL203,0.0017398769222158,0.0017398769222158
CHEMBL2033,0.0001321395836244,0.0001321395836244
CHEMBL2034,0.0004293741411258,0.0004293741411258
CHEMBL2035,2.6023720281109037e-05,2.6023720281109037e-05
CHEMBL2039,0.0001257158292404,0.0001257158292404
CHEMBL2040,0.000266958543078,0.000266958543078
CHEMBL2044,0.0001410102263933,0.0001410102263933
CHEMBL2045,5.8293331559015255e-05,5.8293331559015255e-05
CHEMBL2049,4.979645260515805e-05,4.979645260515805e-05
CHEMBL205,6.856672829953827e-05,6.856672829953827e-05
CHEMBL2050,3.3712041231325115e-05,3.3712041231325115e-05
CHEMBL2055,0.0003790370427578,0.0003790370427578
CHEMBL2056,0.0002279981984661,0.0002279981984661
CHEMBL2057,0.0001032745591343,0.0001032745591343
CHEMBL2058,2.0268582010028963e-05,2.0268582010028963e-05
CHEMBL2059,0.0001501510246961,0.0001501510246961
CHEMBL206,0.0011089085609771,0.0011089085609771
CHEMBL2060,0.0003853241561047,0.0003853241561047
CHEMBL2061,0.0007464165066772,0.0007464165066772
CHEMBL2062,0.000215251683486,0.000215251683486
CHEMBL2063,0.0001194913171194,0.0001194913171194
CHEMBL2064,0.0001847696408123,0.0001847696408123
CHEMBL2066,0.0001083170133618,0.0001083170133618
CHEMBL2069,0.0001229823289389,0.0001229823289389
CHEMBL207,0.0006515747708061,0.0006515747708061
CHEMBL2070,0.0001618625834653,0.0001618625834653
CHEMBL2071,6.016353664159552e-05,6.016353664159552e-05
CHEMBL2074,0.000119631932898,0.000119631932898
CHEMBL2075,7.7380289030991e-05,7.7380289030991e-05
CHEMBL2076,9.634345718277664e-05,9.634345718277664e-05
CHEMBL2079,1.9884933842661905e-05,1.9884933842661905e-05
CHEMBL208,0.0002551345348838,0.0002551345348838
CHEMBL2081,0.0002043293519002,0.0002043293519002
CHEMBL2083,0.0001747381912402,0.0001747381912402
CHEMBL2084,2.7437536498349888e-05,2.7437536498349888e-05
CHEMBL2085,7.03205587695294e-05,7.03205587695294e-05
CHEMBL2086,0.0003028508809787,0.0003028508809787
CHEMBL2088,0.0002762585255127,0.0002762585255127
CHEMBL209,0.0003447761999302,0.0003447761999302
CHEMBL2094,6.638140359277246e-05,6.638140359277246e-05
CHEMBL2099,0.0003116590642898,0.0003116590642898
CHEMBL210,0.0003002945104015,0.0003002945104015
CHEMBL2100,0.0001569078328855,0.0001569078328855
CHEMBL2102,0.0001745735431507,0.0001745735431507
CHEMBL2104,7.594991219015226e-05,7.594991219015226e-05
CHEMBL2105,0.0001237391425554,0.0001237391425554
CHEMBL2106,0.0001628269798655,0.0001628269798655
CHEMBL2107,0.0007208482727751,0.0007208482727751
CHEMBL2108,0.0002562304442194,0.0002562304442194
CHEMBL2109,0.000180597843382,0.000180597843382
CHEMBL2114,7.715807486305927e-05,7.715807486305927e-05
CHEMBL2116,0.0001329441667353,0.0001329441667353
CHEMBL2117,0.0001258735662449,0.0001258735662449
CHEMBL212,0.0003459798194952,0.0003459798194952
CHEMBL2120,0.0002431688378056,0.0002431688378056
CHEMBL2121,1.4728215043462025e-05,1.4728215043462025e-05
CHEMBL2123,3.679135364460336e-05,3.679135364460336e-05
CHEMBL2127,0.0001828990599095,0.0001828990599095
CHEMBL213,9.406428989700942e-05,9.406428989700942e-05
CHEMBL2131,2.2148476395936966e-05,2.2148476395936966e-05
CHEMBL2139,2.4237115695551967e-05,2.4237115695551967e-05
CHEMBL2147,0.0002855846997514,0.0002855846997514
CHEMBL2148,0.0006019485556078,0.0006019485556078
CHEMBL215,0.0001922502883322,0.0001922502883322
CHEMBL2156,5.631422352269166e-05,5.631422352269166e-05
CHEMBL2158,0.0001790968337157,0.0001790968337157
CHEMBL2159,0.0001422144866943,0.0001422144866943
CHEMBL216,0.000323736038287,0.000323736038287
CHEMBL2160,0.0001075949760837,0.0001075949760837
CHEMBL2161,0.0001159434749051,0.0001159434749051
CHEMBL2164,0.0004505278189395,0.0004505278189395
CHEMBL2167,0.0016721880653606,0.0016721880653606
CHEMBL217,0.0003323593887688,0.0003323593887688
CHEMBL2171,0.0002758090682002,0.0002758090682002
CHEMBL218,0.0001413641747364,0.0001413641747364
CHEMBL2182,0.0001561512468017,0.0001561512468017
CHEMBL2184,0.0002102265773255,0.0002102265773255
CHEMBL2185,0.0004428593924771,0.0004428593924771
CHEMBL219,6.530378793093055e-05,6.530378793093055e-05
CHEMBL2193,4.635328646851155e-05,4.635328646851155e-05
CHEMBL2194,3.5369548179800414e-05,3.5369548179800414e-05
CHEMBL220,5.2993046080917e-05,5.2993046080917e-05
CHEMBL2200,9.239304405541712e-05,9.239304405541712e-05
CHEMBL2202,0.0001417595778933,0.0001417595778933
CHEMBL2206,0.0001137907992992,0.0001137907992992
CHEMBL221,0.0001236025313847,0.0001236025313847
CHEMBL222,0.0002277966602268,0.0002277966602268
CHEMBL223,8.107882098583258e-05,8.107882098583258e-05
CHEMBL224,0.0002528089115919,0.0002528089115919
CHEMBL2249,0.0001021113238666,0.0001021113238666
CHEMBL225,0.0001431861681156,0.0001431861681156
CHEMBL226,7.715807486305927e-05,7.715807486305927e-05
CHEMBL227,0.0001603630690736,0.0001603630690736
CHEMBL228,0.0001530434620328,0.0001530434620328
CHEMBL229,0.0001937721980701,0.0001937721980701
CHEMBL230,0.0002430368915446,0.0002430368915446
CHEMBL231,1.57220148223858e-05,1.57220148223858e-05
CHEMBL232,0.0001336638227207,0.0001336638227207
CHEMBL2326,2.1955646198599603e-05,2.1955646198599603e-05
CHEMBL2327,1.0308452811141444e-05,1.0308452811141444e-05
CHEMBL2335,4.715366633691312e-05,4.715366633691312e-05
CHEMBL235,0.0007671840989817,0.0007671840989817
CHEMBL236,0.0002308992428288,0.0002308992428288
CHEMBL2360,0.0001334245963329,0.0001334245963329
CHEMBL237,0.0001939496912176,0.0001939496912176
CHEMBL238,0.0001499545251032,0.0001499545251032
CHEMBL2388,9.70274430300207e-05,9.70274430300207e-05
CHEMBL239,0.0004470976322873,0.0004470976322873
CHEMBL2392,7.8981208440534e-05,7.8981208440534e-05
CHEMBL2399,2.341856223994297e-05,2.341856223994297e-05
CHEMBL240,0.0002264254532917,0.0002264254532917
CHEMBL2401,7.44858469022486e-05,7.44858469022486e-05
CHEMBL241,7.032950911920481e-05,7.032950911920481e-05
CHEMBL2412,0.0007200296173829,0.0007200296173829
CHEMBL2413,0.0002649157878478,0.0002649157878478
CHEMBL2414,0.0001748786571473,0.0001748786571473
CHEMBL2419,4.524734619924031e-05,4.524734619924031e-05
CHEMBL242,0.0002657367251227,0.0002657367251227
CHEMBL2421,1.762577310524681e-05,1.762577310524681e-05
CHEMBL2428,0.0001250388788617,0.0001250388788617
CHEMBL2430,6.687118158933873e-05,6.687118158933873e-05
CHEMBL2433,5.1374352234689095e-05,5.1374352234689095e-05
CHEMBL2434,0.0003117076560886,0.0003117076560886
CHEMBL2438,1.1741794815032922e-05,1.1741794815032922e-05
CHEMBL2439,0.0001990550458174,0.0001990550458174
CHEMBL244,9.894664608644812e-05,9.894664608644812e-05
CHEMBL2441,0.0001688496128358,0.0001688496128358
CHEMBL2442,0.0002931373510622,0.0002931373510622
CHEMBL2443,7.08768462135869e-05,7.08768462135869e-05
CHEMBL2447,0.0001417275413712,0.0001417275413712
CHEMBL245,3.665286669126584e-05,3.665286669126584e-05
CHEMBL2457,0.00010004064624,0.00010004064624
CHEMBL246,0.0002196064592057,0.0002196064592057
CHEMBL2460,7.487129400212504e-05,7.487129400212504e-05
CHEMBL2461,7.487129400212504e-05,7.487129400212504e-05
CHEMBL2465,0.0001748716651388,0.0001748716651388
CHEMBL2468,1.934028677578611e-05,1.934028677578611e-05
CHEMBL2469,3.378084122788529e-05,3.378084122788529e-05
CHEMBL2476,0.0003120880224401,0.0003120880224401
CHEMBL2478,0.0002122939267414,0.0002122939267414
CHEMBL248,0.0003148708248004,0.0003148708248004
CHEMBL2484,1.4967110805124244e-05,1.4967110805124244e-05
CHEMBL2487,0.0006120855339481,0.0006120855339481
CHEMBL249,6.172425911726315e-05,6.172425911726315e-05
CHEMBL2490,0.0002528089115919,0.0002528089115919
CHEMBL2492,0.0001137177564212,0.0001137177564212
CHEMBL2493,1.6864353950887215e-05,1.6864353950887215e-05
CHEMBL2494,7.943775739686648e-05,7.943775739686648e-05
CHEMBL2498,0.0013199408521544,0.0013199408521544
CHEMBL250,3.2370409132377096e-05,3.2370409132377096e-05
CHEMBL2502,5.7319517372487e-05,5.7319517372487e-05
CHEMBL2503,8.163382764937348e-05,8.163382764937348e-05
CHEMBL2506,0.0013382335805315,0.0013382335805315
CHEMBL2508,0.0004303670186149,0.0004303670186149
CHEMBL251,6.073414513221325e-05,6.073414513221325e-05
CHEMBL2514,2.515895279985334e-05,2.515895279985334e-05
CHEMBL2517,4.85535844544431e-05,4.85535844544431e-05
CHEMBL252,0.0001493318814091,0.0001493318814091
CHEMBL2524,0.0001107854895963,0.0001107854895963
CHEMBL2525,2.2060850768635285e-05,2.2060850768635285e-05
CHEMBL2527,0.0004816458412388,0.0004816458412388
CHEMBL253,2.9927736114082907e-05,2.9927736114082907e-05
CHEMBL2531,5.0989533586717456e-05,5.0989533586717456e-05
CHEMBL2534,0.0002833478237931,0.0002833478237931
CHEMBL2536,0.0001566975877459,0.0001566975877459
CHEMBL254,0.0001144311711454,0.0001144311711454
CHEMBL255,9.223731936381288e-05,9.223731936381288e-05
CHEMBL2552,0.0001237658248439,0.0001237658248439
CHEMBL2553,0.0001279624699009,0.0001279624699009
CHEMBL2559,0.0002290151699955,0.0002290151699955
CHEMBL256,1.7749408668798047e-05,1.7749408668798047e-05
CHEMBL2575,0.0001032745591343,0.0001032745591343
CHEMBL258,0.000899610782058,0.000899610782058
CHEMBL2581,0.0001783736804649,0.0001783736804649
CHEMBL2582,0.0005964954058387,0.0005964954058387
CHEMBL259,0.000216233514204,0.000216233514204
CHEMBL2595,2.857295809328524e-05,2.857295809328524e-05
CHEMBL2597,0.0001142338358728,0.0001142338358728
CHEMBL2599,0.0007212302414014,0.0007212302414014
CHEMBL2600,0.0002864164309538,0.0002864164309538
CHEMBL2608,4.326158471307019e-05,4.326158471307019e-05
CHEMBL2609,1.5180367938379312e-05,1.5180367938379312e-05
CHEMBL2626,2.791834451502903e-06,2.791834451502903e-06
CHEMBL2632,0.000445119743764,0.000445119743764
CHEMBL2634,0.0003519184054597,0.0003519184054597
CHEMBL264,4.347683443913442e-06,4.347683443913442e-06
CHEMBL2641,3.489622526558317e-05,3.489622526558317e-05
CHEMBL2650,9.117027609149324e-05,9.117027609149324e-05
CHEMBL2652,7.211468128049745e-05,7.211468128049745e-05
CHEMBL2655,0.0002099685556211,0.0002099685556211
CHEMBL2656,6.502891347932804e-05,6.502891347932804e-05
CHEMBL267,0.0021896765921878,0.0021896765921878
CHEMBL268,0.0001545518864401,0.0001545518864401
CHEMBL2692,5.138613169702501e-05,5.138613169702501e-05
CHEMBL271,5.263177069501943e-05,5.263177069501943e-05
CHEMBL2736,0.0002228833007603,0.0002228833007603
CHEMBL274,0.0004243599287029,0.0004243599287029
CHEMBL275,6.717042042841205e-05,6.717042042841205e-05
CHEMBL2754,0.000965896713648,0.000965896713648
CHEMBL278,0.0002768734789624,0.0002768734789624
CHEMBL279,0.0008156027111702,0.0008156027111702
CHEMBL2796,8.789224015629695e-06,8.789224015629695e-06
CHEMBL280,0.0002954037522092,0.0002954037522092
CHEMBL281,0.0002072356644279,0.0002072356644279
CHEMBL2835,0.0008569616480978,0.0008569616480978
CHEMBL2847,0.0004470976322873,0.0004470976322873
CHEMBL2849,7.077828583349331e-06,7.077828583349331e-06
CHEMBL2882,3.2795493829377015e-05,3.2795493829377015e-05
CHEMBL2883,0.0001298316650187,0.0001298316650187
CHEMBL2885,1.7987876934510714e-05,1.7987876934510714e-05
CHEMBL2886,0.0001055682248949,0.0001055682248949
CHEMBL2887,0.0002510685907665,0.0002510685907665
CHEMBL2888,0.0002333080224127,0.0002333080224127
CHEMBL2896,0.0002239834063128,0.0002239834063128
CHEMBL2897,0.0003458649584089,0.0003458649584089
CHEMBL2918,0.00087205788827,0.00087205788827
CHEMBL2938,0.0003569623192524,0.0003569623192524
CHEMBL2940,0.000256383366693,0.000256383366693
CHEMBL2959,0.0003641763358943,0.0003641763358943
CHEMBL2960,0.0004368886166426,0.0004368886166426
CHEMBL2963,5.8028491961801335e-05,5.8028491961801335e-05
CHEMBL2964,0.000403105215582,0.000403105215582
CHEMBL2971,0.0011077135693759,0.0011077135693759
CHEMBL2972,9.73463177506738e-05,9.73463177506738e-05
CHEMBL2979,0.0001711352461897,0.0001711352461897
CHEMBL3023,9.936403168014626e-05,9.936403168014626e-05
CHEMBL3024,0.0005184894409426,0.0005184894409426
CHEMBL3025,0.0001796905634259,0.0001796905634259
CHEMBL3028,7.49818596995208e-05,7.49818596995208e-05
CHEMBL3030,0.0004800753678827,0.0004800753678827
CHEMBL3038,4.048746102336769e-06,4.048746102336769e-06
CHEMBL3040,0.0003765136382681,0.0003765136382681
CHEMBL3043,8.770339088478394e-05,8.770339088478394e-05
CHEMBL3076,0.0001132200338463,0.0001132200338463
CHEMBL3079,4.431668860814742e-06,4.431668860814742e-06
CHEMBL3080,7.934083322072264e-05,7.934083322072264e-05
CHEMBL3123,1.8484237845079702e-05,1.8484237845079702e-05
CHEMBL3125,4.008643710569937e-05,4.008643710569937e-05
CHEMBL3126,2.538682508606176e-05,2.538682508606176e-05
CHEMBL3142,0.0002433716638634,0.0002433716638634
CHEMBL3143,7.242409583721637e-05,7.242409583721637e-05
CHEMBL3155,4.7645068404418416e-05,4.7645068404418416e-05
CHEMBL3157,8.403397529098731e-05,8.403397529098731e-05
CHEMBL3164,0.0003087177538173,0.0003087177538173
CHEMBL3167,0.0001227842540556,0.0001227842540556
CHEMBL3191,4.3260581814471895e-05,4.3260581814471895e-05
CHEMBL3201,0.0001365931240115,0.0001365931240115
CHEMBL3230,4.165883771796324e-05,4.165883771796324e-05
CHEMBL3231,0.0003947946165984,0.0003947946165984
CHEMBL3233,0.0003557896510972,0.0003557896510972
CHEMBL3240,0.0001057267144257,0.0001057267144257
CHEMBL3253,0.0006994001660954,0.0006994001660954
CHEMBL3254,0.0001923306315151,0.0001923306315151
CHEMBL3256,0.0001161169475255,0.0001161169475255
CHEMBL3276,0.0003275253264105,0.0003275253264105
CHEMBL3311,0.0001388129677186,0.0001388129677186
CHEMBL3351,9.40416175893125e-05,9.40416175893125e-05
CHEMBL3371,2.8459560634001323e-05,2.8459560634001323e-05
CHEMBL3373,0.0003002945104015,0.0003002945104015
CHEMBL3379,6.708560929206495e-05,6.708560929206495e-05
CHEMBL3409,0.0003315769994404,0.0003315769994404
CHEMBL3419,0.0001503976402764,0.0001503976402764
CHEMBL3421,0.0001125833902745,0.0001125833902745
CHEMBL3429,9.196418013606904e-05,9.196418013606904e-05
CHEMBL3438,0.0004322796917055,0.0004322796917055
CHEMBL3473,0.0002861373381327,0.0002861373381327
CHEMBL3474,7.009275900263828e-05,7.009275900263828e-05
CHEMBL3475,0.0002826917587588,0.0002826917587588
CHEMBL3477,7.211468128049745e-05,7.211468128049745e-05
CHEMBL3478,7.777830308571728e-05,7.777830308571728e-05
CHEMBL3510,3.798445762430811e-05,3.798445762430811e-05
CHEMBL3514,0.0001688496128358,0.0001688496128358
CHEMBL3568,0.0004214412662424,0.0004214412662424
CHEMBL3572,0.0001333868280767,0.0001333868280767
CHEMBL3582,0.0003435587990476,0.0003435587990476
CHEMBL3595,0.0001969507845911,0.0001969507845911
CHEMBL3610,0.0009384834824677,0.0009384834824677
CHEMBL3636,3.139708354762612e-05,3.139708354762612e-05
CHEMBL3650,0.0005900666954846,0.0005900666954846
CHEMBL3708,0.0001766609334116,0.0001766609334116
CHEMBL3710,3.355338609888812e-05,3.355338609888812e-05
CHEMBL3721,0.000335311919982,0.000335311919982
CHEMBL3723,0.0004644196699022,0.0004644196699022
CHEMBL3724,0.0001699247749737,0.0001699247749737
CHEMBL3727,0.0001126077294738,0.0001126077294738
CHEMBL3764,7.90929194318725e-05,7.90929194318725e-05
CHEMBL3768,0.0001901729656323,0.0001901729656323
CHEMBL3769,0.0003447761999302,0.0003447761999302
CHEMBL3770,7.6014862279794065e-06,7.6014862279794065e-06
CHEMBL3775,0.0002817543684743,0.0002817543684743
CHEMBL3816,0.0001714410737292,0.0001714410737292
CHEMBL3817,0.0001120810534222,0.0001120810534222
CHEMBL3819,0.0001651858126338,0.0001651858126338
CHEMBL3841,0.0001392128586542,0.0001392128586542
CHEMBL3856,0.0001098999833043,0.0001098999833043
CHEMBL3861,1.600473192298648e-05,1.600473192298648e-05
CHEMBL3863,0.0002295612095086,0.0002295612095086
CHEMBL3892,5.956864252866129e-05,5.956864252866129e-05
CHEMBL3898,0.0001195599885173,0.0001195599885173
CHEMBL3911,2.8510833140715746e-05,2.8510833140715746e-05
CHEMBL3913,6.316277703181261e-05,6.316277703181261e-05
CHEMBL3958,0.0001026305194755,0.0001026305194755
CHEMBL3961,0.0006078106040346,0.0006078106040346
CHEMBL3969,1.128781832326445e-05,1.128781832326445e-05
CHEMBL3974,0.0002468773206565,0.0002468773206565
CHEMBL4018,0.0001741955228216,0.0001741955228216
CHEMBL402,0.0001950743625727,0.0001950743625727
CHEMBL4068,7.292223767125243e-05,7.292223767125243e-05
CHEMBL4069,0.0002007446056822,0.0002007446056822
CHEMBL4071,0.0003792200241301,0.0003792200241301
CHEMBL4072,0.0001918682133098,0.0001918682133098
CHEMBL4074,0.0001407002096692,0.0001407002096692
CHEMBL4076,9.035191840264604e-05,9.035191840264604e-05
CHEMBL4121,0.0004152018070224,0.0004152018070224
CHEMBL4142,0.0005520921755623,0.0005520921755623
CHEMBL4237,6.570795345691334e-05,6.570795345691334e-05
CHEMBL4271,0.000133574319368,0.000133574319368
CHEMBL4273,0.0002904891187715,0.0002904891187715
CHEMBL4305,0.0001397947172121,0.0001397947172121
CHEMBL4306,8.010243657696062e-05,8.010243657696062e-05
CHEMBL4315,4.865178499189877e-05,4.865178499189877e-05
CHEMBL4330,0.000180151208978,0.000180151208978
CHEMBL4425,9.117027609149324e-05,9.117027609149324e-05
CHEMBL4429,0.0002310284056943,0.0002310284056943
CHEMBL4467,1.970497052776181e-05,1.970497052776181e-05
CHEMBL4469,9.95171618818063e-05,9.95171618818063e-05
CHEMBL4478,0.0001455513489526,0.0001455513489526
CHEMBL4549,0.0005404610499709,0.0005404610499709
CHEMBL4550,2.369442474089688e-05,2.369442474089688e-05
CHEMBL4551,7.801960729099188e-05,7.801960729099188e-05
CHEMBL4573,8.721089865316852e-05,8.721089865316852e-05
CHEMBL4589,0.0001780825344498,0.0001780825344498
CHEMBL4605,0.0002473703156473,0.0002473703156473
CHEMBL4607,0.000160514148812,0.000160514148812
CHEMBL4608,0.0001823393651423,0.0001823393651423
CHEMBL4617,3.388278202510159e-05,3.388278202510159e-05
CHEMBL4633,7.757434221307763e-05,7.757434221307763e-05
CHEMBL4708,8.798983513307064e-05,8.798983513307064e-05
CHEMBL4712,7.688888871325484e-05,7.688888871325484e-05
CHEMBL4714,2.0113203757747927e-05,2.0113203757747927e-05
CHEMBL4715,0.0001105529376249,0.0001105529376249
CHEMBL4716,5.510486047106308e-05,5.510486047106308e-05
CHEMBL4744,6.67859796412834e-05,6.67859796412834e-05
CHEMBL4761,5.311676939823672e-05,5.311676939823672e-05
CHEMBL4762,0.0003156866115357,0.0003156866115357
CHEMBL4763,0.0002105157369966,0.0002105157369966
CHEMBL4770,3.8390040365432015e-05,3.8390040365432015e-05
CHEMBL4777,5.78762930102681e-05,5.78762930102681e-05
CHEMBL4790,5.735551772504636e-05,5.735551772504636e-05
CHEMBL4794,0.0002903503911296,0.0002903503911296
CHEMBL4805,0.0001002398229997,0.0001002398229997
CHEMBL4806,1.557478589089955e-05,1.557478589089955e-05
CHEMBL4808,0.0001163178077866,0.0001163178077866
CHEMBL4811,7.036084769183013e-05,7.036084769183013e-05
CHEMBL4812,0.0001790910244453,0.0001790910244453
CHEMBL4813,0.0001321395836244,0.0001321395836244
CHEMBL4815,1.0308452811141444e-05,1.0308452811141444e-05
CHEMBL4816,0.0006498197972263,0.0006498197972263
CHEMBL4820,8.138713546416336e-06,8.138713546416336e-06
CHEMBL4829,7.100829354350935e-05,7.100829354350935e-05
CHEMBL4832,0.0001576593643741,0.0001576593643741
CHEMBL4833,2.22255050284593e-05,2.22255050284593e-05
CHEMBL4834,6.3928085902484e-05,6.3928085902484e-05
CHEMBL4835,0.0001745735431507,0.0001745735431507
CHEMBL4863,2.410408449085712e-05,2.410408449085712e-05
CHEMBL4865,9.09654303918786e-05,9.09654303918786e-05
CHEMBL4866,0.0001646188452321,0.0001646188452321
CHEMBL4867,2.58914923915948e-05,2.58914923915948e-05
CHEMBL4868,1.756027202494463e-05,1.756027202494463e-05
CHEMBL4869,0.0002077850172483,0.0002077850172483
CHEMBL4872,0.0001191084520575,0.0001191084520575
CHEMBL4873,5.748568075864378e-05,5.748568075864378e-05
CHEMBL4876,0.0002331681720251,0.0002331681720251
CHEMBL4878,0.0001996788956603,0.0001996788956603
CHEMBL4880,0.0001986914139818,0.0001986914139818
CHEMBL4881,0.0001301648819293,0.0001301648819293
CHEMBL4883,0.0002445686312442,0.0002445686312442
CHEMBL4892,0.0001937721980701,0.0001937721980701
CHEMBL4894,0.0001739283876676,0.0001739283876676
CHEMBL4924,7.34436379932383e-05,7.34436379932383e-05
CHEMBL4925,8.170618721744564e-05,8.170618721744564e-05
CHEMBL4928,0.0004114316068492,0.0004114316068492
CHEMBL4939,0.0002079677139205,0.0002079677139205
CHEMBL4940,0.0001271084538485,0.0001271084538485
CHEMBL4941,3.772507230455983e-05,3.772507230455983e-05
CHEMBL4942,6.638140359277246e-05,6.638140359277246e-05
CHEMBL4945,1.9884933842661905e-05,1.9884933842661905e-05
CHEMBL4947,7.695351341018843e-05,7.695351341018843e-05
CHEMBL4949,5.960401769525946e-05,5.960401769525946e-05
CHEMBL4977,0.0013169797031096,0.0013169797031096
CHEMBL4983,0.0001422029325409,0.0001422029325409
CHEMBL4985,6.7852667859371e-05,6.7852667859371e-05
CHEMBL5100,5.344468059217981e-05,5.344468059217981e-05
CHEMBL5103,0.0001188943757407,0.0001188943757407
CHEMBL5113,0.0003679869930268,0.0003679869930268
CHEMBL5135,0.0002268248516899,0.0002268248516899
CHEMBL5136,3.2370409132377096e-05,3.2370409132377096e-05
CHEMBL5444,9.06705188881257e-05,9.06705188881257e-05
