drug,n_pathways_tnbc,mean_pathway_score_tnbc,max_pathway_score_tnbc,sum_pathway_score_tnbc,tnbc_pathway_overlap_jaccard,n_shared_pathways_tnbc,tnbc_pathway_enrichment_similarity,n_families_tnbc,n_targets_with_family_tnbc
CHEMBL1778,16,0.0005436087304297,0.0006179740906595,0.0086977396868759,0.009009009009009,16,0.0005436087304296,1,1
CHEMBL1782,5,0.0004427200128293,0.0005043894392236,0.0022136000641466,0.0028121484814398,5,0.0004427200128292,0,0
CHEMBL1783,29,0.0006004067379724,0.0010115523172975,0.0174117954011998,0.0163288288288288,29,0.0006004067379723,1,1
CHEMBL1785,10,0.0004819041722717,0.0005938015641085,0.004819041722717,0.0056306306306306,10,0.0004819041722716,1,1
CHEMBL1786,2,0.0004787365934677,0.0004790010121981,0.0009574731869355,0.0011254924029262,2,0.0004787365934677,1,1
CHEMBL1787,5,0.0004712158920977,0.0005043894392236,0.0023560794604886,0.0028153153153153,5,0.0004712158920977,1,1
CHEMBL1790,16,0.0005109247095357,0.0008106735657093,0.0081747953525723,0.0089938167509836,16,0.0005109247095357,1,1
CHEMBL1791,5,0.0006414398045663,0.0013890700171119,0.0032071990228318,0.0028137310073157,5,0.0006414398045663,1,1
CHEMBL1793,6,0.0004812285599901,0.0005491911751487,0.0028873713599411,0.0033783783783783,6,0.0004812285599901,1,1
CHEMBL1795,3,0.0004117704698143,0.0004259008439356,0.0012353114094431,0.0016891891891891,3,0.0004117704698143,1,1
CHEMBL1798,15,0.0005046642882129,0.0005938015641085,0.0075699643231938,0.0084317032040472,15,0.0005046642882128,1,1
CHEMBL1800,6,0.0004812285599901,0.0005491911751487,0.0028873713599411,0.0033783783783783,6,0.0004812285599901,1,1
CHEMBL1803,14,0.0005172530796214,0.0007361189669008,0.0072415431146997,0.0078828828828828,14,0.0005172530796213,1,1
CHEMBL1804,7,0.0004499516073119,0.0005182265072725,0.0031496612511838,0.0039414414414414,7,0.0004499516073119,1,1
CHEMBL1806,10,0.0005554519934118,0.0006290015040852,0.005554519934118,0.0056306306306306,10,0.0005554519934117,1,1
CHEMBL1807,11,0.0004845087677563,0.000645738765762,0.0053295964453201,0.0061936936936936,11,0.0004845087677563,1,1
CHEMBL1808,3,0.0004166023645587,0.0005009456780062,0.0012498070936762,0.0016891891891891,3,0.0004166023645587,1,1
CHEMBL1811,6,0.0004807426459133,0.0005938015641085,0.0028844558754803,0.0033745781777277,6,0.0004807426459133,1,1
CHEMBL1817,6,0.0006502415812182,0.0008102818038131,0.0039014494873093,0.0033783783783783,6,0.0006502415812181,1,1
CHEMBL1821,8,0.0004223069631115,0.0005182265072725,0.0033784557048922,0.0045045045045045,8,0.0004223069631114,1,1
CHEMBL1822,12,0.0005048595214027,0.0005768664048481,0.0060583142568334,0.0067491563554555,12,0.0005048595214027,1,1
CHEMBL1824,58,0.0007084348507167,0.0009405602640435,0.041089221341571,0.0326576576576576,58,0.0007084348507167,1,1
CHEMBL1827,11,0.000485232874239,0.0007265274502919,0.0053375616166293,0.0061902082160945,11,0.000485232874239,1,1
CHEMBL1832,6,0.0004812285599901,0.0005491911751487,0.0028873713599411,0.0033764772087788,6,0.0004812285599901,1,1
CHEMBL1833,7,0.000457029754172,0.0005938015641085,0.003199208279204,0.0039392234102419,7,0.0004570297541719,1,1
CHEMBL1835,10,0.0004189106533443,0.0005043894392236,0.0041891065334433,0.0056211354693648,10,0.0004189106533443,1,1
CHEMBL1836,6,0.0004733075810867,0.0005491911751487,0.0028398454865205,0.0033745781777277,6,0.0004733075810867,1,1
CHEMBL1839,4,0.0006731190941054,0.0007519097872204,0.0026924763764219,0.0022522522522522,4,0.0006731190941054,1,1
CHEMBL1842,10,0.0005014641218339,0.0005673045318414,0.0050146412183394,0.0056306306306306,10,0.0005014641218339,1,1
CHEMBL1843,3,0.0006468555297338,0.0007519097872204,0.0019405665892015,0.0016872890888638,3,0.0006468555297338,0,0
CHEMBL1845,8,0.0004759106838366,0.0005868213347151,0.0038072854706933,0.0045045045045045,8,0.0004759106838366,1,1
CHEMBL1846,6,0.0006143488323098,0.0013890700171119,0.0036860929938593,0.0033783783783783,6,0.0006143488323098,1,1
CHEMBL1851,13,0.0004418836728251,0.0005043894392236,0.0057444877467274,0.0073198198198198,13,0.0004418836728251,1,1
CHEMBL1854,6,0.0004733075810867,0.0005491911751487,0.0028398454865205,0.0033764772087788,6,0.0004733075810867,1,1
CHEMBL1855,6,0.0004807426459133,0.0005938015641085,0.0028844558754803,0.0033764772087788,6,0.0004807426459133,1,1
CHEMBL1856,5,0.0004712158920977,0.0005043894392236,0.0023560794604886,0.0028153153153153,5,0.0004712158920977,1,1
CHEMBL1859,10,0.0005372518179882,0.000795557959329,0.0053725181798825,0.0056306306306306,10,0.0005372518179882,1,1
CHEMBL1860,9,0.0005499407943611,0.0005994576540304,0.0049494671492506,0.0050675675675675,9,0.0005499407943611,1,1
CHEMBL1861,2,0.0005943284009905,0.000709655789783,0.0011886568019811,0.0011248593925759,2,0.0005943284009905,1,1
CHEMBL1864,3,0.0005797411559679,0.0006648524079466,0.0017392234679038,0.0016891891891891,3,0.0005797411559679,1,1
CHEMBL1867,17,0.0004665848920284,0.0006648524079466,0.0079319431644831,0.0095613048368953,17,0.0004665848920283,1,1
CHEMBL1868,6,0.0005476339011863,0.000640963966067,0.0032858034071179,0.0033783783783783,6,0.0005476339011862,1,1
CHEMBL1869,2,0.0005943284009905,0.000709655789783,0.0011886568019811,0.0011248593925759,2,0.0005943284009905,1,1
CHEMBL1871,23,0.0005630925987841,0.0007085366872923,0.0129511297720357,0.0129504504504504,23,0.0005630925987841,1,1
CHEMBL1874,4,0.0005273428119377,0.0008106735657093,0.0021093712477508,0.0022471910112359,4,0.0005273428119377,1,1
CHEMBL1875,7,0.0004506568414634,0.0005491911751487,0.0031545978902442,0.0039392234102419,7,0.0004506568414634,1,1
CHEMBL1876,4,0.0005273428119377,0.0008106735657093,0.0021093712477508,0.0022471910112359,4,0.0005273428119377,1,1
CHEMBL1881,6,0.0004733075810867,0.0005491911751487,0.0028398454865205,0.0033745781777277,6,0.0004733075810867,1,1
CHEMBL1882,3,0.0004926539126606,0.0005054886485959,0.0014779617379819,0.0016835016835016,3,0.0004926539126606,1,1
CHEMBL1883,3,0.0004926539126606,0.0005054886485959,0.0014779617379819,0.0016835016835016,3,0.0004926539126606,1,1
CHEMBL1886,14,0.0005219134349192,0.0008106735657093,0.00730678808887,0.0078695896571107,14,0.0005219134349192,1,1
CHEMBL1889,9,0.0005101809879687,0.0008106735657093,0.0045916288917187,0.0050590219224283,9,0.0005101809879687,1,1
CHEMBL1892,3,0.0005007331275348,0.000709655789783,0.0015021993826045,0.0016891891891891,3,0.0005007331275348,1,1
CHEMBL1893,6,0.0004481213519752,0.0004931057336792,0.0026887281118517,0.0033783783783783,6,0.0004481213519752,1,1
CHEMBL1898,7,0.000438202962421,0.0005182265072725,0.0030674207369474,0.0039392234102419,7,0.000438202962421,1,1
CHEMBL1899,3,0.0004926539126606,0.0005054886485959,0.0014779617379819,0.0016891891891891,3,0.0004926539126606,1,1
CHEMBL1900,5,0.0004760047757043,0.0005043894392236,0.0023800238785216,0.0028089887640449,5,0.0004760047757043,1,1
CHEMBL1901,7,0.0004687783990629,0.0005938015641085,0.0032814487934405,0.0039414414414414,7,0.0004687783990628,1,1
CHEMBL1903,6,0.0004403812513267,0.0004931057336792,0.0026422875079607,0.0033745781777277,6,0.0004403812513267,1,1
CHEMBL1904,32,0.0005595057870633,0.0008304627284669,0.0179041851860266,0.018018018018018,32,0.0005595057870632,1,1
CHEMBL1905,73,0.000585470999641,0.001136726839655,0.0427393829737993,0.0411036036036036,73,0.000585470999641,1,1
CHEMBL1907,6,0.0004680938347241,0.0005673045318414,0.0028085630083451,0.0033783783783783,6,0.0004680938347241,1,1
CHEMBL1910,5,0.0004853473182479,0.0005019766577784,0.0024267365912396,0.0028058361391694,5,0.0004853473182478,1,1
CHEMBL1911,4,0.000460774089622,0.0004931057336792,0.001843096358488,0.0022509848058525,4,0.0004607740896219,1,1
CHEMBL1912,3,0.0004403397929747,0.0005201500436453,0.0013210193789241,0.0016891891891891,3,0.0004403397929747,1,1
CHEMBL1913,15,0.0005867428516183,0.0007432413772932,0.0088011427742758,0.0084459459459459,15,0.0005867428516183,1,1
CHEMBL1914,10,0.0004992064543826,0.0006389875419489,0.0049920645438268,0.0056211354693648,10,0.0004992064543826,1,1
CHEMBL1916,17,0.0004665848920284,0.0006648524079466,0.0079319431644831,0.0095613048368953,17,0.0004665848920283,1,1
CHEMBL1919,5,0.0005264456176676,0.0006001416908039,0.002632228088338,0.0028137310073157,5,0.0005264456176675,1,1
CHEMBL1920,7,0.0005305850386252,0.0008031264859969,0.0037140952703765,0.0039414414414414,7,0.0005305850386251,1,1
CHEMBL1925,7,0.0004814657360703,0.0005491911751487,0.0033702601524926,0.0039414414414414,7,0.0004814657360703,1,1
CHEMBL1927,25,0.0006197445946052,0.0013370010511974,0.0154936148651313,0.0140607424071991,25,0.0006197445946052,1,1
CHEMBL1929,6,0.0004860761275116,0.0005479474365246,0.0029164567650701,0.0033726812816188,6,0.0004860761275116,1,1
CHEMBL1935,9,0.0004795806335384,0.0007375955243429,0.0043162257018461,0.0050561797752808,9,0.0004795806335384,1,1
CHEMBL1936,42,0.0005838372509067,0.0008521465137426,0.024521164538084,0.0236486486486486,42,0.0005838372509067,1,1
CHEMBL1940,13,0.0005001022572169,0.000795557959329,0.0065013293438203,0.0073198198198198,13,0.0005001022572169,1,1
CHEMBL1941,7,0.0004506568414634,0.0005491911751487,0.0031545978902442,0.0039392234102419,7,0.0004506568414634,1,1
CHEMBL1942,12,0.000462602071522,0.0006648524079466,0.0055512248582642,0.0067529544175576,12,0.0004626020715219,1,1
CHEMBL1944,14,0.0005218639640378,0.0008203549520406,0.0073060954965294,0.0078828828828828,14,0.0005218639640377,1,1
CHEMBL1947,9,0.0005499407943611,0.0005994576540304,0.0049494671492506,0.0050675675675675,9,0.0005499407943611,1,1
CHEMBL1950,7,0.0004830693954694,0.0005340445333531,0.0033814857682863,0.0039392234102419,7,0.0004830693954694,1,1
CHEMBL1951,13,0.0004819319829463,0.0005773690305196,0.0062651157783026,0.0072788353863381,13,0.0004819319829463,1,1
CHEMBL1952,8,0.0005240017647799,0.0005779818484811,0.0041920141182397,0.0045045045045045,8,0.0005240017647799,0,0
CHEMBL1957,14,0.0006026712760892,0.0007525872165725,0.0084373978652501,0.0078828828828828,14,0.0006026712760892,1,1
CHEMBL1958,6,0.0004722250379981,0.0005043894392236,0.0028333502279887,0.0033764772087788,6,0.0004722250379981,1,1
CHEMBL1959,11,0.0005469646684968,0.0006813541149564,0.0060166113534652,0.0061936936936936,11,0.0005469646684968,1,1
CHEMBL1962,7,0.0005305850386252,0.0008031264859969,0.0037140952703765,0.0039414414414414,7,0.0005305850386251,1,1
CHEMBL1963,6,0.0004733075810867,0.0005491911751487,0.0028398454865205,0.0033764772087788,6,0.0004733075810867,1,1
CHEMBL1966,2,0.0004904888349882,0.0005019766577784,0.0009809776699765,0.0011248593925759,2,0.0004904888349882,1,1
CHEMBL1968,3,0.0004290634253972,0.0004790010121981,0.0012871902761916,0.0016891891891891,3,0.0004290634253972,1,1
CHEMBL1969,3,0.0006468555297338,0.0007519097872204,0.0019405665892015,0.0016882386043894,3,0.0006468555297338,1,1
CHEMBL1970,7,0.000494197520185,0.0006175026472933,0.0034593826412951,0.0039325842696629,7,0.0004941975201849,1,1
CHEMBL1971,11,0.0005355324418078,0.0008106735657093,0.0058908568598862,0.0061867266591676,11,0.0005355324418078,1,1
CHEMBL1972,17,0.0004953111949427,0.0005682707195867,0.0084202903140274,0.009572072072072,17,0.0004953111949427,1,1
CHEMBL1975,10,0.0005679077174039,0.0006988080319964,0.0056790771740395,0.0056306306306306,10,0.0005679077174039,1,1
CHEMBL1976,4,0.0005484453996777,0.0005760236835499,0.0021937815987108,0.0022522522522522,4,0.0005484453996777,1,1
CHEMBL1977,13,0.0005142821457751,0.0005994576540304,0.0066856678950763,0.0073198198198198,13,0.000514282145775,1,1
CHEMBL1978,10,0.0004488779575796,0.0005043894392236,0.0044887795757965,0.0056211354693648,10,0.0004488779575796,1,1
CHEMBL1981,10,0.0005744929758591,0.0007145484551045,0.0057449297585917,0.0056274620146314,10,0.0005744929758591,1,1
CHEMBL1983,7,0.000438202962421,0.0005182265072725,0.0030674207369474,0.0039392234102419,7,0.000438202962421,1,1
CHEMBL1985,11,0.0004831510497724,0.0005938015641085,0.0053146615474969,0.0061936936936936,11,0.0004831510497724,1,1
CHEMBL1987,6,0.0004807426459133,0.0005938015641085,0.0028844558754803,0.0033745781777277,6,0.0004807426459133,1,1
CHEMBL1988,3,0.0004117704698143,0.0004259008439356,0.0012353114094431,0.0016891891891891,3,0.0004117704698143,1,1
CHEMBL1989,12,0.0004602019296474,0.0005166505408682,0.0055224231557691,0.0067491563554555,12,0.0004602019296473,1,1
CHEMBL1991,82,0.0006202152085598,0.0010381890292212,0.050857647101907,0.0461711711711711,82,0.0006202152085598,1,1
CHEMBL1992,15,0.0005337418330873,0.000617731095159,0.0080061274963109,0.0084364454443194,15,0.0005337418330873,1,1
CHEMBL1993,20,0.0005726336142345,0.0007769222173077,0.0114526722846902,0.0112485939257592,20,0.0005726336142344,1,1
CHEMBL1994,12,0.0005635819023967,0.0007085366872923,0.0067629828287614,0.0067567567567567,12,0.0005635819023967,1,1
CHEMBL1995,9,0.0004780297556264,0.0005491911751487,0.0043022678006378,0.0050618672665916,9,0.0004780297556263,1,1
CHEMBL1996,8,0.0005765662377431,0.0007079652746728,0.0046125299019451,0.0045045045045045,8,0.0005765662377431,1,1
CHEMBL1997,4,0.0004207900087666,0.0004904272666705,0.0016831600350666,0.0022484541877459,4,0.0004207900087666,1,1
CHEMBL2000,9,0.000434139425079,0.0005340445333531,0.0039072548257116,0.0050618672665916,9,0.000434139425079,1,1
CHEMBL2001,10,0.0004994685439661,0.0006694861850876,0.004994685439661,0.0056242969628796,10,0.000499468543966,1,1
CHEMBL2002,12,0.0005048595214027,0.0005768664048481,0.0060583142568334,0.0067491563554555,12,0.0005048595214027,1,1
CHEMBL2004,7,0.0005458783569774,0.0006175026472933,0.0038211484988418,0.0039414414414414,7,0.0005458783569773,1,1
CHEMBL2008,10,0.0005470505082366,0.0006175026472933,0.0054705050823664,0.0056306306306306,10,0.0005470505082365,1,1
CHEMBL2014,7,0.0004499516073119,0.0005182265072725,0.0031496612511838,0.0039414414414414,7,0.0004499516073119,1,1
CHEMBL2015,23,0.0005436383880909,0.0007385837303751,0.0125036829260913,0.0129504504504504,23,0.0005436383880908,1,1
CHEMBL202,10,0.0005299901619255,0.0007576956480402,0.005299901619255,0.0056274620146314,10,0.0005299901619254,1,1
CHEMBL2023,10,0.0004821650117843,0.0005768664048481,0.0048216501178432,0.0056148231330713,10,0.0004821650117842,1,1
CHEMBL203,78,0.0007268832632257,0.0011938880512079,0.0566968945316078,0.0439189189189189,78,0.0007268832632256,1,1
CHEMBL2033,10,0.0004488779575796,0.0005043894392236,0.0044887795757965,0.0056211354693648,10,0.0004488779575796,1,1
CHEMBL2034,28,0.0005475971896139,0.0007085366872923,0.0153327213091898,0.0157657657657657,28,0.0005475971896138,1,1
CHEMBL2035,8,0.0004387804058936,0.0005938015641085,0.0035102432471488,0.0045045045045045,8,0.0004387804058935,1,1
CHEMBL2039,3,0.0004290634253972,0.0004790010121981,0.0012871902761916,0.0016872890888638,3,0.0004290634253972,1,1
CHEMBL2040,2,0.0005942186483705,0.000654392763388,0.0011884372967411,0.0011261261261261,2,0.0005942186483705,1,1
CHEMBL2044,4,0.000460774089622,0.0004931057336792,0.001843096358488,0.0022509848058525,4,0.0004607740896219,1,1
CHEMBL2045,4,0.0004779602575178,0.0005606642790874,0.0019118410300714,0.0022484541877459,4,0.0004779602575178,1,1
CHEMBL2049,7,0.0004687783990629,0.0005938015641085,0.0032814487934405,0.0039392234102419,7,0.0004687783990628,1,1
CHEMBL205,6,0.0004899443776316,0.0005606642790874,0.00293966626579,0.0033707865168539,6,0.0004899443776316,1,1
CHEMBL2050,5,0.0006021263394382,0.0007271131756619,0.0030106316971914,0.0028153153153153,5,0.0006021263394382,1,1
CHEMBL2055,19,0.0005632645546236,0.0007405061714263,0.0107020265378484,0.0106981981981981,19,0.0005632645546235,1,1
CHEMBL2056,7,0.0004506568414634,0.0005491911751487,0.0031545978902442,0.0039392234102419,7,0.0004506568414634,1,1
CHEMBL2057,10,0.0005299901619255,0.0007576956480402,0.005299901619255,0.0056274620146314,10,0.0005299901619254,1,1
CHEMBL2059,4,0.0005142060273748,0.0006225554400558,0.0020568241094994,0.0022509848058525,4,0.0005142060273748,1,1
CHEMBL206,43,0.0006119997865022,0.0011838199968139,0.0263159908195951,0.0242117117117117,43,0.0006119997865021,1,1
CHEMBL2060,20,0.0004653997024372,0.0006003578762004,0.0093079940487455,0.0112612612612612,20,0.0004653997024372,1,1
CHEMBL2061,65,0.000509721724541,0.0007405061714263,0.0331319120951661,0.0365990990990991,65,0.0005097217245409,1,1
CHEMBL2062,6,0.0006143488323098,0.0013890700171119,0.0036860929938593,0.0033783783783783,6,0.0006143488323098,1,1
CHEMBL2063,3,0.000425914906586,0.0005043894392236,0.0012777447197581,0.0016872890888638,3,0.000425914906586,1,1
CHEMBL2064,17,0.0004374577245843,0.0005182265072725,0.0074367813179347,0.009572072072072,17,0.0004374577245843,1,1
CHEMBL2066,2,0.0004024545555709,0.000405401033437,0.0008049091111419,0.0011261261261261,2,0.0004024545555709,1,1
CHEMBL2069,11,0.0005030420290085,0.0006694861850876,0.0055334623190938,0.0061867266591676,11,0.0005030420290084,1,1
CHEMBL207,48,0.0006064232343773,0.0008258782208719,0.0291083152501131,0.027027027027027,48,0.0006064232343773,1,1
CHEMBL2070,85,0.0005693249592731,0.0010387954510102,0.0483926215382185,0.0475657526580861,85,0.0005693249592731,1,1
CHEMBL2071,9,0.0005383144791305,0.0008106735657093,0.0048448303121753,0.0050618672665916,9,0.0005383144791305,1,1
CHEMBL2074,3,0.0005195853048896,0.0005673045318414,0.0015587559146689,0.0016863406408094,3,0.0005195853048896,1,1
CHEMBL2075,10,0.0005168940083473,0.0006558024873091,0.0051689400834736,0.0056306306306306,10,0.0005168940083473,1,1
CHEMBL2076,7,0.0004285646328929,0.0004995065325689,0.0029999524302505,0.0039303761931499,7,0.0004285646328928,1,1
CHEMBL2079,3,0.0005605883661442,0.0006175026472933,0.0016817650984328,0.0016882386043894,3,0.0005605883661442,1,1
CHEMBL208,25,0.0005900516514853,0.0008031264859969,0.0147512912871326,0.0140765765765765,25,0.0005900516514852,1,1
CHEMBL2081,7,0.0004010647097598,0.0004904272666705,0.0028074529683189,0.0039414414414414,7,0.0004010647097598,1,1
CHEMBL2083,13,0.000532758810745,0.00071533176511,0.0069258645396857,0.0073198198198198,13,0.000532758810745,1,1
CHEMBL2084,3,0.0005187263617728,0.0005350833636668,0.0015561790853184,0.0016891891891891,3,0.0005187263617727,1,1
CHEMBL2085,10,0.0005508271553189,0.000654392763388,0.0055082715531895,0.0056306306306306,10,0.0005508271553189,1,1
CHEMBL2086,3,0.0004071233953548,0.0004793673557067,0.0012213701860645,0.0016891891891891,3,0.0004071233953548,1,1
CHEMBL2088,4,0.0004779602575178,0.0005606642790874,0.0019118410300714,0.0022522522522522,4,0.0004779602575178,1,1
CHEMBL209,11,0.0004359975083503,0.0005606642790874,0.0047959725918538,0.0061902082160945,11,0.0004359975083503,1,1
CHEMBL2094,7,0.0004786295837431,0.0005673045318414,0.0033504070862018,0.0039414414414414,7,0.0004786295837431,1,1
CHEMBL2099,8,0.000502152215976,0.0005270534225442,0.0040172177278087,0.0045045045045045,8,0.000502152215976,1,1
CHEMBL210,16,0.0005068126516158,0.0006542111730366,0.008109002425853,0.009009009009009,16,0.0005068126516157,1,1
CHEMBL2100,7,0.0004019819321484,0.0005043894392236,0.0028138735250392,0.0039370078740157,7,0.0004019819321484,1,1
CHEMBL2102,4,0.0010271118363223,0.0013890700171119,0.0041084473452895,0.0022522522522522,4,0.0010271118363223,1,1
CHEMBL2104,10,0.0004956222803772,0.0005583832625663,0.0049562228037727,0.0056306306306306,10,0.0004956222803772,1,1
CHEMBL2105,6,0.0005034042877934,0.000709655789783,0.0030204257267604,0.0033707865168539,6,0.0005034042877933,1,1
CHEMBL2106,12,0.0005447224780437,0.0006900603232269,0.0065366697365248,0.0067567567567567,12,0.0005447224780437,1,1
CHEMBL2107,26,0.0005064285330862,0.0006809634463834,0.0131671418602418,0.0146396396396396,26,0.0005064285330861,1,1
CHEMBL2108,20,0.0006154424994347,0.0009084021929416,0.0123088499886956,0.0111731843575419,20,0.0006154424994347,1,1
CHEMBL2109,32,0.0006181585901601,0.0007372521905589,0.019781074885125,0.018018018018018,32,0.0006181585901601,1,1
CHEMBL2114,6,0.0004587780555372,0.0005182265072725,0.0027526683332237,0.0033745781777277,6,0.0004587780555372,1,1
CHEMBL2116,41,0.0005854547061776,0.0013890700171119,0.0240036429532847,0.0230466554243957,41,0.0005854547061776,1,1
CHEMBL2117,36,0.0005883226023728,0.0013890700171119,0.0211796136854212,0.0202360876897133,36,0.0005883226023727,1,1
CHEMBL212,36,0.0006107669228181,0.0008258782208719,0.0219876092214534,0.0202702702702702,36,0.000610766922818,1,1
CHEMBL2120,69,0.000678909685341,0.0010724711934768,0.0468447682885321,0.0388294879009566,69,0.000678909685341,1,1
CHEMBL2121,10,0.0004434465271312,0.0005439842606068,0.0044344652713123,0.0056306306306306,10,0.0004434465271312,0,0
CHEMBL2123,6,0.0004587780555372,0.0005182265072725,0.0027526683332237,0.0033745781777277,6,0.0004587780555372,1,1
CHEMBL2127,6,0.0004857277303562,0.0006222342507034,0.0029143663821372,0.0033783783783783,6,0.0004857277303561,1,1
CHEMBL213,8,0.0004341334662183,0.0005491911751487,0.0034730677297468,0.0045045045045045,8,0.0004341334662183,1,1
CHEMBL2131,3,0.0006918765597798,0.0008869728773584,0.0020756296793395,0.0016882386043894,3,0.0006918765597798,1,1
CHEMBL2139,2,0.0005101386826497,0.0005193316872933,0.0010202773652995,0.0011261261261261,2,0.0005101386826497,1,1
CHEMBL2147,14,0.0005807668033942,0.0008422796906484,0.0081307352475193,0.0078828828828828,14,0.0005807668033942,1,1
CHEMBL2148,24,0.0005458360988118,0.0007769222173077,0.013100066371485,0.0135135135135135,24,0.0005458360988118,1,1
CHEMBL215,19,0.0004390804450272,0.0006592611060193,0.0083425284555183,0.0106382978723404,19,0.0004390804450272,1,1
CHEMBL2156,3,0.0004117704698143,0.0004259008439356,0.0012353114094431,0.0016891891891891,3,0.0004117704698143,1,1
CHEMBL2158,5,0.0006353365631697,0.0008645226547058,0.0031766828158486,0.0028153153153153,5,0.0006353365631697,1,1
CHEMBL2159,5,0.0004733846426697,0.0005019766577784,0.0023669232133489,0.0028137310073157,5,0.0004733846426697,1,1
CHEMBL216,8,0.0004387804058936,0.0005938015641085,0.0035102432471488,0.0045045045045045,8,0.0004387804058935,1,1
CHEMBL2160,8,0.0004907098910022,0.0005673045318414,0.0039256791280179,0.0045019696117051,8,0.0004907098910022,1,1
CHEMBL2161,6,0.0003830509563529,0.0004790010121981,0.0022983057381174,0.0033764772087788,6,0.0003830509563528,1,1
CHEMBL2164,26,0.0005583792738946,0.00071533176511,0.0145178611212621,0.0146396396396396,26,0.0005583792738946,1,1
CHEMBL2167,142,0.0007699521215539,0.0011406467385639,0.1093332012606615,0.0799549549549549,142,0.0007699521215539,1,1
CHEMBL217,5,0.0004174360415645,0.0005055756779144,0.0020871802078229,0.0028137310073157,5,0.0004174360415645,1,1
CHEMBL2171,48,0.0006369175653846,0.0015873869691749,0.0305720431384629,0.027027027027027,48,0.0006369175653846,1,1
CHEMBL218,6,0.0004587780555372,0.0005182265072725,0.0027526683332237,0.0033783783783783,6,0.0004587780555372,1,1
CHEMBL2182,7,0.000438202962421,0.0005182265072725,0.0030674207369474,0.0039392234102419,7,0.000438202962421,1,1
CHEMBL2184,6,0.0004585147880109,0.0005054886485959,0.0027510887280658,0.0033707865168539,6,0.0004585147880109,1,1
CHEMBL2185,34,0.0005431433789287,0.0006441218628414,0.0184668748835762,0.0191441441441441,34,0.0005431433789286,1,1
CHEMBL219,7,0.000438202962421,0.0005182265072725,0.0030674207369474,0.0039392234102419,7,0.000438202962421,1,1
CHEMBL2193,9,0.0004611052023394,0.0005673045318414,0.0041499468210552,0.0050590219224283,9,0.0004611052023394,1,1
CHEMBL2194,5,0.0004158281227606,0.0004904272666705,0.0020791406138031,0.0028137310073157,5,0.0004158281227606,1,1
CHEMBL220,8,0.0004973643493212,0.0006389875419489,0.00397891479457,0.0044969083754918,8,0.0004973643493212,1,1
CHEMBL2200,6,0.0004896944674597,0.0005754527092754,0.0029381668047583,0.0033764772087788,6,0.0004896944674596,1,1
CHEMBL2202,7,0.0004285646328929,0.0004995065325689,0.0029999524302505,0.0039303761931499,7,0.0004285646328928,1,1
CHEMBL2206,7,0.0004282915833861,0.0005166662738934,0.0029980410837032,0.0039414414414414,7,0.0004282915833861,0,0
CHEMBL221,7,0.0004037684441328,0.0005043894392236,0.00282637910893,0.0039392234102419,7,0.0004037684441328,1,1
CHEMBL222,4,0.0005273428119377,0.0008106735657093,0.0021093712477508,0.0022484541877459,4,0.0005273428119377,1,1
CHEMBL223,9,0.0004381069569378,0.0005938015641085,0.003942962612441,0.0050675675675675,9,0.0004381069569378,1,1
CHEMBL224,7,0.000457029754172,0.0005938015641085,0.003199208279204,0.0039392234102419,7,0.0004570297541719,1,1
CHEMBL2249,5,0.0004144760345835,0.0005120884080463,0.0020723801729175,0.0028153153153153,5,0.0004144760345834,0,0
CHEMBL225,7,0.000457029754172,0.0005938015641085,0.003199208279204,0.0039392234102419,7,0.0004570297541719,1,1
CHEMBL226,6,0.0004587780555372,0.0005182265072725,0.0027526683332237,0.0033745781777277,6,0.0004587780555372,1,1
CHEMBL227,11,0.0005111420649433,0.0006452481610376,0.0056225627143763,0.0061936936936936,11,0.0005111420649432,1,1
CHEMBL228,4,0.0004429160597146,0.0004931057336792,0.0017716642388586,0.0022484541877459,4,0.0004429160597146,1,1
CHEMBL229,9,0.0004381069569378,0.0005938015641085,0.003942962612441,0.0050675675675675,9,0.0004381069569378,1,1
CHEMBL230,17,0.0004098751780631,0.0005773690305196,0.0069678780270735,0.009572072072072,17,0.0004098751780631,1,1
CHEMBL231,7,0.000457029754172,0.0005938015641085,0.003199208279204,0.0039392234102419,7,0.0004570297541719,1,1
CHEMBL232,9,0.0004381069569378,0.0005938015641085,0.003942962612441,0.0050675675675675,9,0.0004381069569378,1,1
CHEMBL2326,1,0.0004790010121981,0.0004790010121981,0.0004790010121981,0.0005627462014631,1,0.0004790010121981,1,1
CHEMBL2327,7,0.0004687783990629,0.0005938015641085,0.0032814487934405,0.0039392234102419,7,0.0004687783990628,1,1
CHEMBL2335,6,0.0004780297898767,0.0005673045318414,0.0028681787392602,0.0033783783783783,6,0.0004780297898766,1,1
CHEMBL235,30,0.0005340271521065,0.000733260007261,0.0160208145631959,0.0168918918918918,30,0.0005340271521064,1,1
CHEMBL236,11,0.0004854328985088,0.0005773690305196,0.0053397618835974,0.0061936936936936,11,0.0004854328985088,1,1
CHEMBL2360,6,0.0004700463683605,0.0005019766577784,0.002820278210163,0.0033688938798427,6,0.0004700463683604,0,0
CHEMBL237,12,0.0004738700828952,0.0005329376714561,0.0056864409947427,0.0067567567567567,12,0.0004738700828951,1,1
CHEMBL238,6,0.0005136407228561,0.0008106735657093,0.0030818443371369,0.0033670033670033,6,0.0005136407228561,1,1
CHEMBL2388,3,0.0005479499638963,0.0008513062988676,0.0016438498916891,0.0016882386043894,3,0.0005479499638963,1,1
CHEMBL239,33,0.0005080382831845,0.0005994576540304,0.0167652633450911,0.018581081081081,33,0.0005080382831845,1,1
CHEMBL2392,10,0.0004776204998539,0.0006542111730366,0.004776204998539,0.0056211354693648,10,0.0004776204998538,1,1
CHEMBL2399,16,0.0005059142350049,0.0013890700171119,0.0080946277600787,0.008983717012914,16,0.0005059142350048,1,1
CHEMBL240,5,0.0004061561503144,0.0004793673557067,0.0020307807515721,0.0028137310073157,5,0.0004061561503144,1,1
CHEMBL2401,13,0.0005012399823772,0.0007720067050028,0.0065161197709048,0.0073157006190208,13,0.0005012399823772,1,1
CHEMBL241,4,0.0005140041852299,0.0005491911751487,0.0020560167409196,0.0022522522522522,4,0.0005140041852298,1,1
CHEMBL2412,57,0.0006544371710358,0.0009988664770327,0.037302918749044,0.0320945945945945,57,0.0006544371710358,1,1
CHEMBL2413,12,0.0004629766146501,0.0005548060070827,0.0055557193758023,0.0067567567567567,12,0.0004629766146501,1,1
CHEMBL2414,8,0.0004392918787383,0.0005182265072725,0.0035143350299068,0.0045045045045045,8,0.0004392918787382,1,1
CHEMBL2419,4,0.0004697021732471,0.0005043894392236,0.0018788086929885,0.0022509848058525,4,0.0004697021732471,0,0
CHEMBL242,16,0.0005656732980564,0.0006867239251052,0.0090507727689026,0.009009009009009,16,0.0005656732980563,1,1
CHEMBL2421,7,0.0004919309140577,0.0005970096712448,0.003443516398404,0.0039414414414414,7,0.0004919309140577,1,1
CHEMBL2428,7,0.0004670307858183,0.0005270534225442,0.0032692155007281,0.0039414414414414,7,0.0004670307858182,1,1
CHEMBL2430,6,0.0006143488323098,0.0013890700171119,0.0036860929938593,0.0033783783783783,6,0.0006143488323098,1,1
CHEMBL2433,3,0.0004594303946524,0.0005009456780062,0.0013782911839574,0.0016891891891891,3,0.0004594303946524,1,1
CHEMBL2434,11,0.0004611900858705,0.0005673045318414,0.0050730909445758,0.0061936936936936,11,0.0004611900858704,1,1
CHEMBL2438,3,0.0005195853048896,0.0005673045318414,0.0015587559146689,0.0016891891891891,3,0.0005195853048896,1,1
CHEMBL2439,4,0.0004826797204134,0.0005673045318414,0.0019307188816539,0.0022509848058525,4,0.0004826797204134,1,1
CHEMBL244,12,0.0004059660932772,0.0005340445333531,0.0048715931193264,0.0067264573991031,12,0.0004059660932771,1,1
CHEMBL2441,3,0.0004613545706044,0.0005009456780062,0.0013840637118132,0.0016891891891891,3,0.0004613545706043,1,1
CHEMBL2442,11,0.0004853377905812,0.0005270534225442,0.0053387156963941,0.0061936936936936,11,0.0004853377905812,1,1
CHEMBL2443,6,0.0005357269940784,0.0006447563376184,0.0032143619644708,0.0033783783783783,6,0.0005357269940784,1,1
CHEMBL2447,2,0.0004904888349882,0.0005019766577784,0.0009809776699765,0.0011242270938729,2,0.0004904888349882,1,1
CHEMBL245,12,0.0004584109997172,0.0005938015641085,0.0055009319966071,0.0067567567567567,12,0.0004584109997172,1,1
CHEMBL2457,5,0.0004015766293752,0.0005043894392236,0.0020078831468764,0.0028153153153153,5,0.0004015766293752,1,1
CHEMBL246,8,0.0004341334662183,0.0005491911751487,0.0034730677297468,0.0045045045045045,8,0.0004341334662183,1,1
CHEMBL2465,2,0.0004904888349882,0.0005019766577784,0.0009809776699765,0.0011248593925759,2,0.0004904888349882,1,1
CHEMBL2468,3,0.0005899608847318,0.0006447001485519,0.0017698826541955,0.0016882386043894,3,0.0005899608847318,1,1
CHEMBL2469,2,0.0004904888349882,0.0005019766577784,0.0009809776699765,0.0011248593925759,2,0.0004904888349882,1,1
CHEMBL2476,8,0.0004758695217614,0.0005868213347151,0.0038069561740916,0.0045045045045045,8,0.0004758695217614,1,1
CHEMBL248,17,0.0006085506027393,0.0011960423096599,0.0103453602465688,0.0095666854248733,17,0.0006085506027392,1,1
CHEMBL2484,3,0.0004926539126606,0.0005054886485959,0.0014779617379819,0.0016853932584269,3,0.0004926539126606,1,1
CHEMBL2487,66,0.0005791811611737,0.0008014492583968,0.038225956637465,0.0371621621621621,66,0.0005791811611736,1,1
CHEMBL249,11,0.0005111420649433,0.0006452481610376,0.0056225627143763,0.0061902082160945,11,0.0005111420649432,1,1
CHEMBL2490,7,0.000457029754172,0.0005938015641085,0.003199208279204,0.0039392234102419,7,0.0004570297541719,1,1
CHEMBL2492,3,0.0004926539126606,0.0005054886485959,0.0014779617379819,0.0016863406408094,3,0.0004926539126606,1,1
CHEMBL2493,6,0.0005101380927578,0.0005682707195867,0.0030608285565469,0.0033764772087788,6,0.0005101380927577,1,1
CHEMBL2494,33,0.0004556734094233,0.0005682707195867,0.0150372225109701,0.0185706246482836,33,0.0004556734094232,1,1
CHEMBL2498,137,0.0006957271885373,0.001120624956804,0.0953146248296161,0.0771396396396396,137,0.0006957271885372,1,1
CHEMBL250,14,0.0005020236973519,0.0005938015641085,0.0070283317629274,0.0078828828828828,14,0.0005020236973519,1,1
CHEMBL2502,5,0.0004036379689872,0.0005043894392236,0.0020181898449364,0.0028153153153153,5,0.0004036379689872,0,0
CHEMBL2503,3,0.0005479499638963,0.0008513062988676,0.0016438498916891,0.0016882386043894,3,0.0005479499638963,1,1
CHEMBL2506,156,0.0006863586222633,0.001120624956804,0.1070719450730752,0.0878378378378378,156,0.0006863586222632,1,1
CHEMBL2508,28,0.0005419136147784,0.0009556841513973,0.0151735812137978,0.0157657657657657,28,0.0005419136147784,1,1
CHEMBL251,12,0.0005015299713634,0.0006764061392634,0.006018359656361,0.0067453625632377,12,0.0005015299713633,1,1
CHEMBL2514,7,0.0004687783990629,0.0005938015641085,0.0032814487934405,0.0039414414414414,7,0.0004687783990628,1,1
CHEMBL2517,3,0.0004908652643524,0.0005479474365246,0.0014725957930574,0.0016891891891891,3,0.0004908652643524,1,1
CHEMBL252,7,0.0004687783990629,0.0005938015641085,0.0032814487934405,0.0039414414414414,7,0.0004687783990628,1,1
CHEMBL2524,6,0.0004727501057378,0.0005673045318414,0.0028365006344271,0.0033745781777277,6,0.0004727501057378,1,1
CHEMBL2527,24,0.0006475054108221,0.000997673354506,0.0155401298597319,0.0135135135135135,24,0.0006475054108221,1,1
CHEMBL253,6,0.0004587780555372,0.0005182265072725,0.0027526683332237,0.0033783783783783,6,0.0004587780555372,1,1
CHEMBL2531,4,0.0004479127928832,0.0005340445333531,0.0017916511715328,0.0022522522522522,4,0.0004479127928832,1,1
CHEMBL2534,75,0.0005894408019459,0.0008892580835507,0.044208060145947,0.0421822272215973,75,0.0005894408019459,1,1
CHEMBL2536,16,0.000554935484244,0.0008425433766022,0.0088789677479053,0.0089938167509836,16,0.000554935484244,1,1
CHEMBL254,7,0.0004861197032433,0.0005491911751487,0.0034028379227035,0.0039414414414414,7,0.0004861197032433,1,1
CHEMBL255,14,0.0004899328346322,0.0005491911751487,0.0068590596848508,0.0078695896571107,14,0.0004899328346321,1,1
CHEMBL2552,7,0.0004516640176782,0.0005606642790874,0.0031616481237476,0.0039414414414414,7,0.0004516640176781,1,1
CHEMBL2553,50,0.0006082765136446,0.000993003633085,0.0304138256822333,0.0281214848143982,50,0.0006082765136446,1,1
CHEMBL2559,5,0.0003923398015774,0.0005009456780062,0.0019616990078874,0.0028153153153153,5,0.0003923398015774,1,1
CHEMBL256,6,0.0004587780555372,0.0005182265072725,0.0027526683332237,0.0033745781777277,6,0.0004587780555372,1,1
CHEMBL2575,10,0.0005299901619255,0.0007576956480402,0.005299901619255,0.0056274620146314,10,0.0005299901619254,1,1
CHEMBL258,53,0.0005935981976306,0.0007909273783305,0.0314607044744267,0.0298423423423423,53,0.0005935981976306,1,1
CHEMBL2581,17,0.0005122147958127,0.0007145484551045,0.0087076515288166,0.0095666854248733,17,0.0005122147958127,1,1
CHEMBL2582,62,0.000607665066431,0.0008203153847749,0.0376752341187253,0.0349099099099099,62,0.000607665066431,1,1
CHEMBL259,10,0.0004774431333757,0.0005491911751487,0.0047744313337572,0.0056306306306306,10,0.0004774431333756,1,1
CHEMBL2595,3,0.000425914906586,0.0005043894392236,0.0012777447197581,0.0016882386043894,3,0.000425914906586,1,1
CHEMBL2597,75,0.0005636465716865,0.0010387954510102,0.042273492876488,0.0419697817571348,75,0.0005636465716864,1,1
CHEMBL2599,47,0.00058194607917,0.0007211120840196,0.0273514657209933,0.0264639639639639,47,0.00058194607917,1,1
CHEMBL2600,18,0.0004999709101184,0.0006192669426573,0.0089994763821325,0.0101351351351351,18,0.0004999709101184,1,1
CHEMBL2608,10,0.0007661513818328,0.0013890700171119,0.0076615138183283,0.0056242969628796,10,0.0007661513818328,1,1
CHEMBL2609,3,0.0005007331275348,0.000709655789783,0.0015021993826045,0.0016891891891891,3,0.0005007331275348,1,1
CHEMBL2626,12,0.0004602019296474,0.0005166505408682,0.0055224231557691,0.0067491563554555,12,0.0004602019296473,1,1
CHEMBL2632,28,0.0005248002505827,0.0007645634634001,0.0146944070163174,0.0157657657657657,28,0.0005248002505827,1,1
CHEMBL2634,35,0.0006430175368815,0.000968627766116,0.0225056137908546,0.0197072072072072,35,0.0006430175368815,1,1
CHEMBL264,5,0.0004174360415645,0.0005055756779144,0.0020871802078229,0.0028137310073157,5,0.0004174360415645,1,1
CHEMBL2641,3,0.0003964369300846,0.0005286091789337,0.001189310790254,0.0016891891891891,3,0.0003964369300846,1,1
CHEMBL2650,17,0.0004447649200919,0.0005491911751487,0.0075610036415625,0.0095666854248733,17,0.0004447649200918,1,1
CHEMBL2652,8,0.000467548741873,0.0005491911751487,0.0037403899349845,0.0045045045045045,8,0.000467548741873,1,1
CHEMBL2655,46,0.0004564680616412,0.0005695085304192,0.0209975308354975,0.0259009009009009,46,0.0004564680616412,1,1
CHEMBL2656,2,0.0005943284009905,0.000709655789783,0.0011886568019811,0.0011254924029262,2,0.0005943284009905,1,1
CHEMBL267,168,0.000722261410129,0.0019305931781411,0.1213399169016844,0.0945945945945946,168,0.000722261410129,1,1
CHEMBL268,14,0.0004947532567535,0.0006069975591793,0.0069265455945494,0.0078784468204839,14,0.0004947532567534,1,1
CHEMBL2692,3,0.0005605883661442,0.0006175026472933,0.0016817650984328,0.0016891891891891,3,0.0005605883661442,1,1
CHEMBL271,23,0.0005469819903114,0.0011406467385639,0.0125805857771636,0.0129504504504504,23,0.0005469819903114,1,1
CHEMBL2736,9,0.0004117450651781,0.0005182265072725,0.0037057055866033,0.0050675675675675,9,0.0004117450651781,1,1
CHEMBL274,19,0.000493150360277,0.000634112265332,0.0093698568452646,0.0106981981981981,19,0.000493150360277,1,1
CHEMBL275,6,0.0004756077912591,0.0005182265072725,0.0028536467475548,0.0033783783783783,6,0.0004756077912591,1,1
CHEMBL2754,32,0.0005959792818789,0.0008673527552214,0.0190713370201277,0.018018018018018,32,0.0005959792818789,1,1
CHEMBL278,17,0.0005188801035058,0.0007361189669008,0.0088209617595995,0.009572072072072,17,0.0005188801035058,1,1
CHEMBL279,18,0.0005659678237755,0.0007953016612802,0.0101874208279602,0.0101351351351351,18,0.0005659678237755,1,1
CHEMBL2796,10,0.0005644827637183,0.0007155693194078,0.0056448276371837,0.0056211354693648,10,0.0005644827637183,1,1
CHEMBL280,11,0.0004640115176686,0.000641946980182,0.0051041266943555,0.0061936936936936,11,0.0004640115176686,1,1
CHEMBL281,2,0.0004687648727474,0.0004790010121981,0.0009375297454948,0.0011235955056179,2,0.0004687648727474,1,1
CHEMBL2835,56,0.0006100751936824,0.0010980391895052,0.0341642108462196,0.0315315315315315,56,0.0006100751936824,1,1
CHEMBL2847,33,0.0005080382831845,0.0005994576540304,0.0167652633450911,0.018581081081081,33,0.0005080382831845,1,1
CHEMBL2849,16,0.0006848032064288,0.0013890700171119,0.0109568513028619,0.009009009009009,16,0.0006848032064288,1,1
CHEMBL2882,7,0.0004506568414634,0.0005491911751487,0.0031545978902442,0.0039392234102419,7,0.0004506568414634,1,1
CHEMBL2883,7,0.0005271482086373,0.0005779818484811,0.0036900374604613,0.0039370078740157,7,0.0005271482086373,1,1
CHEMBL2885,1,0.0004790010121981,0.0004790010121981,0.0004790010121981,0.0005627462014631,1,0.0004790010121981,1,1
CHEMBL2886,10,0.0006690475616357,0.0013890700171119,0.006690475616357,0.0056274620146314,10,0.0006690475616356,0,0
CHEMBL2887,13,0.0005476154405404,0.0007432267332287,0.0071190007270256,0.0072992700729927,13,0.0005476154405403,1,1
CHEMBL2888,6,0.000447779782477,0.0005182265072725,0.002686678694862,0.0033783783783783,6,0.0004477797824769,1,1
CHEMBL2896,22,0.0005428956796376,0.0011406467385639,0.0119437049520279,0.0123873873873873,22,0.0005428956796375,1,1
CHEMBL2897,37,0.0006239455744504,0.0007415746306529,0.0230859862546655,0.0208333333333333,37,0.0006239455744503,1,1
CHEMBL2918,79,0.0005463814255495,0.0009244098553747,0.0431641326184156,0.0444819819819819,79,0.0005463814255495,1,1
CHEMBL2938,27,0.0004741903628832,0.0005480232010297,0.0128031397978474,0.0152027027027027,27,0.0004741903628831,1,1
CHEMBL2940,9,0.0007230050196466,0.0013630355341546,0.0065070451768196,0.0050675675675675,9,0.0007230050196466,1,1
CHEMBL2959,7,0.0005441499207866,0.0006458377726731,0.0038090494455066,0.0039414414414414,7,0.0005441499207866,1,1
CHEMBL2960,51,0.0004592996283955,0.0005695085304192,0.0234242810481723,0.0287162162162162,51,0.0004592996283954,1,1
CHEMBL2963,4,0.0004309795597944,0.0004770733128853,0.0017239182391776,0.0022522522522522,4,0.0004309795597943,1,1
CHEMBL2964,34,0.0006418582042516,0.0009793572525106,0.021823178944556,0.0191226096737907,34,0.0006418582042516,1,1
CHEMBL2971,65,0.0006327429559777,0.0008839403125357,0.0411282921385569,0.0365990990990991,65,0.0006327429559777,1,1
CHEMBL2972,4,0.0005900842110462,0.0006900603232269,0.0023603368441849,0.0022522522522522,4,0.0005900842110462,1,1
CHEMBL2979,5,0.0004759770347965,0.0005479474365246,0.0023798851739829,0.0028153153153153,5,0.0004759770347965,1,1
CHEMBL3023,3,0.000425914906586,0.0005043894392236,0.0012777447197581,0.0016882386043894,3,0.000425914906586,1,1
CHEMBL3024,51,0.0006070812175298,0.0009988664770327,0.0309611420940208,0.0287162162162162,51,0.0006070812175297,1,1
CHEMBL3025,1,0.0004790010121981,0.0004790010121981,0.0004790010121981,0.0005627462014631,1,0.0004790010121981,1,1
CHEMBL3028,4,0.0007759254201065,0.0010115523172975,0.0031037016804263,0.0022522522522522,4,0.0007759254201065,0,0
CHEMBL3030,50,0.000505800347676,0.000793559915231,0.0252900173838006,0.0281531531531531,50,0.0005058003476759,1,1
CHEMBL3038,3,0.0004403397929747,0.0005201500436453,0.0013210193789241,0.0016891891891891,3,0.0004403397929747,1,1
CHEMBL3040,15,0.0004947415048161,0.0005779818484811,0.0074211225722425,0.0084459459459459,15,0.0004947415048161,1,1
CHEMBL3043,2,0.0005943284009905,0.000709655789783,0.0011886568019811,0.0011248593925759,2,0.0005943284009905,1,1
CHEMBL3076,4,0.0005359971141434,0.000709655789783,0.0021439884565736,0.0022484541877459,4,0.0005359971141433,1,1
CHEMBL3079,3,0.0004093235909532,0.0004790010121981,0.0012279707728598,0.0016882386043894,3,0.0004093235909532,1,1
CHEMBL3080,3,0.0005195853048896,0.0005673045318414,0.0015587559146689,0.0016863406408094,3,0.0005195853048896,1,1
CHEMBL3123,3,0.0005899608847318,0.0006447001485519,0.0017698826541955,0.0016882386043894,3,0.0005899608847318,1,1
CHEMBL3125,5,0.0005897832232739,0.0006917377793115,0.0029489161163696,0.0028153153153153,5,0.0005897832232738,1,1
CHEMBL3126,6,0.0005932646534417,0.0007609154968916,0.0035595879206502,0.0033783783783783,6,0.0005932646534417,0,0
CHEMBL3142,10,0.0006024049276089,0.0009098832528549,0.0060240492760893,0.0056242969628796,10,0.0006024049276088,1,1
CHEMBL3143,22,0.0004426167668364,0.0005439842606068,0.0097375688704011,0.0123249299719887,22,0.0004426167668363,1,1
CHEMBL3155,8,0.0004595825383995,0.0005491911751487,0.0036766603071962,0.0044994375703037,8,0.0004595825383994,1,1
CHEMBL3157,8,0.0004679328519115,0.0005938015641085,0.0037434628152924,0.0045045045045045,8,0.0004679328519115,1,1
CHEMBL3164,48,0.0004523350145704,0.0005695085304192,0.0217120806993803,0.027027027027027,48,0.0004523350145703,1,1
CHEMBL3167,6,0.0004362094866121,0.0005043894392236,0.0026172569196726,0.0033764772087788,6,0.000436209486612,1,1
CHEMBL3191,6,0.0004807426459133,0.0005938015641085,0.0028844558754803,0.0033745781777277,6,0.0004807426459133,1,1
CHEMBL3201,9,0.0004440826192617,0.0005043894392236,0.0039967435733561,0.0050647158131682,9,0.0004440826192617,1,1
CHEMBL3230,6,0.0004587780555372,0.0005182265072725,0.0027526683332237,0.0033764772087788,6,0.0004587780555372,1,1
CHEMBL3233,30,0.0004771769147035,0.0011838199968139,0.0143153074411053,0.0168823860438942,30,0.0004771769147034,1,1
CHEMBL3240,10,0.0005289459687377,0.0006452481610376,0.0052894596873773,0.0056274620146314,10,0.0005289459687376,1,1
CHEMBL3253,31,0.0005483695557702,0.0007609154968916,0.0169994562288773,0.0174549549549549,31,0.0005483695557702,1,1
CHEMBL3254,13,0.0004819319829463,0.0005773690305196,0.0062651157783026,0.0072788353863381,13,0.0004819319829463,1,1
CHEMBL3256,14,0.0005109515050671,0.000654392763388,0.0071533210709398,0.0078828828828828,14,0.0005109515050671,1,1
CHEMBL3276,12,0.0005445570260382,0.0006179740906595,0.0065346843124588,0.0067567567567567,12,0.0005445570260381,1,1
CHEMBL3311,15,0.0004906873260143,0.0006452481610376,0.0073603098902157,0.0084459459459459,15,0.0004906873260143,1,1
CHEMBL3351,14,0.0004222751992434,0.0005812390705556,0.0059118527894085,0.0078651685393258,14,0.0004222751992434,1,1
CHEMBL3371,7,0.0004506568414634,0.0005491911751487,0.0031545978902442,0.0039392234102419,7,0.0004506568414634,1,1
CHEMBL3373,16,0.0005068126516158,0.0006542111730366,0.008109002425853,0.009009009009009,16,0.0005068126516157,1,1
CHEMBL3379,8,0.0004135247209623,0.0005043894392236,0.0033081977676986,0.0044943820224719,8,0.0004135247209623,1,1
CHEMBL3409,14,0.0005797261554209,0.0013370010511974,0.0081161661758937,0.0078828828828828,14,0.0005797261554209,1,1
CHEMBL3419,7,0.0004361975861458,0.0005673045318414,0.0030533831030206,0.0039414414414414,7,0.0004361975861457,1,1
CHEMBL3421,17,0.0004447649200919,0.0005491911751487,0.0075610036415625,0.0095666854248733,17,0.0004447649200918,1,1
CHEMBL3429,13,0.0005253648938997,0.0006987055320974,0.0068297436206967,0.0073198198198198,13,0.0005253648938997,1,1
CHEMBL3438,19,0.0006042702862293,0.0008892580835507,0.0114811354383568,0.0106981981981981,19,0.0006042702862292,1,1
CHEMBL3473,8,0.0004392918787383,0.0005182265072725,0.0035143350299068,0.0045045045045045,8,0.0004392918787382,1,1
CHEMBL3474,6,0.000552315287725,0.0006389875419489,0.0033138917263503,0.0033651149747616,6,0.000552315287725,1,1
CHEMBL3475,21,0.0005307109665359,0.0009084021929416,0.0111449302972558,0.0118243243243243,21,0.0005307109665359,1,1
CHEMBL3477,8,0.000467548741873,0.0005491911751487,0.0037403899349845,0.0045045045045045,8,0.000467548741873,1,1
CHEMBL3478,11,0.000485232874239,0.0007265274502919,0.0053375616166293,0.0061902082160945,11,0.000485232874239,1,1
CHEMBL3510,1,0.0004790010121981,0.0004790010121981,0.0004790010121981,0.0005627462014631,1,0.0004790010121981,1,1
CHEMBL3514,3,0.0004613545706044,0.0005009456780062,0.0013840637118132,0.0016891891891891,3,0.0004613545706043,1,1
CHEMBL3568,9,0.00044019689429,0.0005673045318414,0.0039617720486105,0.0050675675675675,9,0.00044019689429,1,1
CHEMBL3572,9,0.0005275815119292,0.0006175026472933,0.0047482336073633,0.0050675675675675,9,0.0005275815119292,1,1
CHEMBL3582,17,0.000540637381721,0.0008241647399241,0.0091908354892571,0.009572072072072,17,0.0005406373817209,1,1
CHEMBL3595,11,0.0004837425453962,0.0005511075766126,0.0053211679993583,0.0061936936936936,11,0.0004837425453961,1,1
CHEMBL3610,56,0.0006061465153305,0.0010195644560664,0.0339442048585102,0.0315315315315315,56,0.0006061465153305,1,1
CHEMBL3636,7,0.0004687783990629,0.0005938015641085,0.0032814487934405,0.0039414414414414,7,0.0004687783990628,1,1
CHEMBL3650,47,0.0006178284624,0.0009666828260392,0.0290379377328018,0.0264639639639639,47,0.0006178284624,1,1
CHEMBL3708,31,0.0007196540427524,0.0013890700171119,0.0223092753253265,0.0174255199550309,31,0.0007196540427524,1,1
CHEMBL3710,6,0.0004587780555372,0.0005182265072725,0.0027526683332237,0.0033745781777277,6,0.0004587780555372,1,1
CHEMBL3721,17,0.0004142600958252,0.0005227224825863,0.0070424216290291,0.009572072072072,17,0.0004142600958252,1,1
CHEMBL3723,24,0.0006622307892007,0.0009988664770327,0.0158935389408172,0.0135135135135135,24,0.0006622307892006,1,1
CHEMBL3724,7,0.0004780671281903,0.0005938015641085,0.0033464698973322,0.0039392234102419,7,0.0004780671281902,1,1
CHEMBL3727,3,0.000478648453891,0.0004790010121981,0.001435945361673,0.0016891891891891,3,0.0004786484538909,1,1
CHEMBL3764,7,0.0004687783990629,0.0005938015641085,0.0032814487934405,0.0039414414414414,7,0.0004687783990628,1,1
CHEMBL3768,14,0.0005218639640378,0.0008203549520406,0.0073060954965294,0.0078828828828828,14,0.0005218639640377,1,1
CHEMBL3769,11,0.0004359975083503,0.0005606642790874,0.0047959725918538,0.0061902082160945,11,0.0004359975083503,1,1
CHEMBL3770,2,0.0003995955747363,0.0004585287332967,0.0007991911494726,0.0011248593925759,2,0.0003995955747363,1,1
CHEMBL3775,28,0.0005669288995633,0.0006836488128212,0.0158740091877743,0.0157657657657657,28,0.0005669288995633,1,1
CHEMBL3816,23,0.000491677762361,0.0007149739322423,0.0113085885343033,0.012870733072188,23,0.0004916777623609,1,1
CHEMBL3817,18,0.0005213086397594,0.0006447001485519,0.0093835555156705,0.0101351351351351,18,0.0005213086397594,1,1
CHEMBL3819,7,0.0004780671281903,0.0005938015641085,0.0033464698973322,0.0039392234102419,7,0.0004780671281902,1,1
CHEMBL3841,3,0.0004071233953548,0.0004793673557067,0.0012213701860645,0.0016891891891891,3,0.0004071233953548,1,1
CHEMBL3856,6,0.000654673688252,0.0013890700171119,0.003928042129512,0.0033764772087788,6,0.0006546736882519,1,1
CHEMBL3861,7,0.000827173206246,0.0013890700171119,0.0057902124437224,0.0039392234102419,7,0.000827173206246,1,1
CHEMBL3863,3,0.000425914906586,0.0005043894392236,0.0012777447197581,0.0016882386043894,3,0.000425914906586,1,1
CHEMBL3892,9,0.0005220452065089,0.0006867239251052,0.0046984068585805,0.0050647158131682,9,0.0005220452065088,1,1
CHEMBL3898,11,0.0004585529766708,0.000661988958186,0.0050440827433791,0.0061936936936936,11,0.0004585529766707,1,1
CHEMBL3911,6,0.0004807426459133,0.0005938015641085,0.0028844558754803,0.0033745781777277,6,0.0004807426459133,1,1
CHEMBL3913,11,0.0004814325894315,0.0006457535810975,0.0052957584837466,0.0061867266591676,11,0.0004814325894314,1,1
CHEMBL3958,9,0.0004298500151341,0.000501215185533,0.003868650136207,0.0050675675675675,9,0.000429850015134,1,1
CHEMBL3961,65,0.0006044928737093,0.0008962556447185,0.0392920367911073,0.0365990990990991,65,0.0006044928737092,1,1
CHEMBL3969,1,0.0004790010121981,0.0004790010121981,0.0004790010121981,0.0005627462014631,1,0.0004790010121981,1,1
CHEMBL3974,11,0.0004893639421357,0.0006394943644759,0.0053830033634927,0.0061902082160945,11,0.0004893639421356,1,1
CHEMBL4018,7,0.0004499516073119,0.0005182265072725,0.0031496612511838,0.0039414414414414,7,0.0004499516073119,1,1
CHEMBL402,10,0.0004754653896673,0.0005805528754101,0.0047546538966731,0.0056242969628796,10,0.0004754653896672,0,0
CHEMBL4068,9,0.0004813927809242,0.0007150087621687,0.004332535028318,0.0050675675675675,9,0.0004813927809241,1,1
CHEMBL4069,9,0.0004746038968615,0.0005491911751487,0.0042714350717543,0.0050675675675675,9,0.0004746038968615,1,1
CHEMBL4071,24,0.0005640675979397,0.0013890700171119,0.0135376223505533,0.0135059088351153,24,0.0005640675979396,1,1
CHEMBL4072,20,0.0005698171929947,0.0010350053919864,0.0113963438598944,0.0112549240292628,20,0.0005698171929946,1,1
CHEMBL4074,3,0.0004166023645587,0.0005009456780062,0.0012498070936762,0.0016891891891891,3,0.0004166023645587,1,1
CHEMBL4076,8,0.0004221923717138,0.0005340445333531,0.0033775389737105,0.0044969083754918,8,0.0004221923717138,1,1
CHEMBL4121,64,0.0005285346188583,0.0008839403125357,0.0338262156069339,0.036036036036036,64,0.0005285346188582,1,1
CHEMBL4142,38,0.0006121107129783,0.0009520920417482,0.0232602070931783,0.0213963963963963,38,0.0006121107129783,1,1
CHEMBL4237,37,0.0006376071913641,0.0009244098553747,0.0235914660804744,0.0208216094541361,37,0.0006376071913641,1,1
CHEMBL4271,6,0.0004481213519752,0.0004931057336792,0.0026887281118517,0.0033783783783783,6,0.0004481213519752,1,1
CHEMBL4273,17,0.0004906996903553,0.000571878677965,0.0083418947360408,0.009572072072072,17,0.0004906996903553,1,1
CHEMBL4305,2,0.0004432417256801,0.0004793673557067,0.0008864834513603,0.0011254924029262,2,0.0004432417256801,1,1
CHEMBL4306,5,0.0004061561503144,0.0004793673557067,0.0020307807515721,0.0028137310073157,5,0.0004061561503144,1,1
CHEMBL4315,10,0.0005343287052767,0.0007149739322423,0.0053432870527675,0.0056242969628796,10,0.0005343287052766,1,1
CHEMBL4330,13,0.0005000539065527,0.0005938015641085,0.0065007007851857,0.0073074761101742,13,0.0005000539065527,1,1
CHEMBL4425,17,0.0004447649200919,0.0005491911751487,0.0075610036415625,0.0095666854248733,17,0.0004447649200918,1,1
CHEMBL4429,7,0.0004687783990629,0.0005938015641085,0.0032814487934405,0.0039392234102419,7,0.0004687783990628,1,1
CHEMBL4467,5,0.0004759770347965,0.0005479474365246,0.0023798851739829,0.0028153153153153,5,0.0004759770347965,1,1
CHEMBL4469,5,0.0004319220882888,0.0004793673557067,0.0021596104414443,0.0028121484814398,5,0.0004319220882888,1,1
CHEMBL4478,2,0.000486236544693,0.0004931057336792,0.000972473089386,0.0011254924029262,2,0.0004862365446929,1,1
CHEMBL4549,42,0.0004988826883909,0.000654392763388,0.0209530729124215,0.0236486486486486,42,0.0004988826883909,1,1
CHEMBL4550,5,0.0004147599723168,0.0005043894392236,0.002073799861584,0.0028105677346824,5,0.0004147599723167,0,0
CHEMBL4551,14,0.0005376023943725,0.0008645226547058,0.0075264335212152,0.0078784468204839,14,0.0005376023943724,1,1
CHEMBL4573,6,0.000447779782477,0.0005182265072725,0.002686678694862,0.0033783783783783,6,0.0004477797824769,1,1
CHEMBL4589,4,0.0003873339943639,0.0004790010121981,0.0015493359774556,0.0022522522522522,4,0.0003873339943639,1,1
CHEMBL4605,2,0.0003995955747363,0.0004585287332967,0.0007991911494726,0.0011248593925759,2,0.0003995955747363,1,1
CHEMBL4607,7,0.0004499516073119,0.0005182265072725,0.0031496612511838,0.0039414414414414,7,0.0004499516073119,1,1
CHEMBL4608,10,0.0004774431333757,0.0005491911751487,0.0047744313337572,0.0056306306306306,10,0.0004774431333756,1,1
CHEMBL4617,3,0.0006468555297338,0.0007519097872204,0.0019405665892015,0.0016882386043894,3,0.0006468555297338,1,1
CHEMBL4633,3,0.0004071233953548,0.0004793673557067,0.0012213701860645,0.0016891891891891,3,0.0004071233953548,1,1
CHEMBL4708,2,0.00044105114001,0.0004830233805839,0.0008821022800201,0.0011261261261261,2,0.00044105114001,0,0
CHEMBL4712,8,0.0005047540305868,0.0007716610765774,0.0040380322446944,0.0044969083754918,8,0.0005047540305867,0,0
CHEMBL4714,6,0.0004807426459133,0.0005938015641085,0.0028844558754803,0.0033745781777277,6,0.0004807426459133,1,1
CHEMBL4715,7,0.0005048884319203,0.0006389875419489,0.0035342190234421,0.0039259674705552,7,0.0005048884319202,1,1
CHEMBL4716,4,0.0005140041852299,0.0005491911751487,0.0020560167409196,0.0022522522522522,4,0.0005140041852298,1,1
CHEMBL4744,17,0.0004665848920284,0.0006648524079466,0.0079319431644831,0.0095613048368953,17,0.0004665848920283,1,1
CHEMBL4761,18,0.0004780943057011,0.0005673045318414,0.0086056975026208,0.0101351351351351,18,0.0004780943057011,1,1
CHEMBL4763,59,0.0005217155961195,0.0009793572525106,0.0307812201710545,0.0332207207207207,59,0.0005217155961195,1,1
CHEMBL4770,3,0.0004360151397346,0.0004793673557067,0.0013080454192039,0.0016882386043894,3,0.0004360151397346,1,1
CHEMBL4777,7,0.0004499516073119,0.0005182265072725,0.0031496612511838,0.0039414414414414,7,0.0004499516073119,1,1
CHEMBL4790,10,0.000640231454241,0.0013890700171119,0.0064023145424104,0.0056242969628796,10,0.000640231454241,0,0
CHEMBL4794,3,0.0008311125053902,0.0013890700171119,0.0024933375161707,0.0016882386043894,3,0.0008311125053902,1,1
CHEMBL4805,18,0.0005271974656845,0.0007375955243429,0.0094895543823213,0.0101351351351351,18,0.0005271974656844,1,1
CHEMBL4808,3,0.0004926539126606,0.0005054886485959,0.0014779617379819,0.0016844469399213,3,0.0004926539126606,1,1
CHEMBL4811,2,0.0004904888349882,0.0005019766577784,0.0009809776699765,0.0011235955056179,2,0.0004904888349882,0,0
CHEMBL4812,3,0.0003964369300846,0.0005286091789337,0.001189310790254,0.0016891891891891,3,0.0003964369300846,1,1
CHEMBL4813,10,0.0004488779575796,0.0005043894392236,0.0044887795757965,0.0056211354693648,10,0.0004488779575796,1,1
CHEMBL4815,7,0.0004687783990629,0.0005938015641085,0.0032814487934405,0.0039392234102419,7,0.0004687783990628,1,1
CHEMBL4816,81,0.0005706555921035,0.0010835873945086,0.0462231029603878,0.0456081081081081,81,0.0005706555921035,1,1
CHEMBL4820,6,0.0004807426459133,0.0005938015641085,0.0028844558754803,0.0033745781777277,6,0.0004807426459133,1,1
CHEMBL4829,11,0.0004234608110263,0.0005812390705556,0.0046580689212896,0.0061902082160945,11,0.0004234608110262,1,1
CHEMBL4832,12,0.0005784588176866,0.0008407102410442,0.0069415058122401,0.0067226890756302,12,0.0005784588176866,1,1
CHEMBL4833,3,0.0004093235909532,0.0004790010121981,0.0012279707728598,0.0016882386043894,3,0.0004093235909532,1,1
CHEMBL4834,3,0.0005407926644569,0.0006389875419489,0.0016223779933707,0.0016835016835016,3,0.0005407926644568,1,1
CHEMBL4835,4,0.0010271118363223,0.0013890700171119,0.0041084473452895,0.0022522522522522,4,0.0010271118363223,1,1
CHEMBL4863,5,0.0004419176311107,0.0005286091789337,0.0022095881555536,0.0028153153153153,5,0.0004419176311106,1,1
CHEMBL4865,14,0.0005960457751997,0.0013890700171119,0.0083446408527958,0.0078784468204839,14,0.0005960457751996,1,1
CHEMBL4866,10,0.0005710366296516,0.0013370010511974,0.0057103662965165,0.0056306306306306,10,0.0005710366296516,1,1
CHEMBL4867,7,0.0004905210072327,0.0005938015641085,0.003433647050629,0.0039370078740157,7,0.0004905210072326,1,1
CHEMBL4868,3,0.0004166023645587,0.0005009456780062,0.0012498070936762,0.0016891891891891,3,0.0004166023645587,1,1
CHEMBL4869,7,0.0005562770700419,0.000795557959329,0.0038939394902938,0.0039414414414414,7,0.0005562770700419,1,1
CHEMBL4872,3,0.0004381752504791,0.00050511518593,0.0013145257514375,0.0016882386043894,3,0.0004381752504791,1,1
CHEMBL4873,4,0.0004779602575178,0.0005606642790874,0.0019118410300714,0.0022522522522522,4,0.0004779602575178,1,1
CHEMBL4876,9,0.0005210938266859,0.0006192669426573,0.0046898444401738,0.0050675675675675,9,0.0005210938266859,1,1
CHEMBL4878,12,0.0004251225452477,0.0005043894392236,0.0051014705429724,0.0067491563554555,12,0.0004251225452476,1,1
CHEMBL4880,5,0.0005788097168199,0.0006900603232269,0.0028940485840995,0.0028153153153153,5,0.0005788097168199,0,0
CHEMBL4881,5,0.0005051462957081,0.0007375955243429,0.0025257314785408,0.0028137310073157,5,0.0005051462957081,1,1
CHEMBL4883,9,0.0004459630157212,0.0005673045318414,0.0040136671414914,0.0050675675675675,9,0.0004459630157212,1,1
CHEMBL4892,9,0.0004381069569378,0.0005938015641085,0.003942962612441,0.0050675675675675,9,0.0004381069569378,1,1
CHEMBL4894,7,0.0004499516073119,0.0005182265072725,0.0031496612511838,0.0039414414414414,7,0.0004499516073119,1,1
CHEMBL4924,11,0.0005601900999162,0.0006917377793115,0.006162091099079,0.0061902082160945,11,0.0005601900999162,1,1
CHEMBL4925,3,0.0004943181092516,0.0005019766577784,0.001482954327755,0.0016891891891891,3,0.0004943181092516,1,1
CHEMBL4928,52,0.0004832657766127,0.0006650779396503,0.0251298203838627,0.0292792792792792,52,0.0004832657766127,1,1
CHEMBL4939,4,0.0004779602575178,0.0005606642790874,0.0019118410300714,0.0022522522522522,4,0.0004779602575178,1,1
CHEMBL4940,3,0.0009064591093925,0.0013890700171119,0.0027193773281776,0.0016891891891891,3,0.0009064591093925,1,1
CHEMBL4941,9,0.0005316209817724,0.000709655789783,0.0047845888359516,0.0050647158131682,9,0.0005316209817723,0,0
CHEMBL4942,4,0.0004479127928832,0.0005340445333531,0.0017916511715328,0.0022522522522522,4,0.0004479127928832,1,1
CHEMBL4945,3,0.0005605883661442,0.0006175026472933,0.0016817650984328,0.0016882386043894,3,0.0005605883661442,1,1
CHEMBL4947,2,0.0006651536555328,0.0008513062988676,0.0013303073110657,0.0011254924029262,2,0.0006651536555328,1,1
CHEMBL4949,8,0.0007360547625412,0.0013890700171119,0.0058884381003301,0.0044969083754918,8,0.0007360547625412,1,1
CHEMBL4977,70,0.000624431046582,0.0008319637350061,0.0437101732607459,0.0394144144144144,70,0.000624431046582,1,1
CHEMBL4983,9,0.0006217767378174,0.0013370010511974,0.0055959906403572,0.0050618672665916,9,0.0006217767378174,0,0
CHEMBL4985,2,0.0004901080988655,0.000501215185533,0.0009802161977311,0.0011248593925759,2,0.0004901080988655,1,1
CHEMBL5100,2,0.0005943284009905,0.000709655789783,0.0011886568019811,0.0011254924029262,2,0.0005943284009905,0,0
CHEMBL5103,18,0.0006217954688752,0.0007589731163405,0.0111923184397543,0.0101351351351351,18,0.0006217954688751,1,1
CHEMBL5113,7,0.0004687783990629,0.0005938015641085,0.0032814487934405,0.0039392234102419,7,0.0004687783990628,1,1
CHEMBL5135,6,0.000422649322917,0.00050511518593,0.0025358959375021,0.0033764772087788,6,0.000422649322917,1,1
CHEMBL5136,14,0.0005020236973519,0.0005938015641085,0.0070283317629274,0.0078828828828828,14,0.0005020236973519,1,1
CHEMBL5444,24,0.0005834836371982,0.0006963686382371,0.0140036072927585,0.0135135135135135,24,0.0005834836371982,1,1
