drug,n_pathways_luma,mean_pathway_score_luma,max_pathway_score_luma,sum_pathway_score_luma
CHEMBL1778,16,0.054038491015935386,0.1537842052477922,0.8646158562549662
CHEMBL1782,5,0.01505722542596088,0.0451741251076365,0.0752861271298044
CHEMBL1783,29,0.046635296492818036,0.1537842052477922,1.352423598291723
CHEMBL1785,10,0.04113517731044011,0.1537842052477922,0.41135177310440113
CHEMBL1786,2,0.02332030483942205,0.0451741251076365,0.0466406096788441
CHEMBL1787,5,0.014539777051820042,0.0451741251076365,0.0726988852591002
CHEMBL1790,16,0.0305690285980178,0.1537842052477922,0.4891044575682848
CHEMBL1791,5,0.00560277921408258,0.012564049150908,0.0280138960704129
CHEMBL1793,6,0.044779815017178475,0.1537842052477922,0.26867889010307083
CHEMBL1795,3,0.0053420854392114,0.0094050932772035,0.0160262563176342
CHEMBL1798,15,0.042356414824964134,0.1537842052477922,0.635346222374462
CHEMBL1800,6,0.044779815017178475,0.1537842052477922,0.26867889010307083
CHEMBL1803,13,0.048055995291639814,0.1097527112367198,0.6247279387913176
CHEMBL1804,7,0.04126879801942845,0.1537842052477922,0.2888815861359991
CHEMBL1806,10,0.02482925665153801,0.0605095401637408,0.2482925665153801
CHEMBL1807,11,0.02881038378380024,0.1262818772289532,0.3169142216218026
CHEMBL1808,3,0.0226649166298163,0.0605095401637408,0.0679947498894489
CHEMBL1811,6,0.046801030309560454,0.1537842052477922,0.2808061818573627
CHEMBL1817,6,0.030718619455440337,0.1537842052477922,0.18431171673264202
CHEMBL1821,6,0.04662086121228543,0.1537842052477922,0.2797251672737126
CHEMBL1822,12,0.04249176999571758,0.1262818772289532,0.509901239948611
CHEMBL1824,58,0.025016462755376632,0.1537842052477922,1.4509548398118446
CHEMBL1827,11,0.0278393011818258,0.1537842052477922,0.3062323130000838
CHEMBL1832,6,0.044779815017178475,0.1537842052477922,0.26867889010307083
CHEMBL1833,6,0.046801030309560454,0.1537842052477922,0.2808061818573627
CHEMBL1835,9,0.02445010390630763,0.1262818772289532,0.22005093515676868
CHEMBL1836,6,0.045540954622685016,0.1537842052477922,0.2732457277361101
CHEMBL1839,4,0.013319954279932374,0.0451741251076365,0.0532798171197295
CHEMBL1842,10,0.05015227740717215,0.1262818772289532,0.5015227740717215
CHEMBL1843,3,0.0173955548660637,0.0451741251076365,0.0521866645981911
CHEMBL1845,8,0.02656177711457536,0.0978185915307112,0.2124942169166029
CHEMBL1846,6,0.0055916587269598,0.012564049150908,0.0335499523617588
CHEMBL1851,13,0.009007671420468277,0.0451741251076365,0.1170997284660876
CHEMBL1854,7,0.039138354488818645,0.1537842052477922,0.2739684814217305
CHEMBL1855,7,0.0402184193632833,0.1537842052477922,0.2815289355429831
CHEMBL1856,5,0.014539777051820042,0.0451741251076365,0.0726988852591002
CHEMBL1859,10,0.028905299867746388,0.0978185915307112,0.28905299867746387
CHEMBL1860,9,0.045403711626981674,0.086774286801405,0.4086334046428351
CHEMBL1861,2,0.02554675603832635,0.0451741251076365,0.0510935120766527
CHEMBL1864,3,0.032973971655563296,0.058212054098014,0.0989219149666899
CHEMBL1867,15,0.03439050621391557,0.1537842052477922,0.5158575932087335
CHEMBL1868,6,0.042733016939434765,0.1537842052477922,0.2563981016366086
CHEMBL1869,2,0.02554675603832635,0.0451741251076365,0.0510935120766527
CHEMBL1871,23,0.03548861448768841,0.1537842052477922,0.8162381332168335
CHEMBL1874,4,0.03564699549396528,0.1262818772289532,0.14258798197586112
CHEMBL1875,6,0.045540954622685016,0.1537842052477922,0.2732457277361101
CHEMBL1876,4,0.03564699549396528,0.1262818772289532,0.14258798197586112
CHEMBL1881,6,0.045540954622685016,0.1537842052477922,0.2732457277361101
CHEMBL1882,3,0.02228898155616127,0.0229847162537001,0.06686694466848381
CHEMBL1883,3,0.02228898155616127,0.0229847162537001,0.06686694466848381
CHEMBL1886,14,0.018361751050430888,0.1262818772289532,0.2570645147060324
CHEMBL1889,9,0.04654209971297539,0.1537842052477922,0.41887889741677853
CHEMBL1892,2,0.02554675603832635,0.0451741251076365,0.0510935120766527
CHEMBL1893,6,0.008576734385364217,0.0229847162537001,0.051460406312185306
CHEMBL1898,6,0.04662086121228543,0.1537842052477922,0.2797251672737126
CHEMBL1899,3,0.02228898155616127,0.0229847162537001,0.06686694466848381
CHEMBL1900,5,0.01578490216900912,0.0451741251076365,0.07892451084504559
CHEMBL1901,7,0.0414232286742356,0.1537842052477922,0.2899626007196492
CHEMBL1903,6,0.010564858873804468,0.0229847162537001,0.0633891532428268
CHEMBL1904,32,0.031548812182901335,0.1537842052477922,1.0095619898528427
CHEMBL1905,73,0.023912434905391685,0.1537842052477922,1.745607748093593
CHEMBL1907,6,0.040815532698507496,0.1097527112367198,0.244893196191045
CHEMBL1910,5,0.03693750632495314,0.1262818772289532,0.1846875316247657
CHEMBL1911,4,0.01242936699102375,0.0229847162537001,0.049717467964095
CHEMBL1912,2,0.0540988665101652,0.0605095401637408,0.1081977330203304
CHEMBL1913,15,0.05264055393728791,0.1537842052477922,0.7896083090593186
CHEMBL1914,10,0.0189601297479784,0.0605095401637408,0.189601297479784
CHEMBL1916,15,0.03439050621391557,0.1537842052477922,0.5158575932087335
CHEMBL1919,5,0.025409098601964303,0.0600752921190352,0.12704549300982151
CHEMBL1920,7,0.04561362799880298,0.1537842052477922,0.3192953959916209
CHEMBL1925,7,0.0389683573269708,0.1537842052477922,0.2727785012887956
CHEMBL1927,24,0.03010065458401624,0.1262818772289532,0.7224157100163897
CHEMBL1929,6,0.03605891612582715,0.1097527112367198,0.2163534967549629
CHEMBL1935,9,0.0194748550965977,0.0605095401637408,0.1752736958693793
CHEMBL1936,42,0.03006813162473802,0.1537842052477922,1.2628615282389968
CHEMBL1940,13,0.02183497718326997,0.0978185915307112,0.2838547033825096
CHEMBL1941,6,0.045540954622685016,0.1537842052477922,0.2732457277361101
CHEMBL1942,10,0.03852140764425158,0.1537842052477922,0.3852140764425158
CHEMBL1944,14,0.028411542581607406,0.1097527112367198,0.39776159614250367
CHEMBL1947,9,0.045403711626981674,0.086774286801405,0.4086334046428351
CHEMBL1950,5,0.036659198541249424,0.0605095401637408,0.1832959927062471
CHEMBL1951,13,0.04073443881066292,0.1262818772289532,0.5295477045386179
CHEMBL1952,8,0.019122598408663913,0.0451741251076365,0.1529807872693113
CHEMBL1957,14,0.045554614300431576,0.1537842052477922,0.6377646002060421
CHEMBL1958,7,0.010641846326306758,0.0451741251076365,0.0744929242841473
CHEMBL1959,11,0.05145891539895593,0.1262818772289532,0.5660480693885153
CHEMBL1962,7,0.04561362799880298,0.1537842052477922,0.3192953959916209
CHEMBL1963,7,0.039138354488818645,0.1537842052477922,0.2739684814217305
CHEMBL1966,2,0.02278563423495435,0.0451741251076365,0.0455712684699087
CHEMBL1968,3,0.018903368409093565,0.0451741251076365,0.0567101052272807
CHEMBL1969,3,0.0173955548660637,0.0451741251076365,0.0521866645981911
CHEMBL1970,7,0.03605405886211938,0.1537842052477922,0.2523784120348357
CHEMBL1971,11,0.01732662622595815,0.1262818772289532,0.19059288848553962
CHEMBL1972,17,0.023041951169861293,0.086774286801405,0.391713169887642
CHEMBL1975,10,0.025704207871415495,0.1097527112367198,0.25704207871415496
CHEMBL1976,4,0.04998641562038937,0.1097527112367198,0.19994566248155748
CHEMBL1977,12,0.03986844594161196,0.086774286801405,0.4784213512993435
CHEMBL1978,10,0.02273922733412203,0.1262818772289532,0.2273922733412203
CHEMBL1981,10,0.03957958505896938,0.1537842052477922,0.3957958505896938
CHEMBL1983,6,0.04662086121228543,0.1537842052477922,0.2797251672737126
CHEMBL1985,11,0.03210447886168563,0.1537842052477922,0.3531492674785419
CHEMBL1987,6,0.046801030309560454,0.1537842052477922,0.2808061818573627
CHEMBL1988,3,0.0053420854392114,0.0094050932772035,0.0160262563176342
CHEMBL1989,12,0.028245370595953775,0.1262818772289532,0.3389444471514453
CHEMBL1991,82,0.01726625091108462,0.1537842052477922,1.4158325747089389
CHEMBL1992,17,0.02436922925196104,0.1262818772289532,0.4142768972833377
CHEMBL1993,22,0.03388934822196863,0.1537842052477922,0.7455656608833099
CHEMBL1994,12,0.04282422225546905,0.086774286801405,0.5138906670656286
CHEMBL1995,9,0.03785897733305389,0.1537842052477922,0.340730795997485
CHEMBL1996,8,0.048211048364070384,0.1097527112367198,0.3856883869125631
CHEMBL1997,4,0.004355878302827275,0.012564049150908,0.0174235132113091
CHEMBL2000,6,0.035550675233254135,0.1262818772289532,0.2133040513995248
CHEMBL2001,10,0.038106612976838324,0.1537842052477922,0.3810661297683832
CHEMBL2002,12,0.04249176999571758,0.1262818772289532,0.509901239948611
CHEMBL2004,7,0.06428585298707862,0.1537842052477922,0.4500009709095503
CHEMBL2008,10,0.056538790917614615,0.1537842052477922,0.5653879091761461
CHEMBL2014,7,0.04126879801942845,0.1537842052477922,0.2888815861359991
CHEMBL2015,23,0.02749369878856564,0.1537842052477922,0.6323550721370097
CHEMBL202,10,0.01624973646713344,0.0451741251076365,0.1624973646713344
CHEMBL2023,10,0.03810985418858189,0.1262818772289532,0.38109854188581893
CHEMBL203,78,0.025836238782232658,0.1537842052477922,2.0152266250141473
CHEMBL2033,10,0.02273922733412203,0.1262818772289532,0.2273922733412203
CHEMBL2034,28,0.03674509259692268,0.1537842052477922,1.028862592713835
CHEMBL2035,6,0.046801030309560454,0.1537842052477922,0.2808061818573627
CHEMBL2039,3,0.018903368409093565,0.0451741251076365,0.0567101052272807
CHEMBL2040,2,0.041784535519278895,0.058212054098014,0.08356907103855779
CHEMBL2044,4,0.01242936699102375,0.0229847162537001,0.049717467964095
CHEMBL2045,4,0.030188903592302373,0.0978185915307112,0.1207556143692095
CHEMBL2049,7,0.0414232286742356,0.1537842052477922,0.2899626007196492
CHEMBL205,6,0.0302432406140874,0.0978185915307112,0.1814594436845244
CHEMBL2050,5,0.052740777238951576,0.1097527112367198,0.2637038861947579
CHEMBL2055,19,0.039766884346029485,0.1537842052477922,0.7555708025745602
CHEMBL2056,6,0.045540954622685016,0.1537842052477922,0.2732457277361101
CHEMBL2057,10,0.01624973646713344,0.0451741251076365,0.1624973646713344
CHEMBL2059,4,0.0486567403376102,0.1097527112367198,0.1946269613504408
CHEMBL206,43,0.03515145140599043,0.1537842052477922,1.5115124104575886
CHEMBL2060,20,0.017824782346825,0.0978185915307112,0.3564956469365
CHEMBL2061,65,0.017621653548651587,0.1537842052477922,1.145407480662353
CHEMBL2062,6,0.0055916587269598,0.012564049150908,0.0335499523617588
CHEMBL2063,2,0.0322371326794133,0.0451741251076365,0.0644742653588266
CHEMBL2064,16,0.02233935351429204,0.1537842052477922,0.3574296562286726
CHEMBL2066,2,0.0060197948319037,0.0094050932772035,0.0120395896638074
CHEMBL2069,11,0.03518558013269146,0.1537842052477922,0.3870413814596061
CHEMBL207,48,0.027055203683539034,0.1537842052477922,1.2986497768098737
CHEMBL2070,82,0.021020535048258925,0.1537842052477922,1.7236838739572318
CHEMBL2071,9,0.02501231274384559,0.1262818772289532,0.2251108146946103
CHEMBL2074,3,0.058966148767198696,0.1097527112367198,0.1768984463015961
CHEMBL2075,10,0.03129838268146119,0.1262818772289532,0.3129838268146119
CHEMBL2076,7,0.02949547755590486,0.1262818772289532,0.206468342891334
CHEMBL2079,3,0.06427435862153087,0.1537842052477922,0.19282307586459263
CHEMBL208,25,0.03992798513635838,0.1537842052477922,0.9981996284089596
CHEMBL2081,7,0.007984124296440758,0.0451741251076365,0.0558888700750853
CHEMBL2083,13,0.02478216501055184,0.0978185915307112,0.3221681451371739
CHEMBL2084,3,0.03703051605975777,0.0605095401637408,0.1110915481792733
CHEMBL2085,10,0.041545112049276064,0.1097527112367198,0.4154511204927606
CHEMBL2086,2,0.01251829714062805,0.0229847162537001,0.0250365942812561
CHEMBL2088,4,0.030188903592302373,0.0978185915307112,0.1207556143692095
CHEMBL209,12,0.016859517524098273,0.0978185915307112,0.20231421028917929
CHEMBL2094,7,0.03458999372247946,0.1097527112367198,0.2421299560573562
CHEMBL2099,8,0.03812933498777759,0.1537842052477922,0.3050346799022207
CHEMBL210,14,0.033884664870027656,0.1537842052477922,0.4743853081803872
CHEMBL2100,7,0.010665890115519073,0.0451741251076365,0.0746612308086335
CHEMBL2102,4,0.0124300562276586,0.0451741251076365,0.0497202249106344
CHEMBL2104,10,0.030407969924030498,0.1262818772289532,0.304079699240305
CHEMBL2105,6,0.011441675177461468,0.0451741251076365,0.0686500510647688
CHEMBL2106,12,0.02893860967484625,0.1097527112367198,0.347263316098155
CHEMBL2107,26,0.030682651818220576,0.1537842052477922,0.797748947273735
CHEMBL2108,23,0.036541225991067496,0.1537842052477922,0.8404481977945524
CHEMBL2109,32,0.027254496695762923,0.1262818772289532,0.8721438942644135
CHEMBL2114,6,0.04662086121228543,0.1537842052477922,0.2797251672737126
CHEMBL2116,43,0.025451526039461714,0.1537842052477922,1.0944156196968537
CHEMBL2117,38,0.02519527446366486,0.1537842052477922,0.9574204296192647
CHEMBL212,36,0.034667260987122424,0.1537842052477922,1.2480213955364072
CHEMBL2120,70,0.016139454478958204,0.1537842052477922,1.1297618135270742
CHEMBL2121,10,0.0150195028305015,0.0605095401637408,0.150195028305015
CHEMBL2123,6,0.04662086121228543,0.1537842052477922,0.2797251672737126
CHEMBL2127,6,0.00423452619407795,0.012564049150908,0.0254071571644677
CHEMBL213,6,0.045540954622685016,0.1537842052477922,0.2732457277361101
CHEMBL2131,3,0.017772436428071667,0.0451741251076365,0.053317309284215
CHEMBL2139,2,0.03503009659052965,0.0605095401637408,0.0700601931810593
CHEMBL2147,12,0.04578040845303147,0.1262818772289532,0.5493649014363776
CHEMBL2148,24,0.04229667015277489,0.1537842052477922,1.0151200836665975
CHEMBL215,15,0.029270348909923097,0.1097527112367198,0.43905523364884647
CHEMBL2156,3,0.0053420854392114,0.0094050932772035,0.0160262563176342
CHEMBL2158,5,0.033856021316115606,0.1097527112367198,0.16928010658057802
CHEMBL2159,5,0.00994404795295164,0.0451741251076365,0.0497202397647582
CHEMBL216,6,0.046801030309560454,0.1537842052477922,0.2808061818573627
CHEMBL2160,8,0.028327335758294287,0.1097527112367198,0.2266186860663543
CHEMBL2161,6,0.0098587473032181,0.0451741251076365,0.0591524838193086
CHEMBL2164,26,0.025407915632377036,0.1537842052477922,0.6606058064418029
CHEMBL2167,142,0.019226070477767115,0.1537842052477922,2.7301020078429303
CHEMBL217,4,0.0551754671899669,0.1537842052477922,0.2207018687598676
CHEMBL2171,48,0.027886996303718815,0.1262818772289532,1.3385758225785032
CHEMBL218,6,0.04662086121228543,0.1537842052477922,0.2797251672737126
CHEMBL2182,6,0.04662086121228543,0.1537842052477922,0.2797251672737126
CHEMBL2184,6,0.013734553539609317,0.0229847162537001,0.0824073212376559
CHEMBL2185,34,0.026511421720512594,0.1537842052477922,0.9013883384974282
CHEMBL219,6,0.04662086121228543,0.1537842052477922,0.2797251672737126
CHEMBL2193,7,0.0499386349543933,0.1097527112367198,0.3495704446807531
CHEMBL2194,5,0.01092881502156992,0.0451741251076365,0.0546440751078496
CHEMBL220,8,0.023102179072934263,0.0605095401637408,0.1848174325834741
CHEMBL2200,7,0.02968697595877377,0.1537842052477922,0.2078088317114164
CHEMBL2202,7,0.02949547755590486,0.1262818772289532,0.206468342891334
CHEMBL2206,5,0.0144248118179344,0.0451741251076365,0.072124059089672
CHEMBL221,6,0.013087049782756767,0.0451741251076365,0.07852229869654061
CHEMBL222,4,0.03564699549396528,0.1262818772289532,0.14258798197586112
CHEMBL223,7,0.04068449950536714,0.1537842052477922,0.28479149653757
CHEMBL224,6,0.046801030309560454,0.1537842052477922,0.2808061818573627
CHEMBL2249,5,0.00557795015079292,0.0192867775554466,0.0278897507539646
CHEMBL225,6,0.046801030309560454,0.1537842052477922,0.2808061818573627
CHEMBL226,6,0.04662086121228543,0.1537842052477922,0.2797251672737126
CHEMBL227,11,0.03137606110291263,0.1537842052477922,0.3451366721320389
CHEMBL228,4,0.014910279446533,0.0229847162537001,0.059641117786132
CHEMBL229,7,0.04068449950536714,0.1537842052477922,0.28479149653757
CHEMBL230,11,0.0332120748775914,0.1097527112367198,0.3653328236535054
CHEMBL231,6,0.046801030309560454,0.1537842052477922,0.2808061818573627
CHEMBL232,7,0.04068449950536714,0.1537842052477922,0.28479149653757
CHEMBL2326,1,0.0451741251076365,0.0451741251076365,0.0451741251076365
CHEMBL2327,7,0.0414232286742356,0.1537842052477922,0.2899626007196492
CHEMBL2335,4,0.058777625099902524,0.1097527112367198,0.2351105003996101
CHEMBL235,30,0.03114711405827425,0.1537842052477922,0.9344134217482275
CHEMBL236,11,0.05238699333921535,0.1537842052477922,0.5762569267313689
CHEMBL2360,6,0.030932354769063433,0.1262818772289532,0.1855941286143806
CHEMBL237,12,0.04595348454801746,0.1537842052477922,0.5514418145762096
CHEMBL238,6,0.03142623574721022,0.1262818772289532,0.18855741448326133
CHEMBL2388,2,0.0233447458543179,0.0451741251076365,0.0466894917086358
CHEMBL239,33,0.024255869275260435,0.0978185915307112,0.8004436860835944
CHEMBL2392,10,0.01723650135948403,0.0605095401637408,0.1723650135948403
CHEMBL2399,14,0.03575764051753468,0.1262818772289532,0.5006069672454856
CHEMBL240,5,0.007968566244008721,0.0229847162537001,0.039842831220043604
CHEMBL2401,13,0.021749134371316755,0.1537842052477922,0.2827387468271178
CHEMBL241,4,0.062043761931357175,0.1537842052477922,0.2481750477254287
CHEMBL2412,57,0.01780575397811157,0.1262818772289532,1.0149279767523596
CHEMBL2413,12,0.046316039391721964,0.1537842052477922,0.5557924727006636
CHEMBL2414,8,0.0366618951564353,0.1537842052477922,0.2932951612514824
CHEMBL2419,4,0.017810853989451075,0.0451741251076365,0.0712434159578043
CHEMBL242,16,0.0566305697310524,0.1537842052477922,0.9060891156968384
CHEMBL2421,7,0.010922354672407401,0.0451741251076365,0.0764564827068518
CHEMBL2428,7,0.034864022128783104,0.1537842052477922,0.2440481549014817
CHEMBL2430,6,0.0055916587269598,0.012564049150908,0.0335499523617588
CHEMBL2433,3,0.022670507320806735,0.0605095401637408,0.0680115219624202
CHEMBL2434,11,0.04274487341391622,0.1537842052477922,0.4701936075530785
CHEMBL2438,3,0.058966148767198696,0.1097527112367198,0.1768984463015961
CHEMBL2439,4,0.04443742162917415,0.1097527112367198,0.1777496865166966
CHEMBL244,5,0.058634347943036055,0.1262818772289532,0.2931717397151803
CHEMBL2441,3,0.023097153746898264,0.0605095401637408,0.0692914612406948
CHEMBL2442,11,0.030305884055172327,0.1537842052477922,0.3333647246068956
CHEMBL2443,6,0.025297395366867533,0.0978185915307112,0.1517843722012052
CHEMBL2447,2,0.02278563423495435,0.0451741251076365,0.0455712684699087
CHEMBL245,10,0.03496365672955433,0.1537842052477922,0.3496365672955433
CHEMBL2457,4,0.0167465796442241,0.0451741251076365,0.0669863185768964
CHEMBL246,6,0.045540954622685016,0.1537842052477922,0.2732457277361101
CHEMBL2465,2,0.02278563423495435,0.0451741251076365,0.0455712684699087
CHEMBL2468,3,0.007672913117277966,0.0119355972037564,0.0230187393518339
CHEMBL2469,2,0.02278563423495435,0.0451741251076365,0.0455712684699087
CHEMBL2476,7,0.031581771640105144,0.0978185915307112,0.221072401480736
CHEMBL248,17,0.02500243528950392,0.1537842052477922,0.42504139992156664
CHEMBL2484,3,0.02228898155616127,0.0229847162537001,0.06686694466848381
CHEMBL2487,66,0.02193844742123719,0.1537842052477922,1.4479375298016546
CHEMBL249,11,0.03137606110291263,0.1537842052477922,0.3451366721320389
CHEMBL2490,6,0.046801030309560454,0.1537842052477922,0.2808061818573627
CHEMBL2492,3,0.02228898155616127,0.0229847162537001,0.06686694466848381
CHEMBL2493,6,0.01675123099779757,0.0229847162537001,0.10050738598678541
CHEMBL2494,33,0.025994414066839507,0.1537842052477922,0.8578156642057038
CHEMBL2498,137,0.02223360491843512,0.1537842052477922,3.0460038738256117
CHEMBL250,14,0.04553758868016217,0.1537842052477922,0.6375262415222703
CHEMBL2502,4,0.0167465796442241,0.0451741251076365,0.0669863185768964
CHEMBL2503,2,0.0233447458543179,0.0451741251076365,0.0466894917086358
CHEMBL2506,156,0.020460436035680346,0.1537842052477922,3.191828021566134
CHEMBL2508,28,0.02457267939122198,0.1262818772289532,0.6880350229542154
CHEMBL251,12,0.03765468627282332,0.1537842052477922,0.4518562352738798
CHEMBL2514,7,0.0414232286742356,0.1537842052477922,0.2899626007196492
CHEMBL2517,3,0.05627868469864897,0.1097527112367198,0.1688360540959469
CHEMBL252,7,0.0414232286742356,0.1537842052477922,0.2899626007196492
CHEMBL2524,5,0.048274542332084544,0.1097527112367198,0.2413727116604227
CHEMBL2527,24,0.021468878279448236,0.086774286801405,0.5152530787067576
CHEMBL253,6,0.04662086121228543,0.1537842052477922,0.2797251672737126
CHEMBL2531,4,0.016307877438940025,0.058212054098014,0.0652315097557601
CHEMBL2534,75,0.0288554885739141,0.1537842052477922,2.1641616430435575
CHEMBL2536,16,0.032225241398247444,0.1537842052477922,0.5156038623719591
CHEMBL254,7,0.040143050536533886,0.1537842052477922,0.2810013537557372
CHEMBL255,14,0.04327728101104685,0.1537842052477922,0.605881934154656
CHEMBL2552,7,0.026964337751236914,0.0978185915307112,0.1887503642586584
CHEMBL2553,50,0.027449166650731365,0.1537842052477922,1.3724583325365682
CHEMBL2559,5,0.01460367184804702,0.0605095401637408,0.0730183592402351
CHEMBL256,6,0.04662086121228543,0.1537842052477922,0.2797251672737126
CHEMBL2575,10,0.01624973646713344,0.0451741251076365,0.1624973646713344
CHEMBL258,53,0.03025988622257694,0.1537842052477922,1.6037739697965778
CHEMBL2581,17,0.03891335854589618,0.1537842052477922,0.661527095280235
CHEMBL2582,62,0.016304661359351012,0.086774286801405,1.0108890042797627
CHEMBL259,10,0.04037913189831485,0.1537842052477922,0.4037913189831485
CHEMBL2595,2,0.0322371326794133,0.0451741251076365,0.0644742653588266
CHEMBL2597,72,0.022794734854049092,0.1537842052477922,1.6412209094915347
CHEMBL2599,47,0.027147833253412537,0.1537842052477922,1.2759481629103893
CHEMBL2600,18,0.025002140412882394,0.1537842052477922,0.4500385274318831
CHEMBL2608,10,0.03705707983113664,0.1262818772289532,0.3705707983113664
CHEMBL2609,2,0.02554675603832635,0.0451741251076365,0.0510935120766527
CHEMBL2626,12,0.028245370595953775,0.1262818772289532,0.3389444471514453
CHEMBL2632,28,0.026950608434634118,0.1262818772289532,0.7546170361697553
CHEMBL2634,35,0.03459729308912999,0.1537842052477922,1.2109052581195496
CHEMBL264,4,0.0551754671899669,0.1537842052477922,0.2207018687598676
CHEMBL2641,3,0.03367674558872253,0.0978185915307112,0.1010302367661676
CHEMBL2650,17,0.02494891724763589,0.1537842052477922,0.4241315932098101
CHEMBL2652,8,0.0392284998434289,0.1537842052477922,0.3138279987474312
CHEMBL2655,46,0.02056975755545209,0.1537842052477922,0.9462088475507963
CHEMBL2656,2,0.02554675603832635,0.0451741251076365,0.0510935120766527
CHEMBL267,168,0.020884567730193145,0.1537842052477922,3.5086073786724485
CHEMBL268,14,0.039013435836169744,0.1097527112367198,0.5461881017063764
CHEMBL2692,3,0.06427435862153087,0.1537842052477922,0.19282307586459263
CHEMBL271,22,0.038086682936152964,0.1537842052477922,0.8379070245953651
CHEMBL2736,8,0.03518483533247042,0.1537842052477922,0.28147868265976334
CHEMBL274,19,0.04296471162341944,0.1537842052477922,0.8163295208449692
CHEMBL275,6,0.04470751185100702,0.1537842052477922,0.2682450711060421
CHEMBL2754,32,0.024863578507600497,0.1262818772289532,0.7956345122432159
CHEMBL278,16,0.05257886881068564,0.1262818772289532,0.8412619009709702
CHEMBL279,18,0.03542549748485172,0.1537842052477922,0.637658954727331
CHEMBL2796,10,0.0451626678930484,0.1262818772289532,0.451626678930484
CHEMBL280,11,0.027542316957008053,0.086774286801405,0.3029654865270886
CHEMBL281,2,0.02886908712927225,0.0451741251076365,0.0577381742585445
CHEMBL2835,56,0.022456203329653528,0.1537842052477922,1.2575473864605975
CHEMBL2847,33,0.024255869275260435,0.0978185915307112,0.8004436860835944
CHEMBL2849,16,0.02084727260290975,0.1262818772289532,0.333556361646556
CHEMBL2882,6,0.045540954622685016,0.1537842052477922,0.2732457277361101
CHEMBL2883,7,0.0217976634152913,0.0451741251076365,0.1525836439070391
CHEMBL2885,1,0.0451741251076365,0.0451741251076365,0.0451741251076365
CHEMBL2886,10,0.026580066454029782,0.1262818772289532,0.2658006645402978
CHEMBL2887,13,0.028868762333859585,0.1262818772289532,0.3752939103401746
CHEMBL2888,5,0.05396919894516115,0.1537842052477922,0.2698459947258057
CHEMBL2896,22,0.03230083600723866,0.1537842052477922,0.7106183921592505
CHEMBL2897,37,0.0250886869071122,0.1262818772289532,0.9282814155631514
CHEMBL2918,79,0.02195561859192092,0.1537842052477922,1.7344938687617528
CHEMBL2938,27,0.02138655393862329,0.1537842052477922,0.5774369563428288
CHEMBL2940,9,0.05280307930970876,0.1537842052477922,0.4752277137873788
CHEMBL2959,7,0.03774018084848156,0.1097527112367198,0.2641812659393709
CHEMBL2960,51,0.019478652233094793,0.1537842052477922,0.9934112638878344
CHEMBL2963,4,0.007716367734630126,0.0192867775554466,0.030865470938520503
CHEMBL2964,36,0.028754679933290325,0.1537842052477922,1.0351684775984518
CHEMBL2971,65,0.024000976813971255,0.1537842052477922,1.5600634929081316
CHEMBL2972,4,0.013906400703357349,0.0451741251076365,0.055625602813429396
CHEMBL2979,5,0.04053019753932158,0.1097527112367198,0.2026509876966079
CHEMBL3023,2,0.0322371326794133,0.0451741251076365,0.0644742653588266
CHEMBL3024,51,0.013324909723299213,0.1537842052477922,0.6795703958882598
CHEMBL3025,1,0.0451741251076365,0.0451741251076365,0.0451741251076365
CHEMBL3028,4,0.0273280305715546,0.0600752921190352,0.1093121222862184
CHEMBL3030,50,0.02425160102571427,0.1537842052477922,1.2125800512857134
CHEMBL3038,2,0.0540988665101652,0.0605095401637408,0.1081977330203304
CHEMBL3040,15,0.011950169032792701,0.0428796480328572,0.17925253549189052
CHEMBL3043,2,0.02554675603832635,0.0451741251076365,0.0510935120766527
CHEMBL3076,4,0.04684113607213682,0.1262818772289532,0.1873645442885473
CHEMBL3079,3,0.017512999605144835,0.0451741251076365,0.0525389988154345
CHEMBL3080,3,0.058966148767198696,0.1097527112367198,0.1768984463015961
CHEMBL3123,3,0.007672913117277966,0.0119355972037564,0.0230187393518339
CHEMBL3125,5,0.0398002355517132,0.0978185915307112,0.199001177758566
CHEMBL3126,6,0.03724522862357057,0.1097527112367198,0.2234713717414234
CHEMBL3142,11,0.028838459126036053,0.1097527112367198,0.3172230503863966
CHEMBL3143,15,0.026056644625639027,0.1262818772289532,0.39084966938458543
CHEMBL3155,8,0.037861842596958586,0.1537842052477922,0.3028947407756687
CHEMBL3157,8,0.03864979036336835,0.1537842052477922,0.3091983229069468
CHEMBL3164,48,0.019946417138578924,0.1537842052477922,0.9574280226517883
CHEMBL3167,6,0.01173100655935525,0.0451741251076365,0.0703860393561315
CHEMBL3191,6,0.046801030309560454,0.1537842052477922,0.2808061818573627
CHEMBL3201,9,0.011558283505865356,0.0451741251076365,0.1040245515527882
CHEMBL3230,6,0.04662086121228543,0.1537842052477922,0.2797251672737126
CHEMBL3233,31,0.0184394119477642,0.1537842052477922,0.5716217703806902
CHEMBL3240,10,0.02374659164977455,0.1097527112367198,0.2374659164977455
CHEMBL3253,31,0.015908959384642932,0.0605095401637408,0.4931777409239309
CHEMBL3254,13,0.04073443881066292,0.1262818772289532,0.5295477045386179
CHEMBL3256,14,0.028767968701260745,0.1262818772289532,0.4027515618176504
CHEMBL3276,12,0.04937153272068869,0.1537842052477922,0.5924583926482643
CHEMBL3311,15,0.010597359271057528,0.0451741251076365,0.1589603890658629
CHEMBL3351,12,0.0193438191911293,0.1262818772289532,0.2321258302935516
CHEMBL3371,6,0.045540954622685016,0.1537842052477922,0.2732457277361101
CHEMBL3373,14,0.033884664870027656,0.1537842052477922,0.4743853081803872
CHEMBL3379,9,0.009449927169154868,0.0451741251076365,0.08504934452239381
CHEMBL3409,14,0.013985897444010178,0.0600752921190352,0.1958025642161425
CHEMBL3419,7,0.03334238166985835,0.1097527112367198,0.2333966716890084
CHEMBL3421,17,0.02494891724763589,0.1537842052477922,0.4241315932098101
CHEMBL3429,13,0.029118455246912874,0.086774286801405,0.3785399182098674
CHEMBL3438,19,0.03192517926433053,0.1537842052477922,0.6065784060222801
CHEMBL3473,8,0.0366618951564353,0.1537842052477922,0.2932951612514824
CHEMBL3474,6,0.03942557175265322,0.1097527112367198,0.23655343051591932
CHEMBL3475,20,0.03643396635615273,0.1537842052477922,0.7286793271230546
CHEMBL3477,8,0.0392284998434289,0.1537842052477922,0.3138279987474312
CHEMBL3478,11,0.0278393011818258,0.1537842052477922,0.3062323130000838
CHEMBL3510,1,0.0451741251076365,0.0451741251076365,0.0451741251076365
CHEMBL3514,3,0.023097153746898264,0.0605095401637408,0.0692914612406948
CHEMBL3568,9,0.027491000563378578,0.1097527112367198,0.2474190050704072
CHEMBL3572,9,0.024786003192220303,0.1537842052477922,0.22307402872998272
CHEMBL3582,17,0.04105530064487278,0.1537842052477922,0.6979401109628373
CHEMBL3595,11,0.009973752424385808,0.0229847162537001,0.1097112766682439
CHEMBL3610,56,0.027642507639396543,0.1537842052477922,1.5479804278062064
CHEMBL3636,7,0.0414232286742356,0.1537842052477922,0.2899626007196492
CHEMBL3650,47,0.025153537896971008,0.1537842052477922,1.1822162811576373
CHEMBL3708,32,0.024910616035515802,0.1537842052477922,0.7971397131365057
CHEMBL3710,6,0.04662086121228543,0.1537842052477922,0.2797251672737126
CHEMBL3721,17,0.005860357834741542,0.0451741251076365,0.0996260831906062
CHEMBL3723,24,0.009809236924303103,0.0428796480328572,0.2354216861832745
CHEMBL3724,7,0.042863129149237185,0.1537842052477922,0.3000419040446603
CHEMBL3727,3,0.016035698083350567,0.0451741251076365,0.0481070942500517
CHEMBL3764,7,0.0414232286742356,0.1537842052477922,0.2899626007196492
CHEMBL3768,14,0.028411542581607406,0.1097527112367198,0.39776159614250367
CHEMBL3769,12,0.016859517524098273,0.0978185915307112,0.20231421028917929
CHEMBL3770,2,0.0068358426393659005,0.012564049150908,0.013671685278731801
CHEMBL3775,28,0.018463237017326987,0.1262818772289532,0.5169706364851556
CHEMBL3816,23,0.022100513232880425,0.1537842052477922,0.5083118043562498
CHEMBL3817,18,0.029523164490219626,0.1537842052477922,0.5314169608239533
CHEMBL3819,7,0.042863129149237185,0.1537842052477922,0.3000419040446603
CHEMBL3841,2,0.01251829714062805,0.0229847162537001,0.0250365942812561
CHEMBL3856,6,0.038544838816245534,0.1097527112367198,0.2312690328974732
CHEMBL3861,7,0.03464904296788957,0.1537842052477922,0.242543300775227
CHEMBL3863,2,0.0322371326794133,0.0451741251076365,0.0644742653588266
CHEMBL3892,9,0.04199370155124733,0.1537842052477922,0.37794331396122594
CHEMBL3898,11,0.004843029449124291,0.0192867775554466,0.0532733239403672
CHEMBL3911,6,0.046801030309560454,0.1537842052477922,0.2808061818573627
CHEMBL3913,10,0.04325513016480697,0.1262818772289532,0.4325513016480697
CHEMBL3958,9,0.0235888538103685,0.1262818772289532,0.2122996842933165
CHEMBL3961,65,0.025035273790353436,0.1537842052477922,1.6272927963729733
CHEMBL3969,1,0.0451741251076365,0.0451741251076365,0.0451741251076365
CHEMBL3974,10,0.038827001555368265,0.1537842052477922,0.3882700155536826
CHEMBL4018,7,0.04126879801942845,0.1537842052477922,0.2888815861359991
CHEMBL402,10,0.02354039030097791,0.0978185915307112,0.2354039030097791
CHEMBL4068,9,0.038559276191674235,0.1537842052477922,0.3470334857250681
CHEMBL4069,9,0.037552261260418406,0.1537842052477922,0.33797035134376563
CHEMBL4071,25,0.027923925047316226,0.1262818772289532,0.6980981261829057
CHEMBL4072,20,0.01990945077185425,0.1097527112367198,0.39818901543708496
CHEMBL4074,3,0.0226649166298163,0.0605095401637408,0.0679947498894489
CHEMBL4076,8,0.011914604939985024,0.058212054098014,0.0953168395198802
CHEMBL4121,64,0.02639347830912585,0.1537842052477922,1.6891826117840545
CHEMBL4142,38,0.02479345396904161,0.1537842052477922,0.9421512508235812
CHEMBL4237,37,0.028317366310140646,0.1537842052477922,1.0477425534752038
CHEMBL4271,6,0.008576734385364217,0.0229847162537001,0.051460406312185306
CHEMBL4273,17,0.04040910555491478,0.1537842052477922,0.6869547944335513
CHEMBL4305,2,0.01251829714062805,0.0229847162537001,0.0250365942812561
CHEMBL4306,5,0.007968566244008721,0.0229847162537001,0.039842831220043604
CHEMBL4315,10,0.03852457433715866,0.1537842052477922,0.3852457433715866
CHEMBL4330,13,0.043002231861284726,0.1537842052477922,0.5590290141967015
CHEMBL4425,17,0.02494891724763589,0.1537842052477922,0.4241315932098101
CHEMBL4429,7,0.0414232286742356,0.1537842052477922,0.2899626007196492
CHEMBL4467,5,0.04053019753932158,0.1097527112367198,0.2026509876966079
CHEMBL4469,5,0.008115394170085641,0.0229847162537001,0.040576970850428204
CHEMBL4478,2,0.0229847162537001,0.0229847162537001,0.0459694325074002
CHEMBL4549,42,0.016440472547972367,0.1097527112367198,0.6904998470148395
CHEMBL4550,5,0.01375461175997256,0.0451741251076365,0.0687730587998628
CHEMBL4551,15,0.024050767346432387,0.1097527112367198,0.3607615101964858
CHEMBL4573,5,0.05396919894516115,0.1537842052477922,0.2698459947258057
CHEMBL4589,4,0.01294690252787765,0.0451741251076365,0.0517876101115106
CHEMBL4605,2,0.0068358426393659005,0.012564049150908,0.013671685278731801
CHEMBL4607,7,0.04126879801942845,0.1537842052477922,0.2888815861359991
CHEMBL4608,10,0.04037913189831485,0.1537842052477922,0.4037913189831485
CHEMBL4617,3,0.0173955548660637,0.0451741251076365,0.0521866645981911
CHEMBL4633,2,0.01251829714062805,0.0229847162537001,0.0250365942812561
CHEMBL4708,2,0.07774813030342295,0.1537842052477922,0.1554962606068459
CHEMBL4712,7,0.03372020583466824,0.1537842052477922,0.2360414408426777
CHEMBL4714,6,0.046801030309560454,0.1537842052477922,0.2808061818573627
CHEMBL4715,7,0.027187450457798374,0.0978185915307112,0.1903121532045886
CHEMBL4716,4,0.062043761931357175,0.1537842052477922,0.2481750477254287
CHEMBL4744,15,0.03439050621391557,0.1537842052477922,0.5158575932087335
CHEMBL4761,18,0.03919605413187687,0.1537842052477922,0.7055289743737837
CHEMBL4763,59,0.022842473055453907,0.1537842052477922,1.3477059102717805
CHEMBL4770,3,0.009029490769604034,0.0229847162537001,0.027088472308812103
CHEMBL4777,7,0.04126879801942845,0.1537842052477922,0.2888815861359991
CHEMBL4790,10,0.03345921762907566,0.1537842052477922,0.3345921762907566
CHEMBL4794,3,0.005598240323140266,0.012564049150908,0.0167947209694208
CHEMBL4805,18,0.030879734394411648,0.1262818772289532,0.5558352190994097
CHEMBL4808,3,0.02228898155616127,0.0229847162537001,0.06686694466848381
CHEMBL4811,2,0.02278563423495435,0.0451741251076365,0.0455712684699087
CHEMBL4812,3,0.03367674558872253,0.0978185915307112,0.1010302367661676
CHEMBL4813,10,0.02273922733412203,0.1262818772289532,0.2273922733412203
CHEMBL4815,7,0.0414232286742356,0.1537842052477922,0.2899626007196492
CHEMBL4816,81,0.02708199017369726,0.1537842052477922,2.193641204069478
CHEMBL4820,6,0.046801030309560454,0.1537842052477922,0.2808061818573627
CHEMBL4829,10,0.0095854798081657,0.0451741251076365,0.095854798081657
CHEMBL4832,13,0.05154078747436526,0.1537842052477922,0.6700302371667484
CHEMBL4833,3,0.017512999605144835,0.0451741251076365,0.0525389988154345
CHEMBL4834,3,0.023185512945126368,0.0451741251076365,0.0695565388353791
CHEMBL4835,4,0.0124300562276586,0.0451741251076365,0.0497202249106344
CHEMBL4863,5,0.03421808598944538,0.0978185915307112,0.1710904299472269
CHEMBL4865,14,0.022040254231046698,0.0605095401637408,0.3085635592346538
CHEMBL4866,10,0.01906519359513744,0.0600752921190352,0.1906519359513744
CHEMBL4867,7,0.04193749492957969,0.1537842052477922,0.2935624645070578
CHEMBL4868,3,0.0226649166298163,0.0605095401637408,0.0679947498894489
CHEMBL4869,7,0.028799090560737758,0.0978185915307112,0.2015936339251643
CHEMBL4872,4,0.0038910370659160248,0.0094050932772035,0.015564148263664099
CHEMBL4873,4,0.030188903592302373,0.0978185915307112,0.1207556143692095
CHEMBL4876,9,0.02657038369904219,0.1537842052477922,0.23913345329137972
CHEMBL4878,12,0.01874173438930875,0.1262818772289532,0.224900812671705
CHEMBL4880,5,0.01122774726688704,0.0451741251076365,0.056138736334435196
CHEMBL4881,5,0.023566346184993918,0.0605095401637408,0.1178317309249696
CHEMBL4883,6,0.057218038903323415,0.1097527112367198,0.3433082334199405
CHEMBL4892,7,0.04068449950536714,0.1537842052477922,0.28479149653757
CHEMBL4894,7,0.04126879801942845,0.1537842052477922,0.2888815861359991
CHEMBL4924,11,0.027556644418283146,0.0978185915307112,0.3031230886011146
CHEMBL4925,3,0.0153228039440603,0.0451741251076365,0.0459684118321809
CHEMBL4928,52,0.022262296100766927,0.1537842052477922,1.1576393972398802
CHEMBL4939,4,0.030188903592302373,0.0978185915307112,0.1207556143692095
CHEMBL4940,3,0.0160682861032117,0.0451741251076365,0.048204858309635105
CHEMBL4941,8,0.0394787283082474,0.1097527112367198,0.3158298264659792
CHEMBL4942,4,0.016307877438940025,0.058212054098014,0.0652315097557601
CHEMBL4945,3,0.06427435862153087,0.1537842052477922,0.19282307586459263
CHEMBL4947,2,0.0233447458543179,0.0451741251076365,0.0466894917086358
CHEMBL4949,8,0.007781637110440588,0.0451741251076365,0.062253096883524706
CHEMBL4977,70,0.02947151444277174,0.1537842052477922,2.063006010994022
CHEMBL4983,9,0.022505299078860612,0.0600752921190352,0.20254769170974551
CHEMBL4985,2,0.0264276099974389,0.0451741251076365,0.0528552199948778
CHEMBL5100,2,0.02554675603832635,0.0451741251076365,0.0510935120766527
CHEMBL5103,18,0.03910401338646768,0.1537842052477922,0.7038722409564182
CHEMBL5113,8,0.03636012953138735,0.1537842052477922,0.2908810362510988
CHEMBL5135,6,0.006766790424153367,0.0229847162537001,0.0406007425449202
CHEMBL5136,14,0.04553758868016217,0.1537842052477922,0.6375262415222703
CHEMBL5444,24,0.026003718222894674,0.1262818772289532,0.6240892373494722
