drug,crispr_essentiality_score,n_targets_in_crispr
CHEMBL1778,-0.009925098471809175,1
CHEMBL1782,-0.6504286979768007,1
CHEMBL1785,0.04974890878566599,1
CHEMBL1786,-0.0024940587260294275,1
CHEMBL1787,0.0672915593465516,1
CHEMBL1790,0.009655657563987846,1
CHEMBL1791,0.023521439783566436,1
CHEMBL1793,0.03971667923323057,1
CHEMBL1795,-0.12463188758846055,1
CHEMBL1798,-0.07053233436624667,1
CHEMBL1800,-0.07440003514233155,1
CHEMBL1803,0.03131348340735015,1
CHEMBL1804,-0.06265476108008282,1
CHEMBL1806,-1.817903801562071,1
CHEMBL1807,-1.2678203176981526,1
CHEMBL1808,-0.05852799448075533,1
CHEMBL1811,-0.011106234038436478,1
CHEMBL1817,-0.021777873421807196,1
CHEMBL1821,-0.1452143622529675,1
CHEMBL1822,-0.28214279425922056,1
CHEMBL1824,-0.40732279156807627,1
CHEMBL1825,0.009439257479116525,1
CHEMBL1827,0.023800372580569617,1
CHEMBL1832,-0.01926347170171273,1
CHEMBL1833,-0.05013978474054128,1
CHEMBL1835,-0.024256585119237017,1
CHEMBL1836,-0.038103382739562465,1
CHEMBL1838,0.04253093814447863,1
CHEMBL1839,0.04175791075481739,1
CHEMBL1842,0.012956517529020179,1
CHEMBL1843,0.06554820690688788,1
CHEMBL1845,-0.0011382252853842274,1
CHEMBL1846,-0.09434809461840904,1
CHEMBL1851,-0.010486810444727459,1
CHEMBL1854,0.06252987543634787,1
CHEMBL1855,0.04341347120645643,1
CHEMBL1859,0.002124133345558659,1
CHEMBL1860,-0.1277747702796045,1
CHEMBL1861,-0.07958274255198959,1
CHEMBL1864,-0.08283469095242427,1
CHEMBL1867,-0.04129521323994101,1
CHEMBL1868,0.0276803375567263,1
CHEMBL1869,0.02100557160010885,1
CHEMBL1871,0.012316533325349733,1
CHEMBL1874,-0.07440126310897123,1
CHEMBL1875,0.06339744023957844,1
CHEMBL1876,-0.0038448675429779253,1
CHEMBL1879,-0.030938232955434613,1
CHEMBL1881,-0.05095676307668252,1
CHEMBL1882,-0.02929913325316483,1
CHEMBL1883,-0.0015151203209511968,1
CHEMBL1886,-0.017579074027844328,1
CHEMBL1889,-0.2290884782826054,1
CHEMBL1892,-0.16474907542849757,1
CHEMBL1893,0.042066524443137,1
CHEMBL1898,-0.04926071141062441,1
CHEMBL1899,0.09060669035280638,1
CHEMBL1900,-0.0058676861142782635,1
CHEMBL1901,0.09535731299181037,1
CHEMBL1903,0.026750177189435825,1
CHEMBL1904,0.07935434086373853,1
CHEMBL1905,-0.14389015819959114,1
CHEMBL1907,-0.0003959732543830706,1
CHEMBL1910,-0.04592423128737341,1
CHEMBL1911,-0.061763210312173834,1
CHEMBL1913,-0.09833425258461852,1
CHEMBL1914,-0.021643907931502435,1
CHEMBL1916,0.011456675895831442,1
CHEMBL1919,-0.07879707879793713,1
CHEMBL1920,-0.03176264204755648,1
CHEMBL1925,-0.06934125444148788,1
CHEMBL1927,-0.5121871460399687,1
CHEMBL1929,0.008933688019605158,1
CHEMBL1935,-0.031186479876977903,1
CHEMBL1936,-0.03802024937974684,1
CHEMBL1940,0.00431789572323836,1
CHEMBL1941,0.07776271724853037,1
CHEMBL1942,-0.10035645566725582,1
CHEMBL1944,-0.02054194402169807,1
CHEMBL1947,0.057633106582719196,1
CHEMBL1950,0.11887405855225046,1
CHEMBL1951,0.04841931808204148,1
CHEMBL1952,-0.8533661347658951,1
CHEMBL1957,-0.15230902780784683,1
CHEMBL1958,-0.2214777770437016,1
CHEMBL1959,-0.02039002612701272,1
CHEMBL1962,0.0299444782054956,1
CHEMBL1963,0.04458392368394061,1
CHEMBL1966,-0.4230317644362023,1
CHEMBL1968,-0.018110515613379334,1
CHEMBL1969,-0.0225073317107277,1
CHEMBL1970,0.0036145944742725666,1
CHEMBL1971,0.0039050210512817964,1
CHEMBL1972,-0.033301980849695975,1
CHEMBL1975,0.03990222361080428,1
CHEMBL1976,0.06497342088658639,1
CHEMBL1977,-0.11199399255586413,1
CHEMBL1978,-0.007059858468854042,1
CHEMBL1981,-0.011393439407748911,1
CHEMBL1983,0.060883221157141225,1
CHEMBL1985,-0.016891627912961255,1
CHEMBL1987,0.03690606429636381,1
CHEMBL1988,-0.06290575876702736,1
CHEMBL1989,-0.024064521449095714,1
CHEMBL1991,-0.057369928339035356,1
CHEMBL1992,0.12075515054268644,1
CHEMBL1993,-0.5868845147899512,1
CHEMBL1994,0.01850696944726684,1
CHEMBL1995,0.030832837429511564,1
CHEMBL1996,-0.06395403856910095,1
CHEMBL1997,-0.0033818083537395433,1
CHEMBL2000,0.09294570998986196,1
CHEMBL2001,-0.08651499188587196,1
CHEMBL2002,-0.44022763414269744,1
CHEMBL2004,-0.013686619288719606,1
CHEMBL2008,0.06344922591300592,1
CHEMBL2014,0.007807003286284857,1
CHEMBL2015,-0.0006555623760297649,1
CHEMBL2023,-0.17430451657263277,1
CHEMBL2027,-0.11251929373803152,1
CHEMBL203,-0.18400635331166912,1
CHEMBL2033,-0.05502816700890215,1
CHEMBL2034,-0.04353711319535916,1
CHEMBL2035,-0.05341752423228411,1
CHEMBL2039,-0.029372895326700444,1
CHEMBL2040,-0.048920093676347365,1
CHEMBL2044,-0.015482455875051418,1
CHEMBL2045,0.008005438101062533,1
CHEMBL2049,0.0713165027457567,1
CHEMBL205,0.011249766219583531,1
CHEMBL2050,-0.006527787692354523,1
CHEMBL2055,-0.11393943964679638,1
CHEMBL2056,0.048499717419537305,1
CHEMBL2058,0.04046648913719841,1
CHEMBL2059,-0.09667655861268372,1
CHEMBL206,-0.21548288846475425,1
CHEMBL2060,0.0888934809020864,1
CHEMBL2061,-0.05033247807571749,1
CHEMBL2062,0.07074247939664628,1
CHEMBL2063,-0.1397043198326256,1
CHEMBL2064,-0.039005526979623735,1
CHEMBL2066,-0.05649014988891381,1
CHEMBL2069,0.029718796753684756,1
CHEMBL207,-0.11003848122415527,1
CHEMBL2070,-0.18691738548943945,1
CHEMBL2071,0.00495869199524775,1
CHEMBL2074,0.09954150899195666,1
CHEMBL2075,-0.16980668941122704,1
CHEMBL2076,0.07833949294038225,1
CHEMBL2079,0.06228481693003766,1
CHEMBL208,0.05948514171341703,1
CHEMBL2083,0.014903141822411729,1
CHEMBL2084,0.028906620879496303,1
CHEMBL2085,-0.040126285264913325,1
CHEMBL2086,-0.09257906376074826,1
CHEMBL2088,0.013273899714625864,1
CHEMBL209,0.035045060416968435,1
CHEMBL2094,-0.03711894982717935,1
CHEMBL2099,0.047022211921535106,1
CHEMBL210,-0.02025801789652693,1
CHEMBL2100,-0.18738859340165706,1
CHEMBL2102,-0.35322162504968024,1
CHEMBL2104,-0.10957172858822606,1
CHEMBL2105,-0.09304867116155452,1
CHEMBL2106,-0.9538919090519422,1
CHEMBL2107,0.0006580658730983373,1
CHEMBL2108,-0.1564214991546656,1
CHEMBL2109,-0.034852142712268726,1
CHEMBL2114,-0.08472977274637196,1
CHEMBL2116,-0.09126374491371085,1
CHEMBL2117,-0.09555695601584119,1
CHEMBL212,-0.14817579517309395,1
CHEMBL2120,0.0601666531400956,1
CHEMBL2121,0.06470182147021045,1
CHEMBL2123,0.08215184105467847,1
CHEMBL2127,0.018196037626853262,1
CHEMBL213,0.08077319316824093,1
CHEMBL2131,0.019978157419015468,1
CHEMBL2139,-0.17085790781434815,1
CHEMBL2147,-0.07474406408195391,1
CHEMBL2148,-0.08212061800154298,1
CHEMBL215,-0.1054800613333413,1
CHEMBL2156,-0.12463188758846055,1
CHEMBL2158,-0.01672952277729407,1
CHEMBL2159,-0.13615868377316476,1
CHEMBL216,-0.04219519732684188,1
CHEMBL2160,-0.5077686941438017,1
CHEMBL2161,-0.015491787401885587,1
CHEMBL2164,-0.7020211925917057,1
CHEMBL2167,-0.09489622315118985,1
CHEMBL217,0.023315543905711607,1
CHEMBL2171,-0.01576140201809664,1
CHEMBL218,0.08608251219802872,1
CHEMBL2182,-0.026412179546947752,1
CHEMBL2184,-0.10958279484003249,1
CHEMBL2185,-1.8449444772632404,1
CHEMBL219,0.03402226094134426,1
CHEMBL2193,-0.022386363005402643,1
CHEMBL2194,0.016150119912137814,1
CHEMBL220,-0.13655321768691175,1
CHEMBL2200,0.026695348285834718,1
CHEMBL2202,0.03685580850513734,1
CHEMBL2206,0.024787155790302186,1
CHEMBL221,0.05387605177191258,1
CHEMBL222,-0.05073941540917914,1
CHEMBL223,0.0674176407278407,1
CHEMBL224,0.02430951254477059,1
CHEMBL2249,0.040269018576410895,1
CHEMBL225,-0.01376832898203307,1
CHEMBL226,-0.08472977274637196,1
CHEMBL227,0.0028546477210049936,1
CHEMBL228,-0.10363834587523828,1
CHEMBL229,0.1371460001571562,1
CHEMBL230,0.040734418236386516,1
CHEMBL231,0.021847330762145633,1
CHEMBL232,0.024169441056780004,1
CHEMBL2326,-0.08739399843610751,1
CHEMBL2327,-0.04053891291759036,1
CHEMBL2335,-0.0323852277328645,1
CHEMBL235,-0.032575651882120915,1
CHEMBL236,0.12871899225502892,1
CHEMBL2360,-0.06004486820437786,1
CHEMBL237,0.0549123433337946,1
CHEMBL238,0.06892777382438316,1
CHEMBL239,-0.014990007463653808,1
CHEMBL2392,0.08550694364484504,1
CHEMBL2399,-0.10637041305282599,1
CHEMBL240,0.07084341309057932,1
CHEMBL2401,-0.044573148644001796,1
CHEMBL241,0.07875288824754824,1
CHEMBL2412,-0.9204320481465293,1
CHEMBL2413,0.016389245530637222,1
CHEMBL2414,-0.07621637239022078,1
CHEMBL2419,0.04007776465600457,1
CHEMBL242,-0.033148094481493216,1
CHEMBL2421,0.008302238051622701,1
CHEMBL2428,0.04853663302572675,1
CHEMBL2430,0.1295910062578035,1
CHEMBL2433,0.05744336595589129,1
CHEMBL2434,-0.0049356225842568414,1
CHEMBL2438,-0.07957978833014664,1
CHEMBL2439,-0.10852714114343362,1
CHEMBL244,0.059124084671931684,1
CHEMBL2441,-0.06843213674983349,1
CHEMBL2442,0.0677092147541519,1
CHEMBL2443,0.07236757955890878,1
CHEMBL2447,0.020229456866955604,1
CHEMBL245,0.12702471478233957,1
CHEMBL2457,0.03912454752639168,1
CHEMBL246,0.004349483093578887,1
CHEMBL2460,-0.04937769307844963,1
CHEMBL2461,-0.04937769307844963,1
CHEMBL2465,0.07217763382258272,1
CHEMBL2468,-0.005267730962269882,1
CHEMBL2469,-0.11013818636040444,1
CHEMBL2476,0.035393090532033364,1
CHEMBL248,0.04303854356999175,1
CHEMBL2484,-0.008753965123809155,1
CHEMBL2487,0.04402452090864463,1
CHEMBL249,-0.09170801455547341,1
CHEMBL2490,0.02430951254477059,1
CHEMBL2492,-0.037143952321862204,1
CHEMBL2493,0.00520283887196467,1
CHEMBL2494,-0.026394914321066817,1
CHEMBL2498,-0.5761886628605847,1
CHEMBL250,-0.011455160589724568,1
CHEMBL2502,-0.0043628724708191634,1
CHEMBL2503,-0.4785483007199623,1
CHEMBL2506,-0.10451093502305799,1
CHEMBL2508,-0.23999206068680487,1
CHEMBL251,-0.10432554968089486,1
CHEMBL2514,0.01603960375384059,1
CHEMBL2517,-0.12098517418383725,1
CHEMBL252,0.026264256827084304,1
CHEMBL2524,-0.0535633225140446,1
CHEMBL2525,0.03548272307533727,1
CHEMBL2527,0.07732277499948158,1
CHEMBL253,0.026397054099843633,1
CHEMBL2531,-0.10515389106690766,1
CHEMBL2534,-0.9163822683230441,1
CHEMBL2536,-0.012621023121115828,1
CHEMBL254,-0.1167622003783467,1
CHEMBL255,0.04615402686029734,1
CHEMBL2552,-0.052417691267289575,1
CHEMBL2553,-0.14482998641888176,1
CHEMBL2559,-0.007680210763366064,1
CHEMBL258,0.011337209041760494,1
CHEMBL2581,0.07973510569249935,1
CHEMBL2582,-1.305419405352306,1
CHEMBL259,0.023199777835730292,1
CHEMBL2595,-0.034037182953339365,1
CHEMBL2597,-0.03626627427609244,1
CHEMBL2599,0.006637109395021608,1
CHEMBL2600,-0.5180678125564422,1
CHEMBL2608,-0.0397930036092424,1
CHEMBL2609,0.055511776829265176,1
CHEMBL2626,-0.024064521449095714,1
CHEMBL2632,-0.06790018759725973,1
CHEMBL2634,-0.024878743022367998,1
CHEMBL264,0.023256379567709113,1
CHEMBL2641,0.037795706827864685,1
CHEMBL2650,-0.019603465586560554,1
CHEMBL2652,0.024635551762232883,1
CHEMBL2655,0.040008636645029426,1
CHEMBL2656,0.005380771600606408,1
CHEMBL267,-0.07925578745923306,1
CHEMBL268,-0.16854584088797162,1
CHEMBL2692,-0.10748068848319338,1
CHEMBL271,-1.0149575940453817,1
CHEMBL2736,0.0744655725443815,1
CHEMBL274,0.014231596117295442,1
CHEMBL275,-0.04615214756003882,1
CHEMBL2754,-0.011808208459893655,1
CHEMBL278,-0.07857464584980837,1
CHEMBL279,-0.14746959891226785,1
CHEMBL2796,-0.22976718795974535,1
CHEMBL280,0.017357659567291236,1
CHEMBL281,0.031166966563873112,1
CHEMBL2835,0.0009805474154426876,1
CHEMBL2847,-0.014990007463653808,1
CHEMBL2849,0.1463536383160474,1
CHEMBL2882,0.07776271724853037,1
CHEMBL2883,-0.11498057095275105,1
CHEMBL2885,-0.013595401089234073,1
CHEMBL2886,-0.5755861776214806,1
CHEMBL2888,0.027890157119287773,1
CHEMBL2896,-0.029783047730829692,1
CHEMBL2897,-0.011945240773659873,1
CHEMBL2918,-0.05226209329519836,1
CHEMBL2938,0.11679140619607366,1
CHEMBL2940,0.019608258351351358,1
CHEMBL2959,0.017080729814066685,1
CHEMBL2960,-0.015948001135634438,1
CHEMBL2963,-0.05675996349470629,1
CHEMBL2964,-0.16882903509261812,1
CHEMBL2971,0.07741423151206503,1
CHEMBL2972,-0.0025983689677939997,1
CHEMBL2979,-0.11227162035612286,1
CHEMBL3023,-0.08678250447835961,1
CHEMBL3024,-2.3305905539062475,1
CHEMBL3025,-0.0032144734727145626,1
CHEMBL3028,-0.2143964094805558,1
CHEMBL3030,-0.08118101508280513,1
CHEMBL3038,-0.17672020441396372,1
CHEMBL3040,-2.315068917792375,1
CHEMBL3043,0.039999846060468656,1
CHEMBL3076,0.024222745360069933,1
CHEMBL3079,-0.18926197385943536,1
CHEMBL3080,-0.04824589714132768,1
CHEMBL3123,-0.10982712431212112,1
CHEMBL3125,-0.16185980624352536,1
CHEMBL3126,-0.08434165932857576,1
CHEMBL3143,0.05611661630576586,1
CHEMBL3155,-0.1276028421849673,1
CHEMBL3157,0.04237820720848359,1
CHEMBL3164,-0.12185882306094406,1
CHEMBL3167,-0.11208726922198703,1
CHEMBL3191,-0.21641719512625193,1
CHEMBL3201,-0.014820633248807133,1
CHEMBL3230,0.012546276221913332,1
CHEMBL3231,-0.0625031967914587,1
CHEMBL3233,-0.3186505973517142,1
CHEMBL3240,0.0794287556273481,1
CHEMBL3253,0.06507270592533318,1
CHEMBL3254,0.04841931808204148,1
CHEMBL3256,-0.32423626346574813,1
CHEMBL3276,-0.021298026114014008,1
CHEMBL3311,-0.20234020923871338,1
CHEMBL3351,-0.3671631811200468,1
CHEMBL3371,0.026445347925814183,1
CHEMBL3373,-0.02025801789652693,1
CHEMBL3379,-0.1264783102856297,1
CHEMBL3419,0.006296612122069109,1
CHEMBL3421,0.05951260459181894,1
CHEMBL3429,-0.32401092610154686,1
CHEMBL3438,-0.11018124562280615,1
CHEMBL3473,-0.04530893392130616,1
CHEMBL3474,0.016052309113103142,1
CHEMBL3475,0.05367460139169069,1
CHEMBL3477,0.024635551762232883,1
CHEMBL3478,0.023800372580569617,1
CHEMBL3510,-0.017310210570176697,1
CHEMBL3514,-0.06843213674983349,1
CHEMBL3568,-0.04104315075515415,1
CHEMBL3572,-0.046560240500530974,1
CHEMBL3582,-0.05261351050495264,1
CHEMBL3595,0.025755494072145693,1
CHEMBL3610,-1.0125585152456944,1
CHEMBL3636,0.04773725816556018,1
CHEMBL3650,-0.18877207817794436,1
CHEMBL3708,-0.014175749496474689,1
CHEMBL3710,-0.11622119983025417,1
CHEMBL3721,0.012006342456396403,1
CHEMBL3723,-0.020708734935103053,1
CHEMBL3724,-0.09663363978756208,1
CHEMBL3727,-0.03460671366011081,1
CHEMBL3764,0.026445128941111982,1
CHEMBL3768,-0.02054194402169807,1
CHEMBL3769,0.035045060416968435,1
CHEMBL3770,-0.021503968530447816,1
CHEMBL3775,-0.26631626816134385,1
CHEMBL3816,0.0849685789633585,1
CHEMBL3817,-0.15196051313050013,1
CHEMBL3819,-0.0466980321590514,1
CHEMBL3841,5.479904134449006e-05,1
CHEMBL3856,0.06550093347340083,1
CHEMBL3861,-0.18670167914645333,1
CHEMBL3863,0.14285207210818865,1
CHEMBL3892,0.06864902255157847,1
CHEMBL3898,0.03195764417323122,1
CHEMBL3911,-0.28296744461610385,1
CHEMBL3913,-0.07046220202232381,1
CHEMBL3958,-0.21652350449689725,1
CHEMBL3961,0.09437359378957536,1
CHEMBL3969,0.01783020374850946,1
CHEMBL3974,-0.13315519952928295,1
CHEMBL4018,0.08032368063016387,1
CHEMBL402,-1.1670405890758633,1
CHEMBL4068,-0.08325967510403166,1
CHEMBL4069,0.0211546917877699,1
CHEMBL4071,-0.11557237975238449,1
CHEMBL4072,0.08442775513367534,1
CHEMBL4074,-0.05852799448075533,1
CHEMBL4076,0.06344785890151439,1
CHEMBL4121,-0.022994701210017385,1
CHEMBL4142,-0.06275576633318626,1
CHEMBL4237,-0.021723184605696222,1
CHEMBL4271,0.042066524443137,1
CHEMBL4273,-0.05300126137450977,1
CHEMBL4305,0.03264615895983028,1
CHEMBL4306,0.05284639880746623,1
CHEMBL4315,-0.00991046831604381,1
CHEMBL4330,-0.08679844148970679,1
CHEMBL4425,-0.019603465586560554,1
CHEMBL4429,-0.04604294909661682,1
CHEMBL4467,-0.05730244386014887,1
CHEMBL4469,0.043628199432139095,1
CHEMBL4478,-0.025324776992384126,1
CHEMBL4549,0.0443621269282858,1
CHEMBL4550,0.027211944327486907,1
CHEMBL4551,0.00989635544773896,1
CHEMBL4573,-0.01082084505488114,1
CHEMBL4589,-0.15458725624754457,1
CHEMBL4605,0.0491063029612422,1
CHEMBL4607,-0.014197303228939672,1
CHEMBL4608,0.05301887796162018,1
CHEMBL4617,-0.15121894920867818,1
CHEMBL4633,-0.04834146547125746,1
CHEMBL4708,-0.2676385986607219,1
CHEMBL4712,0.06776179574319133,1
CHEMBL4714,-0.14719874889677312,1
CHEMBL4715,-0.0661092721801278,1
CHEMBL4716,-0.00042155802421511016,1
CHEMBL4744,-0.04129521323994101,1
CHEMBL4761,0.01342877052383159,1
CHEMBL4762,-0.16075684282280328,1
CHEMBL4763,0.07725396474542018,1
CHEMBL4770,0.05420931475447202,1
CHEMBL4777,0.030783789049594678,1
CHEMBL4790,-0.8809705683179174,1
CHEMBL4794,0.020590099361717115,1
CHEMBL4805,-0.08283913012594037,1
CHEMBL4806,-0.06620274097383048,1
CHEMBL4808,-0.030821874036383114,1
CHEMBL4811,0.11629206677199767,1
CHEMBL4812,0.050737281753097115,1
CHEMBL4813,-0.05502816700890215,1
CHEMBL4815,-0.04053891291759036,1
CHEMBL4816,0.11408077470576294,1
CHEMBL4820,0.03690606429636381,1
CHEMBL4829,-0.08749389307276885,1
CHEMBL4832,-0.7927208280686759,1
CHEMBL4833,0.04050126774452153,1
CHEMBL4834,0.05545664850309091,1
CHEMBL4835,-0.35322162504968024,1
CHEMBL4863,0.06458095687554359,1
CHEMBL4865,-0.07241004915044166,1
CHEMBL4866,-0.05247148690456526,1
CHEMBL4867,-0.08976133628563741,1
CHEMBL4868,-0.025330183646552592,1
CHEMBL4869,0.01522680299493156,1
CHEMBL4873,0.08758310039619487,1
CHEMBL4876,-0.0329504791961453,1
CHEMBL4878,0.08402355898843014,1
CHEMBL4880,-0.8269553898821372,1
CHEMBL4881,-0.07182675452598729,1
CHEMBL4883,-0.07161767843708204,1
CHEMBL4892,0.1371460001571562,1
CHEMBL4894,0.1119059504422763,1
CHEMBL4924,0.017198261518330968,1
CHEMBL4925,-0.15442359863173122,1
CHEMBL4928,-0.18457606556923836,1
CHEMBL4939,-0.015099744164786787,1
CHEMBL4940,-0.01919719410313938,1
CHEMBL4941,0.0337748200167111,1
CHEMBL4942,-1.3663743720963408e-05,1
CHEMBL4945,0.06228481693003766,1
CHEMBL4947,-0.13466946152118017,1
CHEMBL4949,0.057895005298001706,1
CHEMBL4977,-0.16169068436889067,1
CHEMBL4983,-0.4354272336188816,1
CHEMBL4985,0.0739938038811607,1
CHEMBL5100,-0.07118822049203757,1
CHEMBL5103,0.0642414538431834,1
CHEMBL5113,-0.28775389269049745,1
CHEMBL5135,-0.014545642104858812,1
CHEMBL5136,-0.011455160589724568,1
CHEMBL5444,-1.555764839325269,1
