drug,crispr_essentiality_tnbc,n_targets_in_crispr_tnbc
CHEMBL1778,-0.011115865663101313,1
CHEMBL1782,-0.6019270438226304,1
CHEMBL1785,0.04335221923923446,1
CHEMBL1786,-0.01780634338914569,1
CHEMBL1787,0.07010612156203085,1
CHEMBL1790,0.027455852597224894,1
CHEMBL1791,0.03251456675824941,1
CHEMBL1793,0.01794220002869336,1
CHEMBL1795,-0.15582188656014814,1
CHEMBL1798,-0.08053428507718056,1
CHEMBL1800,-0.07119004273256015,1
CHEMBL1803,0.03532100442066856,1
CHEMBL1804,-0.06736708355940413,1
CHEMBL1806,-1.8141424369842056,1
CHEMBL1807,-1.2710744973869137,1
CHEMBL1808,-0.04869972241620676,1
CHEMBL1811,-0.029617654100936867,1
CHEMBL1817,-0.028291378915226473,1
CHEMBL1821,-0.14171326614699872,1
CHEMBL1822,-0.27015468754035865,1
CHEMBL1824,-0.25023168978558363,1
CHEMBL1825,0.001789117208041888,1
CHEMBL1827,0.01573334765445027,1
CHEMBL1832,-0.007708921795612482,1
CHEMBL1833,-0.05621211273912884,1
CHEMBL1835,-0.02253172002788703,1
CHEMBL1836,-0.039808296256577204,1
CHEMBL1838,0.05781252733112898,1
CHEMBL1839,0.049560546877179944,1
CHEMBL1842,0.012610038461646086,1
CHEMBL1843,0.04865951629687671,1
CHEMBL1845,-0.0015442368551389547,1
CHEMBL1846,-0.08214960932793115,1
CHEMBL1851,-0.0022567320382112176,1
CHEMBL1854,0.05970992398047409,1
CHEMBL1855,0.057487168658437365,1
CHEMBL1859,0.014364102374043045,1
CHEMBL1860,-0.11893801525501257,1
CHEMBL1861,-0.06690060348090578,1
CHEMBL1864,-0.0983976206456677,1
CHEMBL1867,-0.04606690148025298,1
CHEMBL1868,0.04852949884127574,1
CHEMBL1869,0.03686343775284928,1
CHEMBL1871,0.007044054733447348,1
CHEMBL1874,-0.07888595643188837,1
CHEMBL1875,0.04241203397491733,1
CHEMBL1876,-0.0072728503219905176,1
CHEMBL1879,-0.04176079589964171,1
CHEMBL1881,-0.0643050411354915,1
CHEMBL1882,-0.051322091191770426,1
CHEMBL1883,-0.02065226461275308,1
CHEMBL1886,-0.029160494505054823,1
CHEMBL1889,-0.23761608579364943,1
CHEMBL1892,-0.15991067216418606,1
CHEMBL1893,0.030582274736611223,1
CHEMBL1898,-0.023155988331519144,1
CHEMBL1899,0.08307168635677666,1
CHEMBL1900,-0.00474511333803335,1
CHEMBL1901,0.09211014828191601,1
CHEMBL1903,0.020184416457241887,1
CHEMBL1904,0.06364765249783423,1
CHEMBL1905,-0.19104912322164783,1
CHEMBL1907,0.007138737868017342,1
CHEMBL1910,-0.024253111852704925,1
CHEMBL1911,-0.06382627171962936,1
CHEMBL1913,-0.11391162430654271,1
CHEMBL1914,-0.021708859144110405,1
CHEMBL1916,0.02825515162060437,1
CHEMBL1919,-0.05339399309980269,1
CHEMBL1920,-0.021729827981560923,1
CHEMBL1925,-0.047154608764052273,1
CHEMBL1927,-0.5680010412943508,1
CHEMBL1929,0.016423485077145365,1
CHEMBL1935,-0.052158173204620795,1
CHEMBL1936,-0.025692014002476105,1
CHEMBL1940,0.020912584246367272,1
CHEMBL1941,0.0857869762550012,1
CHEMBL1942,-0.1092233903600145,1
CHEMBL1944,-0.02769946336843196,1
CHEMBL1947,0.05839266448304692,1
CHEMBL1950,0.1415891396857629,1
CHEMBL1951,0.061496313687566286,1
CHEMBL1952,-0.9126662285906942,1
CHEMBL1957,-0.1462938786147684,1
CHEMBL1958,-0.21443114873017718,1
CHEMBL1959,-0.04828388681045073,1
CHEMBL1962,0.03283619209248125,1
CHEMBL1963,0.03519633221328092,1
CHEMBL1966,-0.37612231846239075,1
CHEMBL1968,-0.01788530099266859,1
CHEMBL1969,-0.025845148639056847,1
CHEMBL1970,0.0017679025008507118,1
CHEMBL1971,0.013354465661250479,1
CHEMBL1972,-0.012834613858738271,1
CHEMBL1975,0.04292858637053056,1
CHEMBL1976,0.06640655620710949,1
CHEMBL1977,-0.114646459109639,1
CHEMBL1978,-0.006589030667578279,1
CHEMBL1981,-0.011094723364928833,1
CHEMBL1983,0.05193560347335339,1
CHEMBL1985,-0.01623752926831716,1
CHEMBL1987,0.024483629679048605,1
CHEMBL1988,-0.06384615555224847,1
CHEMBL1989,-0.052198247611853654,1
CHEMBL1991,-0.07861047486791477,1
CHEMBL1992,0.113182501057891,1
CHEMBL1993,-0.5837005257598805,1
CHEMBL1994,0.03608731834083282,1
CHEMBL1995,0.02895933372645791,1
CHEMBL1996,-0.10340039989963141,1
CHEMBL1997,0.01104853209315855,1
CHEMBL2000,0.10176830436202194,1
CHEMBL2001,-0.0708753769433043,1
CHEMBL2002,-0.4962600622183248,1
CHEMBL2004,0.003639412418638681,1
CHEMBL2008,0.057496151272443806,1
CHEMBL2014,0.029788166016046558,1
CHEMBL2015,0.0032511791990705863,1
CHEMBL2023,-0.19015887762051567,1
CHEMBL2027,-0.10999417083471345,1
CHEMBL203,-0.24516166159248476,1
CHEMBL2033,-0.05790054918696166,1
CHEMBL2034,-0.08994749382500057,1
CHEMBL2035,-0.08228434611782869,1
CHEMBL2039,-0.028212114174181957,1
CHEMBL2040,-0.03437064526981017,1
CHEMBL2044,-0.006714642883419036,1
CHEMBL2045,0.017439584748501963,1
CHEMBL2049,0.04960133814835219,1
CHEMBL205,0.03067023631416194,1
CHEMBL2050,-0.00483092792333963,1
CHEMBL2055,-0.06579115888101926,1
CHEMBL2056,0.0597626910444215,1
CHEMBL2058,0.029213974380758317,1
CHEMBL2059,-0.089238392269867,1
CHEMBL206,-0.05201968867997672,1
CHEMBL2060,0.08794520695919372,1
CHEMBL2061,-0.02622931079820125,1
CHEMBL2062,0.06409074307496702,1
CHEMBL2063,-0.16771249756386278,1
CHEMBL2064,-0.027281520269267907,1
CHEMBL2066,-0.07171426916563539,1
CHEMBL2069,0.043526423681754155,1
CHEMBL207,-0.13611761224118943,1
CHEMBL2070,-0.16830595899369785,1
CHEMBL2071,0.004962566009409956,1
CHEMBL2074,0.11019025416072285,1
CHEMBL2075,-0.18070586361513621,1
CHEMBL2076,0.09432180630107627,1
CHEMBL2079,0.061596606171862495,1
CHEMBL208,0.07670797420801055,1
CHEMBL2083,0.030267054722788345,1
CHEMBL2084,0.01584993124469163,1
CHEMBL2085,-0.06181596112730164,1
CHEMBL2086,-0.09417391679990729,1
CHEMBL2088,0.015452910270547899,1
CHEMBL209,0.05082525761098955,1
CHEMBL2094,-0.06725083734582508,1
CHEMBL2099,0.04299177791029085,1
CHEMBL210,-0.013968765001664954,1
CHEMBL2100,-0.20393819094673507,1
CHEMBL2102,-0.35056488825811033,1
CHEMBL2104,-0.14281896858847168,1
CHEMBL2105,-0.09183430659223822,1
CHEMBL2106,-1.0897594025201407,1
CHEMBL2107,-0.00832893692981339,1
CHEMBL2108,-0.18425024742932572,1
CHEMBL2109,-0.08353412732764065,1
CHEMBL2114,-0.06831141600028738,1
CHEMBL2116,-0.10977087299049339,1
CHEMBL2117,-0.07090084193601771,1
CHEMBL212,-0.16875128858462482,1
CHEMBL2120,0.06330650881835465,1
CHEMBL2121,0.07607356010889181,1
CHEMBL2123,0.07414717507039127,1
CHEMBL2127,0.005553789470018014,1
CHEMBL213,0.05911176333774771,1
CHEMBL2131,-0.026397427102835685,1
CHEMBL2139,-0.1810742570529842,1
CHEMBL2147,-0.07461161394255336,1
CHEMBL2148,-0.07505656549450747,1
CHEMBL215,-0.10228604889053494,1
CHEMBL2156,-0.15582188656014814,1
CHEMBL2158,0.0026384176008264967,1
CHEMBL2159,-0.1533120558837172,1
CHEMBL216,-0.02982440643231213,1
CHEMBL2160,-0.5040760474138857,1
CHEMBL2161,-0.02789893549020886,1
CHEMBL2164,-0.7117331198677591,1
CHEMBL2167,-0.10147420920118601,1
CHEMBL217,0.021852962961603207,1
CHEMBL2171,0.00516021745033304,1
CHEMBL218,0.08309858514275706,1
CHEMBL2182,-0.028241308731406133,1
CHEMBL2184,-0.1144345808582231,1
CHEMBL2185,-1.931581731002239,1
CHEMBL219,0.0032868064977047543,1
CHEMBL2193,-0.002129844953001772,1
CHEMBL2194,0.018025890628186266,1
CHEMBL220,-0.12036825020621651,1
CHEMBL2200,0.038416535456375585,1
CHEMBL2202,0.029314138140945984,1
CHEMBL2206,0.028013461389075237,1
CHEMBL221,0.04641611234708059,1
CHEMBL222,-0.059960901079981525,1
CHEMBL223,0.058400387099059536,1
CHEMBL224,0.019495491872572632,1
CHEMBL2249,0.03148180703843909,1
CHEMBL225,-0.005341099453900269,1
CHEMBL226,-0.06831141600028738,1
CHEMBL227,0.02218205936615983,1
CHEMBL228,-0.10886324293269085,1
CHEMBL229,0.1345752928289382,1
CHEMBL230,0.05685456884292265,1
CHEMBL231,0.02635575727568323,1
CHEMBL232,0.0060796328267012124,1
CHEMBL2326,-0.07821109746066363,1
CHEMBL2327,-0.06952060079469359,1
CHEMBL2335,-0.0347832143334466,1
CHEMBL235,-0.059004051387213374,1
CHEMBL236,0.13023743756317732,1
CHEMBL2360,-0.06533278810151426,1
CHEMBL237,0.06984943176147425,1
CHEMBL238,0.07411432395503435,1
CHEMBL239,-0.00713942580545087,1
CHEMBL2392,0.08557863740424691,1
CHEMBL2399,-0.12447360892119368,1
CHEMBL240,0.07660248222339476,1
CHEMBL2401,-0.08932677759341741,1
CHEMBL241,0.06387534657546734,1
CHEMBL2412,-0.940324421466622,1
CHEMBL2413,-0.010471376183865197,1
CHEMBL2414,-0.1041203679615847,1
CHEMBL2419,0.034194643062516066,1
CHEMBL242,-0.023865820413235272,1
CHEMBL2421,-0.00790502226306415,1
CHEMBL2428,0.05021380409390214,1
CHEMBL2430,0.14125418793017716,1
CHEMBL2433,0.05922752739634101,1
CHEMBL2434,0.006422249732367521,1
CHEMBL2438,-0.07260863206053235,1
CHEMBL2439,-0.10339662746216523,1
CHEMBL244,0.07735219965226249,1
CHEMBL2441,-0.03899159372107291,1
CHEMBL2442,0.07714210744823996,1
CHEMBL2443,0.08423614819938048,1
CHEMBL2447,0.021745067957978297,1
CHEMBL245,0.1384984292520158,1
CHEMBL2457,0.006262428566702568,1
CHEMBL246,0.04011659892287173,1
CHEMBL2460,-0.042791780935255964,1
CHEMBL2461,-0.042791780935255964,1
CHEMBL2465,0.062102715268584706,1
CHEMBL2468,0.014927970959008911,1
CHEMBL2469,-0.08211593263125867,1
CHEMBL2476,0.03567133744405783,1
CHEMBL248,0.030825135271658182,1
CHEMBL2484,-0.020008831378877222,1
CHEMBL2487,0.053860386428740824,1
CHEMBL249,-0.095741750910456,1
CHEMBL2490,0.019495491872572632,1
CHEMBL2492,-0.039848774162979515,1
CHEMBL2493,0.00402672491843472,1
CHEMBL2494,-0.010056175353385231,1
CHEMBL2498,-0.38731972467605424,1
CHEMBL250,-0.04017086127220448,1
CHEMBL2502,0.0014817755581327276,1
CHEMBL2503,-0.3693709985116757,1
CHEMBL2506,-0.10784124840015656,1
CHEMBL2508,-0.23283078434015506,1
CHEMBL251,-0.07834513371030528,1
CHEMBL2514,0.020899233874484304,1
CHEMBL2517,-0.09402932953500069,1
CHEMBL252,0.02697362235355957,1
CHEMBL2524,-0.033746179227643225,1
CHEMBL2525,0.033249688674637706,1
CHEMBL2527,0.0677738652115195,1
CHEMBL253,0.015612503532214382,1
CHEMBL2531,-0.12143036270638481,1
CHEMBL2534,-0.8356750070596298,1
CHEMBL2536,-0.0242929572152894,1
CHEMBL254,-0.11188724710025603,1
CHEMBL255,0.04750392485716722,1
CHEMBL2552,-0.06260106789208461,1
CHEMBL2553,-0.1383426662211683,1
CHEMBL2559,-0.008487366275375394,1
CHEMBL258,-0.012883349889568338,1
CHEMBL2581,0.10709437058969278,1
CHEMBL2582,-1.2227355479538373,1
CHEMBL259,0.01924527753960553,1
CHEMBL2595,-0.0264313902114988,1
CHEMBL2597,-0.03078780266314479,1
CHEMBL2599,0.009261197785050527,1
CHEMBL2600,-0.448105328370105,1
CHEMBL2608,-0.04860938333673897,1
CHEMBL2609,0.052253121148712854,1
CHEMBL2626,-0.052198247611853654,1
CHEMBL2632,-0.04967691629809016,1
CHEMBL2634,-0.06413872814361044,1
CHEMBL264,0.03287454331786433,1
CHEMBL2641,0.05314277549906693,1
CHEMBL2650,-0.015131214668724255,1
CHEMBL2652,0.030216354071073256,1
CHEMBL2655,0.05783290307133174,1
CHEMBL2656,-0.00436323247417415,1
CHEMBL267,-0.075608662312074,1
CHEMBL268,-0.11889777798297917,1
CHEMBL2692,-0.08996882668067434,1
CHEMBL271,-1.0214774757446108,1
CHEMBL2736,0.07544768446256957,1
CHEMBL274,0.010299833946170513,1
CHEMBL275,-0.05365845037828001,1
CHEMBL2754,-0.01872750463840713,1
CHEMBL278,-0.06923934579879902,1
CHEMBL279,-0.14719914011819532,1
CHEMBL2796,-0.2603091246672489,1
CHEMBL280,-0.0011877759346396062,1
CHEMBL281,0.04976118057331733,1
CHEMBL2835,-0.0022627534167918573,1
CHEMBL2847,-0.00713942580545087,1
CHEMBL2849,0.15621165610809848,1
CHEMBL2882,0.0857869762550012,1
CHEMBL2883,-0.10747900657355752,1
CHEMBL2885,0.02441621961977695,1
CHEMBL2886,-0.6829566536212598,1
CHEMBL2888,0.026066158214912687,1
CHEMBL2896,-0.014724044397045291,1
CHEMBL2897,-0.028643937655426274,1
CHEMBL2918,-0.054283106174570966,1
CHEMBL2938,0.12456912323525877,1
CHEMBL2940,0.032010626903096695,1
CHEMBL2959,0.00035276704201169076,1
CHEMBL2960,-0.010320350366663032,1
CHEMBL2963,-0.08923297577466921,1
CHEMBL2964,-0.13160229483833966,1
CHEMBL2971,0.08230381558723206,1
CHEMBL2972,-0.0003202279362738795,1
CHEMBL2979,-0.1364692704519678,1
CHEMBL3023,-0.08069883339881394,1
CHEMBL3024,-2.2946636853701015,1
CHEMBL3025,-0.012178410730726993,1
CHEMBL3028,-0.21333979762953859,1
CHEMBL3030,-0.0950451392778618,1
CHEMBL3038,-0.21800871484413487,1
CHEMBL3040,-2.302212474631831,1
CHEMBL3043,0.018106088529032564,1
CHEMBL3076,-0.01862264367460185,1
CHEMBL3079,-0.16223950523707822,1
CHEMBL3080,-0.007392282614539524,1
CHEMBL3123,-0.1089123048301407,1
CHEMBL3125,-0.17278924943369303,1
CHEMBL3126,-0.07463122450334801,1
CHEMBL3143,0.05036318363061048,1
CHEMBL3155,-0.12810070941432822,1
CHEMBL3157,0.04156200821411873,1
CHEMBL3164,-0.1321065208629243,1
CHEMBL3167,-0.08972318600704053,1
CHEMBL3191,-0.18746947085028476,1
CHEMBL3201,-0.010711341428155682,1
CHEMBL3230,0.018786063357100646,1
CHEMBL3231,-0.0492457821337609,1
CHEMBL3233,-0.29143517437385064,1
CHEMBL3240,0.0756759444426255,1
CHEMBL3253,0.07183470598434016,1
CHEMBL3254,0.061496313687566286,1
CHEMBL3256,-0.32872710394231985,1
CHEMBL3276,-0.02554799751407456,1
CHEMBL3311,-0.19557850122985734,1
CHEMBL3351,-0.35587220572625583,1
CHEMBL3371,-0.0026058682368635664,1
CHEMBL3373,-0.013968765001664954,1
CHEMBL3379,-0.1418156799658582,1
CHEMBL3419,-0.0021251053050213493,1
CHEMBL3421,0.06266634600717164,1
CHEMBL3429,-0.35268621214753343,1
CHEMBL3438,-0.10469602256345063,1
CHEMBL3473,-0.052745613934174325,1
CHEMBL3474,0.025573153795459064,1
CHEMBL3475,0.050062858784186516,1
CHEMBL3477,0.030216354071073256,1
CHEMBL3478,0.01573334765445027,1
CHEMBL3510,-0.01756624562360958,1
CHEMBL3514,-0.03899159372107291,1
CHEMBL3568,-0.03878729624371791,1
CHEMBL3572,-0.060968207442209675,1
CHEMBL3582,-0.057265055697869195,1
CHEMBL3595,0.029835446632903134,1
CHEMBL3610,-0.7449263665648109,1
CHEMBL3636,0.06528770345423152,1
CHEMBL3650,-0.2747810616282413,1
CHEMBL3708,-0.0038330923877027737,1
CHEMBL3710,-0.12258512044588521,1
CHEMBL3721,-0.009062507590967427,1
CHEMBL3723,-0.006097507096233153,1
CHEMBL3724,-0.10135681711386557,1
CHEMBL3727,-0.04676924407493902,1
CHEMBL3764,0.03607198022075523,1
CHEMBL3768,-0.02769946336843196,1
CHEMBL3769,0.05082525761098955,1
CHEMBL3770,-0.03369061490489361,1
CHEMBL3775,-0.28774079424378934,1
CHEMBL3816,0.08452235257496643,1
CHEMBL3817,-0.1631433030454563,1
CHEMBL3819,-0.10757141118914317,1
CHEMBL3841,0.013817570276862765,1
CHEMBL3856,0.08424670391217637,1
CHEMBL3861,-0.15200546736502732,1
CHEMBL3863,0.14449758729745635,1
CHEMBL3892,0.026639457534567406,1
CHEMBL3898,0.057283895168490674,1
CHEMBL3911,-0.2509091320123937,1
CHEMBL3913,-0.07266378990555124,1
CHEMBL3958,-0.26495594109414766,1
CHEMBL3961,0.09156199335538917,1
CHEMBL3969,0.020979427409820343,1
CHEMBL3974,-0.13188872596760717,1
CHEMBL4018,0.07093218439730549,1
CHEMBL402,-1.0936205113265844,1
CHEMBL4068,-0.08191124084116691,1
CHEMBL4069,0.03879992213688268,1
CHEMBL4071,-0.1156959064415165,1
CHEMBL4072,0.09064820608177736,1
CHEMBL4074,-0.04869972241620676,1
CHEMBL4076,0.0626113068095124,1
CHEMBL4121,-0.030621231198699167,1
CHEMBL4142,-0.04307462748135937,1
CHEMBL4237,0.0007103907907189221,1
CHEMBL4271,0.030582274736611223,1
CHEMBL4273,-0.06029115388931425,1
CHEMBL4305,0.029535073121487797,1
CHEMBL4306,0.04373635982797816,1
CHEMBL4315,-0.014793078280054883,1
CHEMBL4330,-0.10530984766597591,1
CHEMBL4425,-0.015131214668724255,1
CHEMBL4429,-0.030566536978131026,1
CHEMBL4467,-0.05072942939492025,1
CHEMBL4469,0.056582488793836073,1
CHEMBL4478,-0.01478493890379221,1
CHEMBL4549,0.03810241979363502,1
CHEMBL4550,0.01987747549479603,1
CHEMBL4551,0.022437722367605325,1
CHEMBL4573,-0.015801421234475792,1
CHEMBL4589,-0.16850544064665166,1
CHEMBL4605,0.06220000048898779,1
CHEMBL4607,0.011262449352006066,1
CHEMBL4608,0.048913511631624225,1
CHEMBL4617,-0.15552965062486726,1
CHEMBL4633,-0.048574147307748304,1
CHEMBL4708,-0.19849642193465047,1
CHEMBL4712,0.07742751666787535,1
CHEMBL4714,-0.14490212651495438,1
CHEMBL4715,-0.07559125282213565,1
CHEMBL4716,-0.0014137615148602106,1
CHEMBL4744,-0.04606690148025298,1
CHEMBL4761,0.012276446562054585,1
CHEMBL4762,-0.1399104402855873,1
CHEMBL4763,0.06716990723166176,1
CHEMBL4770,0.057643405213703425,1
CHEMBL4777,0.0407568149230903,1
CHEMBL4790,-0.917309117693864,1
CHEMBL4794,-0.007747200409998736,1
CHEMBL4805,-0.08595186841859735,1
CHEMBL4806,-0.06659692821990373,1
CHEMBL4808,-0.029231160388241723,1
CHEMBL4811,0.12792422031006487,1
CHEMBL4812,0.07402923070069435,1
CHEMBL4813,-0.05790054918696166,1
CHEMBL4815,-0.06952060079469359,1
CHEMBL4816,0.12546098291895827,1
CHEMBL4820,0.024483629679048605,1
CHEMBL4829,-0.08410760312616013,1
CHEMBL4832,-0.6736667302612283,1
CHEMBL4833,0.049880565218466656,1
CHEMBL4834,0.07787773597773617,1
CHEMBL4835,-0.35056488825811033,1
CHEMBL4863,0.06824689426261464,1
CHEMBL4865,-0.07102070832640596,1
CHEMBL4866,-0.03200851357489185,1
CHEMBL4867,-0.08439176389536752,1
CHEMBL4868,0.008529869642874548,1
CHEMBL4869,0.00382473677175075,1
CHEMBL4873,0.07538729349536123,1
CHEMBL4876,-0.06770100771845304,1
CHEMBL4878,0.09765670212072082,1
CHEMBL4880,-0.9203628220064246,1
CHEMBL4881,-0.09027878875606932,1
CHEMBL4883,-0.07490380640337398,1
CHEMBL4892,0.1345752928289382,1
CHEMBL4894,0.10583272319804267,1
CHEMBL4924,0.000441385547222832,1
CHEMBL4925,-0.15692388397817764,1
CHEMBL4928,-0.22761634273619116,1
CHEMBL4939,-0.0052416791100056035,1
CHEMBL4940,-0.022820828680133336,1
CHEMBL4941,0.048178677314730835,1
CHEMBL4942,-0.031072784189215653,1
CHEMBL4945,0.061596606171862495,1
CHEMBL4947,-0.1410638218874108,1
CHEMBL4949,0.05833397226814635,1
CHEMBL4977,-0.23819476292872166,1
CHEMBL4983,-0.435927285143471,1
CHEMBL4985,0.07453811025466235,1
CHEMBL5100,-0.08840443094634608,1
CHEMBL5103,0.05621217107074087,1
CHEMBL5113,-0.29458643882467894,1
CHEMBL5135,-0.016349053722836834,1
CHEMBL5136,-0.04017086127220448,1
CHEMBL5444,-1.619033058739505,1
