drug,lumb_pathway_overlap_jaccard,n_shared_pathways_lumb
CHEMBL1778,0.009096077316657191,16
CHEMBL1782,0.003409090909090909,6
CHEMBL1783,0.01648664013644116,29
CHEMBL1785,0.005685048322910745,10
CHEMBL1786,0.0011363636363636363,2
CHEMBL1787,0.0028425241614553724,5
CHEMBL1790,0.009080590238365494,16
CHEMBL1791,0.002840909090909091,5
CHEMBL1793,0.0034110289937464467,6
CHEMBL1795,0.0017055144968732233,3
CHEMBL1798,0.00851305334846765,15
CHEMBL1800,0.0034110289937464467,6
CHEMBL1803,0.007959067652075043,14
CHEMBL1804,0.003979533826037522,7
CHEMBL1806,0.005685048322910745,10
CHEMBL1807,0.0062535531552018195,11
CHEMBL1808,0.0017055144968732233,3
CHEMBL1811,0.0034071550255536627,6
CHEMBL1817,0.0034110289937464467,6
CHEMBL1821,0.0045480386583285955,8
CHEMBL1822,0.0068143100511073255,12
CHEMBL1824,0.03297328027288232,58
CHEMBL1827,0.00625,11
CHEMBL1832,0.003409090909090909,6
CHEMBL1833,0.003977272727272727,7
CHEMBL1835,0.0056753688989784334,10
CHEMBL1836,0.0034071550255536627,6
CHEMBL1839,0.0022740193291642978,4
CHEMBL1842,0.005685048322910745,10
CHEMBL1843,0.0017035775127768314,3
CHEMBL1845,0.0045480386583285955,8
CHEMBL1846,0.0034110289937464467,6
CHEMBL1851,0.007390562819783968,13
CHEMBL1854,0.003409090909090909,6
CHEMBL1855,0.003409090909090909,6
CHEMBL1856,0.0028425241614553724,5
CHEMBL1859,0.005685048322910745,10
CHEMBL1860,0.00511654349061967,9
CHEMBL1861,0.001135718341851221,2
CHEMBL1864,0.0017055144968732233,3
CHEMBL1867,0.009653605905735378,17
CHEMBL1868,0.0034110289937464467,6
CHEMBL1869,0.001135718341851221,2
CHEMBL1871,0.013075611142694713,23
CHEMBL1874,0.0022688598979013048,4
CHEMBL1875,0.003977272727272727,7
CHEMBL1876,0.0022688598979013048,4
CHEMBL1881,0.0034071550255536627,6
CHEMBL1882,0.0016997167138810198,3
CHEMBL1883,0.0016997167138810198,3
CHEMBL1886,0.007945516458569807,14
CHEMBL1889,0.00510783200908059,9
CHEMBL1892,0.0017055144968732233,3
CHEMBL1893,0.0034110289937464467,6
CHEMBL1898,0.003977272727272727,7
CHEMBL1899,0.0017055144968732233,3
CHEMBL1900,0.0028360748723766306,5
CHEMBL1901,0.003979533826037522,7
CHEMBL1903,0.0034071550255536627,6
CHEMBL1904,0.018192154633314382,32
CHEMBL1905,0.041500852757248435,73
CHEMBL1907,0.0034110289937464467,6
CHEMBL1910,0.0028328611898017,5
CHEMBL1911,0.0022727272727272726,4
CHEMBL1912,0.0011363636363636363,2
CHEMBL1913,0.008527572484366117,15
CHEMBL1914,0.0056753688989784334,10
CHEMBL1916,0.009653605905735378,17
CHEMBL1919,0.002840909090909091,5
CHEMBL1920,0.003979533826037522,7
CHEMBL1925,0.003979533826037522,7
CHEMBL1927,0.014196479273140262,25
CHEMBL1929,0.003975014196479273,7
CHEMBL1935,0.005104934770277935,9
CHEMBL1936,0.023877202956225127,42
CHEMBL1940,0.007390562819783968,13
CHEMBL1941,0.003977272727272727,7
CHEMBL1942,0.006818181818181818,12
CHEMBL1944,0.007959067652075043,14
CHEMBL1947,0.00511654349061967,9
CHEMBL1950,0.003977272727272727,7
CHEMBL1951,0.007348784624081402,13
CHEMBL1952,0.0045480386583285955,8
CHEMBL1957,0.007959067652075043,14
CHEMBL1958,0.003409090909090909,6
CHEMBL1959,0.0062535531552018195,11
CHEMBL1962,0.003979533826037522,7
CHEMBL1963,0.003409090909090909,6
CHEMBL1966,0.001135718341851221,2
CHEMBL1968,0.0017055144968732233,3
CHEMBL1969,0.0017045454545454545,3
CHEMBL1970,0.003970504821327283,7
CHEMBL1971,0.006246450880181715,11
CHEMBL1972,0.009664582148948267,17
CHEMBL1975,0.005685048322910745,10
CHEMBL1976,0.0022740193291642978,4
CHEMBL1977,0.007390562819783968,13
CHEMBL1978,0.0056753688989784334,10
CHEMBL1981,0.005681818181818182,10
CHEMBL1983,0.003977272727272727,7
CHEMBL1985,0.0062535531552018195,11
CHEMBL1987,0.0034071550255536627,6
CHEMBL1988,0.0017055144968732233,3
CHEMBL1989,0.0068143100511073255,12
CHEMBL1991,0.046617396247868106,82
CHEMBL1992,0.008517887563884156,15
CHEMBL1993,0.011357183418512209,20
CHEMBL1994,0.006822057987492893,12
CHEMBL1995,0.005110732538330494,9
CHEMBL1996,0.0045480386583285955,8
CHEMBL1997,0.0022701475595913734,4
CHEMBL2000,0.005110732538330494,9
CHEMBL2001,0.0056785917092561046,10
CHEMBL2002,0.0068143100511073255,12
CHEMBL2004,0.003979533826037522,7
CHEMBL2008,0.005685048322910745,10
CHEMBL2014,0.003979533826037522,7
CHEMBL2015,0.013075611142694713,23
CHEMBL202,0.005681818181818182,10
CHEMBL2023,0.005668934240362812,10
CHEMBL2027,0.0,0
CHEMBL203,0.04434337691870381,78
CHEMBL2033,0.0056753688989784334,10
CHEMBL2034,0.015918135304150087,28
CHEMBL2035,0.0045480386583285955,8
CHEMBL2039,0.0017035775127768314,3
CHEMBL2040,0.0011370096645821489,2
CHEMBL2044,0.0022727272727272726,4
CHEMBL2045,0.0022701475595913734,4
CHEMBL2049,0.003977272727272727,7
CHEMBL205,0.003403289846851957,6
CHEMBL2050,0.0028425241614553724,5
CHEMBL2055,0.010801591813530414,19
CHEMBL2056,0.003977272727272727,7
CHEMBL2057,0.005681818181818182,10
CHEMBL2059,0.0022727272727272726,4
CHEMBL206,0.0244457077885162,43
CHEMBL2060,0.01137009664582149,20
CHEMBL2061,0.03695281409891984,65
CHEMBL2062,0.0034110289937464467,6
CHEMBL2063,0.0011350737797956867,2
CHEMBL2064,0.009664582148948267,17
CHEMBL2066,0.0011370096645821489,2
CHEMBL2069,0.006246450880181715,11
CHEMBL207,0.027288231949971573,48
CHEMBL2070,0.0480225988700565,85
CHEMBL2071,0.005110732538330494,9
CHEMBL2074,0.00170261066969353,3
CHEMBL2075,0.005685048322910745,10
CHEMBL2076,0.003968253968253968,7
CHEMBL2079,0.0017045454545454545,3
CHEMBL208,0.014212620807276862,25
CHEMBL2081,0.003979533826037522,7
CHEMBL2083,0.007390562819783968,13
CHEMBL2084,0.0017055144968732233,3
CHEMBL2085,0.005685048322910745,10
CHEMBL2086,0.0017055144968732233,3
CHEMBL2088,0.0022740193291642978,4
CHEMBL209,0.00625,11
CHEMBL2094,0.003979533826037522,7
CHEMBL2099,0.0045480386583285955,8
CHEMBL210,0.009096077316657191,16
CHEMBL2100,0.003975014196479273,7
CHEMBL2102,0.0022740193291642978,4
CHEMBL2104,0.005685048322910745,10
CHEMBL2105,0.003403289846851957,6
CHEMBL2106,0.006822057987492893,12
CHEMBL2107,0.014781125639567936,26
CHEMBL2108,0.011280315848843767,20
CHEMBL2109,0.018192154633314382,32
CHEMBL2114,0.0034071550255536627,6
CHEMBL2116,0.023269012485811577,41
CHEMBL2117,0.02043132803632236,36
CHEMBL212,0.02046617396247868,36
CHEMBL2120,0.039795338260375214,70
CHEMBL2121,0.005685048322910745,10
CHEMBL2123,0.0034071550255536627,6
CHEMBL2127,0.0034110289937464467,6
CHEMBL213,0.0045480386583285955,8
CHEMBL2131,0.0017045454545454545,3
CHEMBL2139,0.0011370096645821489,2
CHEMBL2147,0.007959067652075043,14
CHEMBL2148,0.013644115974985787,24
CHEMBL215,0.010740531373657434,19
CHEMBL2156,0.0017055144968732233,3
CHEMBL2158,0.0028425241614553724,5
CHEMBL2159,0.002840909090909091,5
CHEMBL216,0.0045480386583285955,8
CHEMBL2160,0.004545454545454545,8
CHEMBL2161,0.003409090909090909,6
CHEMBL2164,0.014781125639567936,26
CHEMBL2167,0.08072768618533258,142
CHEMBL217,0.002840909090909091,5
CHEMBL2171,0.027288231949971573,48
CHEMBL218,0.0034110289937464467,6
CHEMBL2182,0.003977272727272727,7
CHEMBL2184,0.003403289846851957,6
CHEMBL2185,0.019329164297896533,34
CHEMBL219,0.003977272727272727,7
CHEMBL2193,0.0045377197958026095,8
CHEMBL2194,0.002840909090909091,5
CHEMBL220,0.004540295119182747,8
CHEMBL2200,0.003409090909090909,6
CHEMBL2202,0.003968253968253968,7
CHEMBL2206,0.003409090909090909,6
CHEMBL221,0.003977272727272727,7
CHEMBL222,0.0022701475595913734,4
CHEMBL223,0.00511654349061967,9
CHEMBL224,0.003977272727272727,7
CHEMBL2249,0.0028425241614553724,5
CHEMBL225,0.003977272727272727,7
CHEMBL226,0.0034071550255536627,6
CHEMBL227,0.0062535531552018195,11
CHEMBL228,0.0022701475595913734,4
CHEMBL229,0.00511654349061967,9
CHEMBL230,0.009664582148948267,17
CHEMBL231,0.003977272727272727,7
CHEMBL232,0.00511654349061967,9
CHEMBL2326,0.0005681818181818182,1
CHEMBL2327,0.003977272727272727,7
CHEMBL2335,0.0034110289937464467,6
CHEMBL235,0.017055144968732235,30
CHEMBL236,0.0062535531552018195,11
CHEMBL2360,0.003401360544217687,6
CHEMBL237,0.006822057987492893,12
CHEMBL238,0.0033994334277620396,6
CHEMBL2388,0.0017045454545454545,3
CHEMBL239,0.018760659465605456,33
CHEMBL2392,0.0056753688989784334,10
CHEMBL2399,0.0084985835694051,15
CHEMBL240,0.002840909090909091,5
CHEMBL2401,0.007386363636363636,13
CHEMBL241,0.0022740193291642978,4
CHEMBL2412,0.03240477544059125,57
CHEMBL2413,0.006822057987492893,12
CHEMBL2414,0.0045480386583285955,8
CHEMBL2419,0.0022727272727272726,4
CHEMBL242,0.009096077316657191,16
CHEMBL2421,0.003979533826037522,7
CHEMBL2428,0.003979533826037522,7
CHEMBL2430,0.0034110289937464467,6
CHEMBL2433,0.0017055144968732233,3
CHEMBL2434,0.0062535531552018195,11
CHEMBL2438,0.0017055144968732233,3
CHEMBL2439,0.0022727272727272726,4
CHEMBL244,0.006791171477079796,12
CHEMBL2441,0.0017055144968732233,3
CHEMBL2442,0.0062535531552018195,11
CHEMBL2443,0.0034110289937464467,6
CHEMBL2447,0.0011350737797956867,2
CHEMBL245,0.006822057987492893,12
CHEMBL2457,0.0028425241614553724,5
CHEMBL246,0.0045480386583285955,8
CHEMBL2465,0.001135718341851221,2
CHEMBL2468,0.0017045454545454545,3
CHEMBL2469,0.001135718341851221,2
CHEMBL2476,0.0045480386583285955,8
CHEMBL2478,0.0,0
CHEMBL248,0.009659090909090909,17
CHEMBL2484,0.0017016449234259785,3
CHEMBL2487,0.03752131893121091,66
CHEMBL249,0.00625,11
CHEMBL2490,0.003977272727272727,7
CHEMBL2492,0.00170261066969353,3
CHEMBL2493,0.003409090909090909,6
CHEMBL2494,0.01875,33
CHEMBL2498,0.0778851620238772,137
CHEMBL250,0.007959067652075043,14
CHEMBL2502,0.0028425241614553724,5
CHEMBL2503,0.0017045454545454545,3
CHEMBL2506,0.08868675383740762,156
CHEMBL2508,0.015918135304150087,28
CHEMBL251,0.00681044267877412,12
CHEMBL2514,0.003979533826037522,7
CHEMBL2517,0.0017055144968732233,3
CHEMBL252,0.003979533826037522,7
CHEMBL2524,0.0028376844494892167,5
CHEMBL2527,0.013644115974985787,24
CHEMBL253,0.0034110289937464467,6
CHEMBL2531,0.0022740193291642978,4
CHEMBL2534,0.04258943781942078,75
CHEMBL2536,0.009080590238365494,16
CHEMBL254,0.003979533826037522,7
CHEMBL255,0.007945516458569807,14
CHEMBL2552,0.003979533826037522,7
CHEMBL2553,0.028392958546280524,50
CHEMBL2559,0.0028425241614553724,5
CHEMBL256,0.0034071550255536627,6
CHEMBL2575,0.005681818181818182,10
CHEMBL258,0.030130756111426946,53
CHEMBL2581,0.009659090909090909,17
CHEMBL2582,0.03524729960204662,62
CHEMBL259,0.005685048322910745,10
CHEMBL2595,0.001135718341851221,2
CHEMBL2597,0.0423728813559322,75
CHEMBL2599,0.0267197271176805,47
CHEMBL2600,0.01023308698123934,18
CHEMBL2608,0.0056785917092561046,10
CHEMBL2609,0.0017055144968732233,3
CHEMBL2626,0.0068143100511073255,12
CHEMBL2632,0.015918135304150087,28
CHEMBL2634,0.019897669130187607,35
CHEMBL264,0.002840909090909091,5
CHEMBL2641,0.0017055144968732233,3
CHEMBL2650,0.009659090909090909,17
CHEMBL2652,0.0045480386583285955,8
CHEMBL2655,0.026151222285389426,46
CHEMBL2656,0.0011363636363636363,2
CHEMBL267,0.09550881182490051,168
CHEMBL268,0.007954545454545454,14
CHEMBL2692,0.0017055144968732233,3
CHEMBL271,0.013075611142694713,23
CHEMBL2736,0.00511654349061967,9
CHEMBL274,0.010801591813530414,19
CHEMBL275,0.0034110289937464467,6
CHEMBL2754,0.018192154633314382,32
CHEMBL278,0.009664582148948267,17
CHEMBL279,0.01023308698123934,18
CHEMBL2796,0.0056753688989784334,10
CHEMBL280,0.0062535531552018195,11
CHEMBL281,0.0011344299489506524,2
CHEMBL2835,0.031836270608300174,56
CHEMBL2847,0.018760659465605456,33
CHEMBL2849,0.009096077316657191,16
CHEMBL2882,0.003977272727272727,7
CHEMBL2883,0.003975014196479273,7
CHEMBL2885,0.0005681818181818182,1
CHEMBL2886,0.005681818181818182,10
CHEMBL2887,0.007369614512471655,13
CHEMBL2888,0.0034110289937464467,6
CHEMBL2896,0.012507106310403639,22
CHEMBL2897,0.021034678794769755,37
CHEMBL2918,0.044911881750994885,79
CHEMBL2938,0.015349630471859011,27
CHEMBL2940,0.00511654349061967,9
CHEMBL2959,0.003979533826037522,7
CHEMBL2960,0.028993746446844798,51
CHEMBL2963,0.0022740193291642978,4
CHEMBL2964,0.019307211811470756,34
CHEMBL2971,0.03695281409891984,65
CHEMBL2972,0.0022740193291642978,4
CHEMBL2979,0.0028425241614553724,5
CHEMBL3023,0.001135718341851221,2
CHEMBL3024,0.028993746446844798,51
CHEMBL3025,0.0005681818181818182,1
CHEMBL3028,0.0022740193291642978,4
CHEMBL3030,0.028425241614553724,50
CHEMBL3038,0.0011363636363636363,2
CHEMBL3040,0.008527572484366117,15
CHEMBL3043,0.001135718341851221,2
CHEMBL3076,0.0022701475595913734,4
CHEMBL3079,0.0017045454545454545,3
CHEMBL3080,0.00170261066969353,3
CHEMBL3123,0.0017045454545454545,3
CHEMBL3125,0.0028425241614553724,5
CHEMBL3126,0.0034110289937464467,6
CHEMBL3142,0.0056785917092561046,10
CHEMBL3143,0.012443438914027148,22
CHEMBL3155,0.004542873367404884,8
CHEMBL3157,0.0045480386583285955,8
CHEMBL3164,0.027288231949971573,48
CHEMBL3167,0.003409090909090909,6
CHEMBL3191,0.0034071550255536627,6
CHEMBL3201,0.005113636363636364,9
CHEMBL3230,0.003409090909090909,6
CHEMBL3233,0.017045454545454544,30
CHEMBL3240,0.005681818181818182,10
CHEMBL3253,0.01762364980102331,31
CHEMBL3254,0.007348784624081402,13
CHEMBL3256,0.007959067652075043,14
CHEMBL3276,0.006822057987492893,12
CHEMBL3311,0.008527572484366117,15
CHEMBL3351,0.006798866855524079,12
CHEMBL3371,0.003977272727272727,7
CHEMBL3373,0.009096077316657191,16
CHEMBL3379,0.0045377197958026095,8
CHEMBL3409,0.007959067652075043,14
CHEMBL3419,0.003979533826037522,7
CHEMBL3421,0.009659090909090909,17
CHEMBL3429,0.007390562819783968,13
CHEMBL3438,0.010801591813530414,19
CHEMBL3473,0.0045480386583285955,8
CHEMBL3474,0.0033975084937712344,6
CHEMBL3475,0.011363636363636364,20
CHEMBL3477,0.0045480386583285955,8
CHEMBL3478,0.00625,11
CHEMBL3510,0.0005681818181818182,1
CHEMBL3514,0.0017055144968732233,3
CHEMBL3568,0.00511654349061967,9
CHEMBL3572,0.00511654349061967,9
CHEMBL3582,0.009664582148948267,17
CHEMBL3595,0.0062535531552018195,11
CHEMBL3610,0.031836270608300174,56
CHEMBL3636,0.003979533826037522,7
CHEMBL3650,0.0267197271176805,47
CHEMBL3708,0.017593643586833144,31
CHEMBL3710,0.0034071550255536627,6
CHEMBL3721,0.009664582148948267,17
CHEMBL3723,0.013644115974985787,24
CHEMBL3724,0.003977272727272727,7
CHEMBL3727,0.0017055144968732233,3
CHEMBL3764,0.003979533826037522,7
CHEMBL3768,0.007959067652075043,14
CHEMBL3769,0.00625,11
CHEMBL3770,0.001135718341851221,2
CHEMBL3775,0.015918135304150087,28
CHEMBL3816,0.012994350282485875,23
CHEMBL3817,0.01023308698123934,18
CHEMBL3819,0.003977272727272727,7
CHEMBL3841,0.0017055144968732233,3
CHEMBL3856,0.003409090909090909,6
CHEMBL3861,0.003977272727272727,7
CHEMBL3863,0.001135718341851221,2
CHEMBL3892,0.005113636363636364,9
CHEMBL3898,0.0062535531552018195,11
CHEMBL3911,0.0034071550255536627,6
CHEMBL3913,0.007390562819783968,13
CHEMBL3958,0.00511654349061967,9
CHEMBL3961,0.03695281409891984,65
CHEMBL3969,0.0005681818181818182,1
CHEMBL3974,0.00625,11
CHEMBL4018,0.003979533826037522,7
CHEMBL402,0.00625,11
CHEMBL4068,0.00511654349061967,9
CHEMBL4069,0.00511654349061967,9
CHEMBL4071,0.013636363636363636,24
CHEMBL4072,0.011363636363636364,20
CHEMBL4074,0.0017055144968732233,3
CHEMBL4076,0.004540295119182747,8
CHEMBL4121,0.036384309266628764,64
CHEMBL4142,0.02160318362706083,38
CHEMBL4237,0.021022727272727273,37
CHEMBL4271,0.0034110289937464467,6
CHEMBL4273,0.009664582148948267,17
CHEMBL4305,0.0011363636363636363,2
CHEMBL4306,0.002840909090909091,5
CHEMBL4315,0.0056785917092561046,10
CHEMBL4330,0.0073779795686719635,13
CHEMBL4425,0.009659090909090909,17
CHEMBL4429,0.003977272727272727,7
CHEMBL4467,0.0028425241614553724,5
CHEMBL4469,0.0028392958546280523,5
CHEMBL4478,0.0011363636363636363,2
CHEMBL4549,0.023877202956225127,42
CHEMBL4550,0.0028376844494892167,5
CHEMBL4551,0.007954545454545454,14
CHEMBL4573,0.0034110289937464467,6
CHEMBL4589,0.0022740193291642978,4
CHEMBL4605,0.001135718341851221,2
CHEMBL4607,0.003979533826037522,7
CHEMBL4608,0.005685048322910745,10
CHEMBL4617,0.0017045454545454545,3
CHEMBL4633,0.0017055144968732233,3
CHEMBL4708,0.0011370096645821489,2
CHEMBL4712,0.003970504821327283,7
CHEMBL4714,0.0034071550255536627,6
CHEMBL4715,0.003963759909399773,7
CHEMBL4716,0.0022740193291642978,4
CHEMBL4744,0.009653605905735378,17
CHEMBL4761,0.01023308698123934,18
CHEMBL4763,0.033541785105173395,59
CHEMBL4770,0.0017045454545454545,3
CHEMBL4777,0.003979533826037522,7
CHEMBL4790,0.0056785917092561046,10
CHEMBL4794,0.0017045454545454545,3
CHEMBL4805,0.01023308698123934,18
CHEMBL4808,0.0017006802721088435,3
CHEMBL4811,0.0011344299489506524,2
CHEMBL4812,0.0017055144968732233,3
CHEMBL4813,0.0056753688989784334,10
CHEMBL4815,0.003977272727272727,7
CHEMBL4816,0.04604889141557703,81
CHEMBL4820,0.0034071550255536627,6
CHEMBL4829,0.0056785917092561046,10
CHEMBL4832,0.006787330316742082,12
CHEMBL4833,0.0017045454545454545,3
CHEMBL4834,0.0016997167138810198,3
CHEMBL4835,0.0022740193291642978,4
CHEMBL4863,0.0028425241614553724,5
CHEMBL4865,0.007954545454545454,14
CHEMBL4866,0.005685048322910745,10
CHEMBL4867,0.003975014196479273,7
CHEMBL4868,0.0017055144968732233,3
CHEMBL4869,0.003979533826037522,7
CHEMBL4872,0.0017045454545454545,3
CHEMBL4873,0.0022740193291642978,4
CHEMBL4876,0.00511654349061967,9
CHEMBL4878,0.0068143100511073255,12
CHEMBL4880,0.0028425241614553724,5
CHEMBL4881,0.002840909090909091,5
CHEMBL4883,0.00340522133938706,6
CHEMBL4892,0.00511654349061967,9
CHEMBL4894,0.003979533826037522,7
CHEMBL4924,0.00625,11
CHEMBL4925,0.0017055144968732233,3
CHEMBL4928,0.029562251279135872,52
CHEMBL4939,0.0022740193291642978,4
CHEMBL4940,0.0017055144968732233,3
CHEMBL4941,0.005113636363636364,9
CHEMBL4942,0.0022740193291642978,4
CHEMBL4945,0.0017045454545454545,3
CHEMBL4947,0.0011363636363636363,2
CHEMBL4949,0.004540295119182747,8
CHEMBL4977,0.039795338260375214,70
CHEMBL4983,0.005110732538330494,9
CHEMBL4985,0.001135718341851221,2
CHEMBL5100,0.0011363636363636363,2
CHEMBL5103,0.01023308698123934,18
CHEMBL5113,0.0045480386583285955,8
CHEMBL5135,0.003409090909090909,6
CHEMBL5136,0.007959067652075043,14
CHEMBL5444,0.013644115974985787,24
