drug_chembl_id,min_shortest_path_to_LumA
CHEMBL1778,1
CHEMBL1782,1
CHEMBL1783,1
CHEMBL1785,1
CHEMBL1786,2
CHEMBL1787,1
CHEMBL1790,1
CHEMBL1791,1
CHEMBL1793,1
CHEMBL1795,2
CHEMBL1798,1
CHEMBL1800,1
CHEMBL1803,1
CHEMBL1804,2
CHEMBL1806,1
CHEMBL1807,0
CHEMBL1808,1
CHEMBL1811,1
CHEMBL1817,1
CHEMBL1821,2
CHEMBL1822,1
CHEMBL1824,0
CHEMBL1825,1
CHEMBL1827,1
CHEMBL1832,1
CHEMBL1833,1
CHEMBL1835,2
CHEMBL1836,1
CHEMBL1838,1
CHEMBL1839,1
CHEMBL1842,1
CHEMBL1843,0
CHEMBL1845,1
CHEMBL1846,1
CHEMBL1851,0
CHEMBL1854,0
CHEMBL1855,1
CHEMBL1856,1
CHEMBL1859,1
CHEMBL1860,1
CHEMBL1861,0
CHEMBL1864,0
CHEMBL1867,1
CHEMBL1868,1
CHEMBL1869,1
CHEMBL1871,0
CHEMBL1874,1
CHEMBL1875,0
CHEMBL1876,1
CHEMBL1879,2
CHEMBL1881,1
CHEMBL1882,1
CHEMBL1883,1
CHEMBL1886,1
CHEMBL1889,1
CHEMBL1892,1
CHEMBL1893,1
CHEMBL1898,2
CHEMBL1899,1
CHEMBL1900,1
CHEMBL1901,0
CHEMBL1903,1
CHEMBL1904,0
CHEMBL1905,0
CHEMBL1907,1
CHEMBL1910,1
CHEMBL1911,1
CHEMBL1912,1
CHEMBL1913,0
CHEMBL1914,2
CHEMBL1916,1
CHEMBL1919,1
CHEMBL1920,1
CHEMBL1925,0
CHEMBL1927,1
CHEMBL1929,1
CHEMBL1935,0
CHEMBL1936,0
CHEMBL1940,1
CHEMBL1941,1
CHEMBL1942,1
CHEMBL1944,1
CHEMBL1947,1
CHEMBL1950,1
CHEMBL1951,1
CHEMBL1952,1
CHEMBL1957,1
CHEMBL1958,0
CHEMBL1959,1
CHEMBL1962,0
CHEMBL1963,0
CHEMBL1966,1
CHEMBL1968,1
CHEMBL1969,1
CHEMBL1970,0
CHEMBL1971,2
CHEMBL1972,0
CHEMBL1975,1
CHEMBL1976,1
CHEMBL1977,1
CHEMBL1978,1
CHEMBL1981,1
CHEMBL1983,0
CHEMBL1985,1
CHEMBL1987,1
CHEMBL1988,2
CHEMBL1989,2
CHEMBL1991,0
CHEMBL1992,0
CHEMBL1993,1
CHEMBL1994,1
CHEMBL1995,1
CHEMBL1996,0
CHEMBL1997,2
CHEMBL2000,1
CHEMBL2001,1
CHEMBL2002,1
CHEMBL2004,0
CHEMBL2008,1
CHEMBL2014,1
CHEMBL2015,1
CHEMBL202,1
CHEMBL2023,1
CHEMBL2027,1
CHEMBL203,0
CHEMBL2033,1
CHEMBL2034,1
CHEMBL2035,1
CHEMBL2039,1
CHEMBL2040,1
CHEMBL2044,1
CHEMBL2045,1
CHEMBL2049,1
CHEMBL205,1
CHEMBL2050,1
CHEMBL2055,0
CHEMBL2056,1
CHEMBL2057,1
CHEMBL2058,1
CHEMBL2059,1
CHEMBL206,0
CHEMBL2060,1
CHEMBL2061,0
CHEMBL2062,0
CHEMBL2063,1
CHEMBL2064,1
CHEMBL2066,1
CHEMBL2069,1
CHEMBL207,1
CHEMBL2070,1
CHEMBL2071,2
CHEMBL2074,1
CHEMBL2075,1
CHEMBL2076,1
CHEMBL2079,2
CHEMBL208,1
CHEMBL2081,1
CHEMBL2083,1
CHEMBL2084,1
CHEMBL2085,1
CHEMBL2086,0
CHEMBL2088,0
CHEMBL209,0
CHEMBL2094,1
CHEMBL2099,0
CHEMBL210,1
CHEMBL2100,1
CHEMBL2102,1
CHEMBL2104,1
CHEMBL2105,1
CHEMBL2106,1
CHEMBL2107,0
CHEMBL2108,1
CHEMBL2109,1
CHEMBL2114,1
CHEMBL2116,1
CHEMBL2117,1
CHEMBL212,1
CHEMBL2120,1
CHEMBL2121,2
CHEMBL2123,2
CHEMBL2127,1
CHEMBL213,1
CHEMBL2131,1
CHEMBL2139,2
CHEMBL2147,0
CHEMBL2148,0
CHEMBL215,1
CHEMBL2156,2
CHEMBL2158,0
CHEMBL2159,1
CHEMBL216,1
CHEMBL2160,1
CHEMBL2161,1
CHEMBL2164,1
CHEMBL2167,0
CHEMBL217,0
CHEMBL2171,1
CHEMBL218,1
CHEMBL2182,0
CHEMBL2184,0
CHEMBL2185,1
CHEMBL219,1
CHEMBL2193,2
CHEMBL2194,2
CHEMBL220,2
CHEMBL2200,1
CHEMBL2202,1
CHEMBL2206,1
CHEMBL221,1
CHEMBL222,0
CHEMBL223,1
CHEMBL224,0
CHEMBL2249,1
CHEMBL225,1
CHEMBL226,1
CHEMBL227,1
CHEMBL228,1
CHEMBL229,0
CHEMBL230,1
CHEMBL231,1
CHEMBL232,1
CHEMBL2326,2
CHEMBL2327,2
CHEMBL2335,1
CHEMBL235,0
CHEMBL236,0
CHEMBL2360,1
CHEMBL237,0
CHEMBL238,1
CHEMBL2388,1
CHEMBL239,1
CHEMBL2392,1
CHEMBL2399,3
CHEMBL240,1
CHEMBL2401,1
CHEMBL241,1
CHEMBL2412,1
CHEMBL2413,1
CHEMBL2414,0
CHEMBL2419,1
CHEMBL242,1
CHEMBL2421,2
CHEMBL2428,1
CHEMBL2430,1
CHEMBL2433,2
CHEMBL2434,1
CHEMBL2438,2
CHEMBL2439,1
CHEMBL244,1
CHEMBL2441,1
CHEMBL2442,0
CHEMBL2443,1
CHEMBL2447,1
CHEMBL245,1
CHEMBL2457,1
CHEMBL246,0
CHEMBL2460,1
CHEMBL2461,1
CHEMBL2465,0
CHEMBL2468,2
CHEMBL2469,2
CHEMBL2476,1
CHEMBL2478,0
CHEMBL248,0
CHEMBL2484,2
CHEMBL2487,1
CHEMBL249,1
CHEMBL2490,0
CHEMBL2492,1
CHEMBL2493,2
CHEMBL2494,1
CHEMBL2498,0
CHEMBL250,2
CHEMBL2502,2
CHEMBL2503,1
CHEMBL2506,0
CHEMBL2508,0
CHEMBL251,1
CHEMBL2514,1
CHEMBL2517,1
CHEMBL252,1
CHEMBL2524,1
CHEMBL2525,1
CHEMBL2527,0
CHEMBL253,2
CHEMBL2531,2
CHEMBL2534,1
CHEMBL2536,1
CHEMBL254,1
CHEMBL255,1
CHEMBL2552,1
CHEMBL2553,1
CHEMBL2559,1
CHEMBL256,1
CHEMBL2575,1
CHEMBL258,0
CHEMBL2581,1
CHEMBL2582,1
CHEMBL259,1
CHEMBL2595,1
CHEMBL2597,1
CHEMBL2599,0
CHEMBL2600,1
CHEMBL2608,1
CHEMBL2609,2
CHEMBL2626,2
CHEMBL2632,0
CHEMBL2634,1
CHEMBL264,3
CHEMBL2641,1
CHEMBL2650,1
CHEMBL2652,1
CHEMBL2655,1
CHEMBL2656,2
CHEMBL267,0
CHEMBL268,1
CHEMBL2692,1
CHEMBL271,1
CHEMBL2736,0
CHEMBL274,1
CHEMBL275,1
CHEMBL2754,1
CHEMBL278,1
CHEMBL279,0
CHEMBL2796,2
CHEMBL280,0
CHEMBL281,0
CHEMBL2835,0
CHEMBL2847,1
CHEMBL2849,2
CHEMBL2882,1
CHEMBL2883,1
CHEMBL2885,2
CHEMBL2886,1
CHEMBL2887,0
CHEMBL2888,0
CHEMBL2896,1
CHEMBL2897,0
CHEMBL2918,1
CHEMBL2938,1
CHEMBL2940,0
CHEMBL2959,0
CHEMBL2960,0
CHEMBL2963,2
CHEMBL2964,0
CHEMBL2971,0
CHEMBL2972,1
CHEMBL2979,1
CHEMBL3023,1
CHEMBL3024,1
CHEMBL3025,0
CHEMBL3028,1
CHEMBL3030,0
CHEMBL3038,2
CHEMBL3040,1
CHEMBL3043,1
CHEMBL3076,1
CHEMBL3079,3
CHEMBL3080,1
CHEMBL3123,2
CHEMBL3125,2
CHEMBL3126,1
CHEMBL3142,1
CHEMBL3143,1
CHEMBL3155,1
CHEMBL3157,1
CHEMBL3164,1
CHEMBL3167,1
CHEMBL3191,1
CHEMBL3201,1
CHEMBL3230,1
CHEMBL3231,0
CHEMBL3233,0
CHEMBL3240,1
CHEMBL3253,1
CHEMBL3254,1
CHEMBL3256,1
CHEMBL3276,1
CHEMBL3311,1
CHEMBL3351,1
CHEMBL3371,1
CHEMBL3373,1
CHEMBL3379,1
CHEMBL3409,0
CHEMBL3419,1
CHEMBL3421,1
CHEMBL3429,1
CHEMBL3438,1
CHEMBL3473,1
CHEMBL3474,2
CHEMBL3475,1
CHEMBL3477,1
CHEMBL3478,1
CHEMBL3510,1
CHEMBL3514,1
CHEMBL3568,0
CHEMBL3572,1
CHEMBL3582,1
CHEMBL3595,1
CHEMBL3610,0
CHEMBL3636,1
CHEMBL3650,0
CHEMBL3708,1
CHEMBL3710,1
CHEMBL3721,0
CHEMBL3723,1
CHEMBL3724,1
CHEMBL3727,1
CHEMBL3764,1
CHEMBL3768,1
CHEMBL3769,0
CHEMBL3770,2
CHEMBL3775,1
CHEMBL3816,1
CHEMBL3817,1
CHEMBL3819,1
CHEMBL3841,1
CHEMBL3856,1
CHEMBL3861,1
CHEMBL3863,0
CHEMBL3892,1
CHEMBL3898,1
CHEMBL3911,1
CHEMBL3913,2
CHEMBL3958,1
CHEMBL3961,1
CHEMBL3969,2
CHEMBL3974,1
CHEMBL4018,0
CHEMBL402,1
CHEMBL4068,1
CHEMBL4069,0
CHEMBL4071,1
CHEMBL4072,1
CHEMBL4074,1
CHEMBL4076,1
CHEMBL4121,1
CHEMBL4142,0
CHEMBL4237,1
CHEMBL4271,1
CHEMBL4273,1
CHEMBL4305,1
CHEMBL4306,1
CHEMBL4315,1
CHEMBL4330,0
CHEMBL4425,1
CHEMBL4429,0
CHEMBL4467,2
CHEMBL4469,1
CHEMBL4478,1
CHEMBL4549,0
CHEMBL4550,2
CHEMBL4551,1
CHEMBL4573,1
CHEMBL4589,1
CHEMBL4605,0
CHEMBL4607,1
CHEMBL4608,0
CHEMBL4617,1
CHEMBL4633,1
CHEMBL4708,1
CHEMBL4712,2
CHEMBL4714,2
CHEMBL4715,1
CHEMBL4716,1
CHEMBL4744,1
CHEMBL4761,1
CHEMBL4762,1
CHEMBL4763,1
CHEMBL4770,1
CHEMBL4777,1
CHEMBL4790,1
CHEMBL4794,1
CHEMBL4805,1
CHEMBL4806,1
CHEMBL4808,1
CHEMBL4811,1
CHEMBL4812,0
CHEMBL4813,1
CHEMBL4815,2
CHEMBL4816,0
CHEMBL4820,1
CHEMBL4829,1
CHEMBL4832,1
CHEMBL4833,2
CHEMBL4834,1
CHEMBL4835,1
CHEMBL4863,2
CHEMBL4865,1
CHEMBL4866,1
CHEMBL4867,2
CHEMBL4868,2
CHEMBL4869,1
CHEMBL4872,1
CHEMBL4873,1
CHEMBL4876,1
CHEMBL4878,1
CHEMBL4880,1
CHEMBL4881,1
CHEMBL4883,1
CHEMBL4892,0
CHEMBL4894,0
CHEMBL4924,1
CHEMBL4925,1
CHEMBL4928,0
CHEMBL4939,0
CHEMBL4940,1
CHEMBL4941,1
CHEMBL4942,1
CHEMBL4945,2
CHEMBL4947,1
CHEMBL4949,1
CHEMBL4977,0
CHEMBL4983,1
CHEMBL4985,2
CHEMBL5100,2
CHEMBL5103,1
CHEMBL5113,0
CHEMBL5135,1
CHEMBL5136,2
CHEMBL5444,1
