drug,her2_pathway_enrichment_similarity
CHEMBL1778,0.07827754598195953
CHEMBL1782,0.030521885188985295
CHEMBL1783,0.11707736264074613
CHEMBL1785,0.05462600741796267
CHEMBL1786,0.020287797192568412
CHEMBL1787,0.03756615934747615
CHEMBL1790,0.06620501619882671
CHEMBL1791,0.03469949430236266
CHEMBL1793,0.04216955705389611
CHEMBL1795,0.02636407672938146
CHEMBL1798,0.06389544467970075
CHEMBL1800,0.04216955705389611
CHEMBL1803,0.06672626305797533
CHEMBL1804,0.042885324837406695
CHEMBL1806,0.06184962007678983
CHEMBL1807,0.05645021695047471
CHEMBL1808,0.025066101776662818
CHEMBL1811,0.03676861470460021
CHEMBL1817,0.05944690693887264
CHEMBL1821,0.04327893136384425
CHEMBL1822,0.058016913979388504
CHEMBL1824,0.19848680753778053
CHEMBL1827,0.06121252315322441
CHEMBL1832,0.039041423519002395
CHEMBL1833,0.04086604497438928
CHEMBL1835,0.04172653131499852
CHEMBL1836,0.036107962506666105
CHEMBL1839,0.04999286073605376
CHEMBL1842,0.05645736716483811
CHEMBL1843,0.03238566938615681
CHEMBL1845,0.04824149578082308
CHEMBL1846,0.04141626843873387
CHEMBL1851,0.057764390946513505
CHEMBL1854,0.03860103560983537
CHEMBL1855,0.039307302517403525
CHEMBL1856,0.03756615934747615
CHEMBL1859,0.05970228038863836
CHEMBL1860,0.05867703562037649
CHEMBL1861,0.02242369750822675
CHEMBL1864,0.03612588096814939
CHEMBL1867,0.06539323951403087
CHEMBL1868,0.051006974231680505
CHEMBL1869,0.02242369750822675
CHEMBL1871,0.09653544780117175
CHEMBL1874,0.026916023745691374
CHEMBL1875,0.04020539277645518
CHEMBL1876,0.026916023745691374
CHEMBL1881,0.036107962506666105
CHEMBL1882,0.017740596552967888
CHEMBL1883,0.017740596552967888
CHEMBL1886,0.06321215005994296
CHEMBL1889,0.047666904081249135
CHEMBL1892,0.032732445964243524
CHEMBL1893,0.04018506607515858
CHEMBL1898,0.03923413980572478
CHEMBL1899,0.030727614586321676
CHEMBL1900,0.028437768588276194
CHEMBL1901,0.04462990484564901
CHEMBL1903,0.034102206825047464
CHEMBL1904,0.11445969366378846
CHEMBL1905,0.1819571755996213
CHEMBL1907,0.040482723600238454
CHEMBL1910,0.025966463993362034
CHEMBL1911,0.030128317198468056
CHEMBL1912,0.027162146044605387
CHEMBL1913,0.08253944889810952
CHEMBL1914,0.048915342609976376
CHEMBL1916,0.06539323951403087
CHEMBL1919,0.038649217974486914
CHEMBL1920,0.051048570374904775
CHEMBL1925,0.045122262347204824
CHEMBL1927,0.10709129029067274
CHEMBL1929,0.038036049192508206
CHEMBL1935,0.042864683431464816
CHEMBL1936,0.13803880282368364
CHEMBL1940,0.06359417414427354
CHEMBL1941,0.04020539277645518
CHEMBL1942,0.05565105430556079
CHEMBL1944,0.07038292896473586
CHEMBL1947,0.05867703562037649
CHEMBL1950,0.04267218740992003
CHEMBL1951,0.04709242823804566
CHEMBL1952,0.05260475628910671
CHEMBL1957,0.08216646893212379
CHEMBL1958,0.03800803464537933
CHEMBL1959,0.06530333697695062
CHEMBL1962,0.051048570374904775
CHEMBL1963,0.03860103560983537
CHEMBL1966,0.01754158198376215
CHEMBL1968,0.026701283507715837
CHEMBL1969,0.03620827912214026
CHEMBL1970,0.03720172325998198
CHEMBL1971,0.05822648029823273
CHEMBL1972,0.07369547598552598
CHEMBL1975,0.06500516501619125
CHEMBL1976,0.0391866797165208
CHEMBL1977,0.06580034420421339
CHEMBL1978,0.04461276752574034
CHEMBL1981,0.06396233999899975
CHEMBL1983,0.03923413980572478
CHEMBL1985,0.05688363294952238
CHEMBL1987,0.03676861470460021
CHEMBL1988,0.02636407672938146
CHEMBL1989,0.05289718777375224
CHEMBL1991,0.20320698411124183
CHEMBL1992,0.06568005827121796
CHEMBL1993,0.08594814634330092
CHEMBL1994,0.06952130946285531
CHEMBL1995,0.04637612005125729
CHEMBL1996,0.05770149970336634
CHEMBL1997,0.02262616805352711
CHEMBL2000,0.0422865355338187
CHEMBL2001,0.051863834463743354
CHEMBL2002,0.058016913979388504
CHEMBL2004,0.051531156639781805
CHEMBL2008,0.06154748624855291
CHEMBL2014,0.042885324837406695
CHEMBL2015,0.09414929722879845
CHEMBL202,0.058342081285635256
CHEMBL2023,0.045029536998624387
CHEMBL2027,0.0
CHEMBL203,0.23793218524357868
CHEMBL2033,0.04461276752574034
CHEMBL2034,0.10428468278087458
CHEMBL2035,0.044910836532508755
CHEMBL2039,0.020682725269549236
CHEMBL2040,0.030505524855653346
CHEMBL2044,0.030128317198468056
CHEMBL2045,0.025349209238769065
CHEMBL2049,0.04174745328418519
CHEMBL205,0.0321508653428345
CHEMBL2050,0.047770019884459884
CHEMBL2055,0.08781921110547575
CHEMBL2056,0.04020539277645518
CHEMBL2057,0.058342081285635256
CHEMBL2059,0.032427578391127865
CHEMBL206,0.1450009105273949
CHEMBL2060,0.07442331300397909
CHEMBL2061,0.1478100694543763
CHEMBL2062,0.04141626843873387
CHEMBL2063,0.020539083019181663
CHEMBL2064,0.06151435634590984
CHEMBL2066,0.0217922115752095
CHEMBL2069,0.05547920311670608
CHEMBL207,0.15306223435458283
CHEMBL2070,0.17515653484963528
CHEMBL2071,0.052215481135806534
CHEMBL2074,0.022758313056048002
CHEMBL2075,0.05814784686375656
CHEMBL2076,0.031466976069151664
CHEMBL2079,0.030216949948600705
CHEMBL208,0.10633135726625367
CHEMBL2081,0.03744688192899463
CHEMBL2083,0.0695489907997333
CHEMBL2084,0.031984622345654884
CHEMBL2085,0.06310199790634967
CHEMBL2086,0.024968837065211476
CHEMBL2088,0.03353385178896194
CHEMBL209,0.04844318521214925
CHEMBL2094,0.045541545671324825
CHEMBL2099,0.05124977024330634
CHEMBL210,0.07196465076973255
CHEMBL2100,0.03330730343634142
CHEMBL2102,0.07406293701132083
CHEMBL2104,0.05548821496501279
CHEMBL2105,0.03809967400366422
CHEMBL2106,0.06803258169957038
CHEMBL2107,0.092201923379398
CHEMBL2108,0.07297568231755813
CHEMBL2109,0.12372714214578354
CHEMBL2114,0.03513670953593571
CHEMBL2116,0.1297602954622838
CHEMBL2117,0.12130604761868555
CHEMBL212,0.13347845381444562
CHEMBL2120,0.21094150290585603
CHEMBL2121,0.05017783204809533
CHEMBL2123,0.03513670953593571
CHEMBL2127,0.040933621375456454
CHEMBL213,0.04435546175791511
CHEMBL2131,0.0382330365545551
CHEMBL2139,0.025399632871493702
CHEMBL2147,0.07791381702612385
CHEMBL2148,0.0968137002744563
CHEMBL215,0.05501250440841687
CHEMBL2156,0.02636407672938146
CHEMBL2158,0.05049359521558963
CHEMBL2159,0.0341382460895958
CHEMBL216,0.044910836532508755
CHEMBL2160,0.04645584600897029
CHEMBL2161,0.03093686679255407
CHEMBL2164,0.11102157727755183
CHEMBL2167,0.3379564457508589
CHEMBL217,0.030807412089214527
CHEMBL2171,0.15283471846948932
CHEMBL218,0.040572377418020354
CHEMBL2182,0.03923413980572478
CHEMBL2184,0.03149121715022275
CHEMBL2185,0.11268909868954756
CHEMBL219,0.03923413980572478
CHEMBL2193,0.042756625043253574
CHEMBL2194,0.02979969615274245
CHEMBL220,0.042840608818512205
CHEMBL2200,0.03990344743510381
CHEMBL2202,0.031466976069151664
CHEMBL2206,0.040257966153788884
CHEMBL221,0.035892424441704956
CHEMBL222,0.02877443973447113
CHEMBL223,0.04753755969273602
CHEMBL224,0.04086604497438928
CHEMBL2249,0.03262806541444635
CHEMBL225,0.04086604497438928
CHEMBL226,0.03513670953593571
CHEMBL227,0.059938577202270533
CHEMBL228,0.02432184645164714
CHEMBL229,0.04753755969273602
CHEMBL230,0.05994844888269785
CHEMBL231,0.04086604497438928
CHEMBL232,0.04753755969273602
CHEMBL2326,0.01224823255879283
CHEMBL2327,0.04174745328418519
CHEMBL2335,0.04227961376609108
CHEMBL235,0.10491401618022039
CHEMBL236,0.05778008557518657
CHEMBL2360,0.03021002337655335
CHEMBL237,0.05897853639421104
CHEMBL238,0.03215636827989965
CHEMBL2388,0.030034039156895367
CHEMBL239,0.10396509203109225
CHEMBL2392,0.046395289383403496
CHEMBL2399,0.0634872199673153
CHEMBL240,0.02959753562471995
CHEMBL2401,0.06023858230084405
CHEMBL241,0.03705102437628204
CHEMBL2412,0.17460878374391675
CHEMBL2413,0.05783838600305148
CHEMBL2414,0.04490856146392866
CHEMBL2419,0.0301606056227766
CHEMBL242,0.08188283271052141
CHEMBL2421,0.04564126644724047
CHEMBL2428,0.04498616283825195
CHEMBL2430,0.04141626843873387
CHEMBL2433,0.028244818332732707
CHEMBL2434,0.055106278015898374
CHEMBL2438,0.032185114980595765
CHEMBL2439,0.030791733887754493
CHEMBL244,0.03904065197206087
CHEMBL2441,0.027893958166389808
CHEMBL2442,0.05784896606143024
CHEMBL2443,0.04681506019770333
CHEMBL2447,0.01568966789943111
CHEMBL245,0.057433232527474974
CHEMBL2457,0.03223204458692839
CHEMBL246,0.04435546175791511
CHEMBL2465,0.01754158198376215
CHEMBL2468,0.0310643552594118
CHEMBL2469,0.01754158198376215
CHEMBL2476,0.04794349052127808
CHEMBL2478,0.0
CHEMBL248,0.08582290960692265
CHEMBL2484,0.02011594568103546
CHEMBL2487,0.1679506969190825
CHEMBL249,0.057386818613799864
CHEMBL2490,0.04086604497438928
CHEMBL2492,0.02172770464367473
CHEMBL2493,0.041741800693039344
CHEMBL2494,0.09289665368893524
CHEMBL2498,0.30277430067205924
CHEMBL250,0.06713440586360252
CHEMBL2502,0.03246446196240832
CHEMBL2503,0.030034039156895367
CHEMBL2506,0.31819018011514905
CHEMBL2508,0.10392090979023998
CHEMBL251,0.05590473212504766
CHEMBL2514,0.04462990484564901
CHEMBL2517,0.0300310723702316
CHEMBL252,0.04462990484564901
CHEMBL2524,0.03594684810179209
CHEMBL2527,0.11310145360407511
CHEMBL253,0.040572377418020354
CHEMBL2531,0.032372674886988764
CHEMBL2534,0.1829996430135773
CHEMBL2536,0.07413949017344236
CHEMBL254,0.04629001628751604
CHEMBL255,0.05909772654013461
CHEMBL2552,0.04175882477720112
CHEMBL2553,0.15065310216640698
CHEMBL2559,0.03057784515667283
CHEMBL256,0.03513670953593571
CHEMBL2575,0.058342081285635256
CHEMBL258,0.15576186291550775
CHEMBL2581,0.07320011594949943
CHEMBL2582,0.17109284310573264
CHEMBL259,0.05403510212833655
CHEMBL2595,0.022963392913200903
CHEMBL2597,0.16147183669518345
CHEMBL2599,0.14334198053767283
CHEMBL2600,0.07619385371667098
CHEMBL2608,0.0794239342060075
CHEMBL2609,0.032732445964243524
CHEMBL2626,0.05289718777375224
CHEMBL2632,0.09799819229908316
CHEMBL2634,0.1400402711281034
CHEMBL264,0.030807412089214527
CHEMBL2641,0.024439311979971172
CHEMBL2650,0.06489191083498863
CHEMBL2652,0.04843042751650814
CHEMBL2655,0.11024973557715063
CHEMBL2656,0.025892655585202914
CHEMBL267,0.3395773782762411
CHEMBL268,0.06308778159233304
CHEMBL2692,0.03489152837382813
CHEMBL271,0.09449832508591935
CHEMBL2736,0.041030753245800064
CHEMBL274,0.07685445543973313
CHEMBL275,0.04209774699408139
CHEMBL2754,0.11851274263176824
CHEMBL278,0.07454857058359701
CHEMBL279,0.08792971623001655
CHEMBL2796,0.05551587721428807
CHEMBL280,0.05410037655842268
CHEMBL281,0.013498172637619113
CHEMBL2835,0.16394693256566323
CHEMBL2847,0.10396509203109225
CHEMBL2849,0.09660049555693949
CHEMBL2882,0.04020539277645518
CHEMBL2883,0.04367572407033081
CHEMBL2885,0.01224823255879283
CHEMBL2886,0.07164460917399348
CHEMBL2887,0.058264774311737565
CHEMBL2888,0.034936394568543756
CHEMBL2896,0.09275182747337783
CHEMBL2897,0.1354889142904694
CHEMBL2918,0.1736594978075103
CHEMBL2938,0.0882731187679099
CHEMBL2940,0.07797687837275212
CHEMBL2959,0.052789876816018974
CHEMBL2960,0.11691934158567349
CHEMBL2963,0.030100853460955482
CHEMBL2964,0.13208740847456868
CHEMBL2971,0.18455672149943023
CHEMBL2972,0.04193903993818607
CHEMBL2979,0.037729924992807584
CHEMBL3023,0.022963392913200903
CHEMBL3024,0.15320249798595847
CHEMBL3025,0.01224823255879283
CHEMBL3028,0.055648952092401234
CHEMBL3030,0.12318478961056784
CHEMBL3038,0.027162146044605387
CHEMBL3040,0.0665024602143716
CHEMBL3043,0.02242369750822675
CHEMBL3076,0.029928349980555036
CHEMBL3079,0.021751886340302055
CHEMBL3080,0.022758313056048002
CHEMBL3123,0.0310643552594118
CHEMBL3125,0.04633029503969592
CHEMBL3126,0.05077236271816573
CHEMBL3142,0.06158702164944814
CHEMBL3143,0.06318148752733131
CHEMBL3155,0.04204224819658506
CHEMBL3157,0.04761882731850793
CHEMBL3164,0.11166516496399827
CHEMBL3167,0.03487252471372798
CHEMBL3191,0.03676861470460021
CHEMBL3201,0.045258961679419646
CHEMBL3230,0.037562722509161206
CHEMBL3233,0.09513052023520516
CHEMBL3240,0.05638295939851386
CHEMBL3253,0.10686890197821515
CHEMBL3254,0.04709242823804566
CHEMBL3256,0.06779067876358473
CHEMBL3276,0.06822508975809463
CHEMBL3311,0.06634326099212978
CHEMBL3351,0.045071849069434705
CHEMBL3371,0.04020539277645518
CHEMBL3373,0.07196465076973255
CHEMBL3379,0.034188175318874435
CHEMBL3409,0.07735811836305456
CHEMBL3419,0.03987472627932369
CHEMBL3421,0.06489191083498863
CHEMBL3429,0.06739498152025711
CHEMBL3438,0.09568389327709065
CHEMBL3473,0.04490856146392866
CHEMBL3474,0.03292446900176979
CHEMBL3475,0.0860489751654262
CHEMBL3477,0.04843042751650814
CHEMBL3478,0.06121252315322441
CHEMBL3510,0.01224823255879283
CHEMBL3514,0.027893958166389808
CHEMBL3568,0.04741547167506723
CHEMBL3572,0.05644711732288445
CHEMBL3582,0.08114391831384887
CHEMBL3595,0.056788577577059095
CHEMBL3610,0.16508018964844962
CHEMBL3636,0.04462990484564901
CHEMBL3650,0.15664639213097964
CHEMBL3708,0.1388406266605215
CHEMBL3710,0.03513670953593571
CHEMBL3721,0.05955683754353377
CHEMBL3723,0.11416844434840208
CHEMBL3724,0.042639988738922954
CHEMBL3727,0.030574954378474826
CHEMBL3764,0.04462990484564901
CHEMBL3768,0.07038292896473586
CHEMBL3769,0.04844318521214925
CHEMBL3770,0.014543320747109158
CHEMBL3775,0.10664350333532384
CHEMBL3816,0.06964086653952686
CHEMBL3817,0.08154778356702656
CHEMBL3819,0.042639988738922954
CHEMBL3841,0.024968837065211476
CHEMBL3856,0.05325229995477672
CHEMBL3861,0.07373701521072715
CHEMBL3863,0.022963392913200903
CHEMBL3892,0.05357133465055021
CHEMBL3898,0.05210404713954142
CHEMBL3911,0.03676861470460021
CHEMBL3913,0.05725934612712884
CHEMBL3958,0.04689733538847722
CHEMBL3961,0.17400112319413175
CHEMBL3969,0.01224823255879283
CHEMBL3974,0.056247117397084836
CHEMBL4018,0.042885324837406695
CHEMBL402,0.048908857661542224
CHEMBL4068,0.05135990308347384
CHEMBL4069,0.050535883409872154
CHEMBL4071,0.09580453343607723
CHEMBL4072,0.08847587209408773
CHEMBL4074,0.025066101776662818
CHEMBL4076,0.03674506380343928
CHEMBL4121,0.15180235056544597
CHEMBL4142,0.1414368112238539
CHEMBL4237,0.13569688469982177
CHEMBL4271,0.04018506607515858
CHEMBL4273,0.07328195388396234
CHEMBL4305,0.018281793739553413
CHEMBL4306,0.02959753562471995
CHEMBL4315,0.055269018322089504
CHEMBL4330,0.05784468113236668
CHEMBL4425,0.06489191083498863
CHEMBL4429,0.04174745328418519
CHEMBL4467,0.037729924992807584
CHEMBL4469,0.02949150137839744
CHEMBL4478,0.020359053838746297
CHEMBL4549,0.11422976658639017
CHEMBL4550,0.02618791132039281
CHEMBL4551,0.06897111900097042
CHEMBL4573,0.034936394568543756
CHEMBL4589,0.02783454989788548
CHEMBL4605,0.014543320747109158
CHEMBL4607,0.042885324837406695
CHEMBL4608,0.05403510212833655
CHEMBL4617,0.03620827912214026
CHEMBL4633,0.024968837065211476
CHEMBL4708,0.02255032695421585
CHEMBL4712,0.044889330514349554
CHEMBL4714,0.03676861470460021
CHEMBL4715,0.033561934572653565
CHEMBL4716,0.03705102437628204
CHEMBL4744,0.06539323951403087
CHEMBL4761,0.07160493819624655
CHEMBL4763,0.14585980817945277
CHEMBL4770,0.023173763324780404
CHEMBL4777,0.042885324837406695
CHEMBL4790,0.06612379281760887
CHEMBL4794,0.029417991178090408
CHEMBL4805,0.07931374376681814
CHEMBL4808,0.018816744187347426
CHEMBL4811,0.014322641713805193
CHEMBL4812,0.024439311979971172
CHEMBL4813,0.04461276752574034
CHEMBL4815,0.04174745328418519
CHEMBL4816,0.1858240367903086
CHEMBL4820,0.03676861470460021
CHEMBL4829,0.04528968891602344
CHEMBL4832,0.052515209472374355
CHEMBL4833,0.021751886340302055
CHEMBL4834,0.019503185610089676
CHEMBL4835,0.07406293701132083
CHEMBL4863,0.034994747979439744
CHEMBL4865,0.07651515151124044
CHEMBL4866,0.06557693987877522
CHEMBL4867,0.04111707299848198
CHEMBL4868,0.025066101776662818
CHEMBL4869,0.05242080650439571
CHEMBL4872,0.023887772481999088
CHEMBL4873,0.03353385178896194
CHEMBL4876,0.056816650623013235
CHEMBL4878,0.04867676423770567
CHEMBL4880,0.046004885554415086
CHEMBL4881,0.03668154992452803
CHEMBL4883,0.04807610129420234
CHEMBL4892,0.04753755969273602
CHEMBL4894,0.042885324837406695
CHEMBL4924,0.0633880933621182
CHEMBL4925,0.030509908314685866
CHEMBL4928,0.12451268149228116
CHEMBL4939,0.03353385178896194
CHEMBL4940,0.056680522023025384
CHEMBL4941,0.05568752846801152
CHEMBL4942,0.032372674886988764
CHEMBL4945,0.030216949948600705
CHEMBL4947,0.027840530805129996
CHEMBL4949,0.06452316712390174
CHEMBL4977,0.18559610546825325
CHEMBL4983,0.061250174665952714
CHEMBL4985,0.01759687897474113
CHEMBL5100,0.025892655585202914
CHEMBL5103,0.09444465138340263
CHEMBL5113,0.04565713428840376
CHEMBL5135,0.03440339951309629
CHEMBL5136,0.06713440586360252
CHEMBL5444,0.10162794478842017
