drug,tnbc_pathway_enrichment_similarity
CHEMBL1778,0.0005436087304296999
CHEMBL1782,0.00044272001282928
CHEMBL1783,0.0006004067379723587
CHEMBL1785,0.00048190417227165
CHEMBL1786,0.00047873659346775
CHEMBL1787,0.0004712158920977201
CHEMBL1790,0.0005109247095357312
CHEMBL1791,0.00064143980456634
CHEMBL1793,0.00048122855999015
CHEMBL1795,0.0004117704698143666
CHEMBL1798,0.0005046642882128733
CHEMBL1800,0.00048122855999015
CHEMBL1803,0.0005172530796213643
CHEMBL1804,0.0004499516073119286
CHEMBL1806,0.00055545199341177
CHEMBL1807,0.0004845087677563364
CHEMBL1808,0.0004166023645587
CHEMBL1811,0.0004807426459133334
CHEMBL1817,0.0006502415812181833
CHEMBL1821,0.00042230696311148754
CHEMBL1822,0.0005048595214027499
CHEMBL1824,0.000708434850716707
CHEMBL1827,0.0004852328742390001
CHEMBL1832,0.00048122855999015
CHEMBL1833,0.0004570297541719572
CHEMBL1835,0.0004189106533443
CHEMBL1836,0.00047330758108670004
CHEMBL1839,0.0006731190941054751
CHEMBL1842,0.00050146412183392
CHEMBL1843,0.0006468555297338333
CHEMBL1845,0.000475910683836625
CHEMBL1846,0.00061434883230985
CHEMBL1851,0.00044188367282515384
CHEMBL1854,0.00047330758108670004
CHEMBL1855,0.0004807426459133334
CHEMBL1856,0.0004712158920977201
CHEMBL1859,0.0005372518179882
CHEMBL1860,0.0005499407943611334
CHEMBL1861,0.00059432840099055
CHEMBL1864,0.0005797411559679
CHEMBL1867,0.0004665848920283824
CHEMBL1868,0.0005476339011862667
CHEMBL1869,0.00059432840099055
CHEMBL1871,0.0005630925987841218
CHEMBL1874,0.0005273428119377
CHEMBL1875,0.0004506568414634143
CHEMBL1876,0.0005273428119377
CHEMBL1881,0.00047330758108670004
CHEMBL1882,0.0004926539126606
CHEMBL1883,0.0004926539126606
CHEMBL1886,0.00052191343491925
CHEMBL1889,0.0005101809879687001
CHEMBL1892,0.0005007331275348333
CHEMBL1893,0.00044812135197523336
CHEMBL1898,0.0004382029624210143
CHEMBL1899,0.0004926539126606
CHEMBL1900,0.00047600477570430003
CHEMBL1901,0.00046877839906287144
CHEMBL1903,0.00044038125132673335
CHEMBL1904,0.0005595057870632781
CHEMBL1905,0.0005854709996410466
CHEMBL1907,0.0004680938347241667
CHEMBL1910,0.00048534731824788
CHEMBL1911,0.00046077408962195
CHEMBL1912,0.00044033979297470005
CHEMBL1913,0.0005867428516183467
CHEMBL1914,0.00049920645438264
CHEMBL1916,0.0004665848920283824
CHEMBL1919,0.00052644561766754
CHEMBL1920,0.0005305850386251715
CHEMBL1925,0.0004814657360703429
CHEMBL1927,0.0006197445946052161
CHEMBL1929,0.00048607612751165006
CHEMBL1935,0.0004795806335384333
CHEMBL1936,0.0005838372509067239
CHEMBL1940,0.0005001022572169077
CHEMBL1941,0.0004506568414634143
CHEMBL1942,0.0004626020715219749
CHEMBL1944,0.0005218639640377785
CHEMBL1947,0.0005499407943611334
CHEMBL1950,0.00048306939546944287
CHEMBL1951,0.0004819319829463153
CHEMBL1952,0.0005240017647799376
CHEMBL1957,0.0006026712760892572
CHEMBL1958,0.0004722250379981167
CHEMBL1959,0.0005469646684968
CHEMBL1962,0.0005305850386251715
CHEMBL1963,0.00047330758108670004
CHEMBL1966,0.0004904888349882501
CHEMBL1968,0.00042906342539720003
CHEMBL1969,0.0006468555297338333
CHEMBL1970,0.0004941975201849857
CHEMBL1971,0.0005355324418078
CHEMBL1972,0.0004953111949427353
CHEMBL1975,0.0005679077174039099
CHEMBL1976,0.0005484453996777001
CHEMBL1977,0.0005142821457750616
CHEMBL1978,0.00044887795757962993
CHEMBL1981,0.00057449297585914
CHEMBL1983,0.0004382029624210143
CHEMBL1985,0.0004831510497724182
CHEMBL1987,0.0004807426459133334
CHEMBL1988,0.0004117704698143666
CHEMBL1989,0.0004602019296473917
CHEMBL1991,0.0006202152085598012
CHEMBL1992,0.00053374183308736
CHEMBL1993,0.0005726336142344749
CHEMBL1994,0.0005635819023967415
CHEMBL1995,0.0004780297556263889
CHEMBL1996,0.0005765662377431
CHEMBL1997,0.000420790008766625
CHEMBL2000,0.00043413942507904444
CHEMBL2001,0.0004994685439660499
CHEMBL2002,0.0005048595214027499
CHEMBL2004,0.0005458783569773715
CHEMBL2008,0.0005470505082365901
CHEMBL2014,0.0004499516073119286
CHEMBL2015,0.0005436383880908738
CHEMBL202,0.00052999016192547
CHEMBL2023,0.00048216501178428
CHEMBL2027,0.0
CHEMBL203,0.0007268832632256986
CHEMBL2033,0.00044887795757962993
CHEMBL2034,0.0005475971896138857
CHEMBL2035,0.0004387804058935625
CHEMBL2039,0.00042906342539720003
CHEMBL2040,0.00059421864837055
CHEMBL2044,0.00046077408962195
CHEMBL2045,0.00047796025751780004
CHEMBL2049,0.00046877839906287144
CHEMBL205,0.0004899443776316333
CHEMBL2050,0.00060212633943826
CHEMBL2055,0.0005632645546235525
CHEMBL2056,0.0004506568414634143
CHEMBL2057,0.00052999016192547
CHEMBL2059,0.00051420602737485
CHEMBL206,0.0006119997865021698
CHEMBL2060,0.000465399702437245
CHEMBL2061,0.0005097217245409754
CHEMBL2062,0.00061434883230985
CHEMBL2063,0.00042591490658603335
CHEMBL2064,0.0004374577245843471
CHEMBL2066,0.00040245455557095004
CHEMBL2069,0.0005030420290084727
CHEMBL207,0.0006064232343773062
CHEMBL2070,0.0005693249592731082
CHEMBL2071,0.0005383144791305556
CHEMBL2074,0.0005195853048896333
CHEMBL2075,0.00051689400834732
CHEMBL2076,0.0004285646328928999
CHEMBL2079,0.0005605883661442667
CHEMBL208,0.0005900516514852601
CHEMBL2081,0.00040106470975982857
CHEMBL2083,0.0005327588107450307
CHEMBL2084,0.0005187263617727666
CHEMBL2085,0.0005508271553189301
CHEMBL2086,0.00040712339535483336
CHEMBL2088,0.00047796025751780004
CHEMBL209,0.00043599750835030904
CHEMBL2094,0.0004786295837431
CHEMBL2099,0.0005021522159760625
CHEMBL210,0.000506812651615775
CHEMBL2100,0.00040198193214842863
CHEMBL2102,0.0010271118363223749
CHEMBL2104,0.00049562228037725
CHEMBL2105,0.0005034042877933667
CHEMBL2106,0.0005447224780437083
CHEMBL2107,0.0005064285330861769
CHEMBL2108,0.0006154424994347497
CHEMBL2109,0.0006181585901601126
CHEMBL2114,0.00045877805553723336
CHEMBL2116,0.0005854547061776317
CHEMBL2117,0.0005883226023727696
CHEMBL212,0.0006107669228180973
CHEMBL2120,0.0006789096853410129
CHEMBL2121,0.00044344652713121006
CHEMBL2123,0.00045877805553723336
CHEMBL2127,0.00048572773035618333
CHEMBL213,0.0004341334662183125
CHEMBL2131,0.0006918765597798333
CHEMBL2139,0.00051013868264975
CHEMBL2147,0.0005807668033942071
CHEMBL2148,0.0005458360988118333
CHEMBL215,0.0004390804450272527
CHEMBL2156,0.0004117704698143666
CHEMBL2158,0.0006353365631697001
CHEMBL2159,0.00047338464266976005
CHEMBL216,0.0004387804058935625
CHEMBL2160,0.0004907098910022125
CHEMBL2161,0.0003830509563528834
CHEMBL2164,0.0005583792738946615
CHEMBL2167,0.0007699521215539035
CHEMBL217,0.00041743604156454004
CHEMBL2171,0.000636917565384602
CHEMBL218,0.00045877805553723336
CHEMBL2182,0.0004382029624210143
CHEMBL2184,0.00045851478801091665
CHEMBL2185,0.0005431433789286559
CHEMBL219,0.0004382029624210143
CHEMBL2193,0.0004611052023394444
CHEMBL2194,0.0004158281227606
CHEMBL220,0.0004973643493212
CHEMBL2200,0.0004896944674596833
CHEMBL2202,0.0004285646328928999
CHEMBL2206,0.00042829158338614286
CHEMBL221,0.0004037684441328286
CHEMBL222,0.0005273428119377
CHEMBL223,0.0004381069569378444
CHEMBL224,0.0004570297541719572
CHEMBL2249,0.00041447603458345995
CHEMBL225,0.0004570297541719572
CHEMBL226,0.00045877805553723336
CHEMBL227,0.0005111420649432546
CHEMBL228,0.000442916059714625
CHEMBL229,0.0004381069569378444
CHEMBL230,0.0004098751780631236
CHEMBL231,0.0004570297541719572
CHEMBL232,0.0004381069569378444
CHEMBL2326,0.0004790010121981
CHEMBL2327,0.00046877839906287144
CHEMBL2335,0.00047802978987669995
CHEMBL235,0.0005340271521064934
CHEMBL236,0.0004854328985088181
CHEMBL2360,0.0004700463683604667
CHEMBL237,0.00047387008289517503
CHEMBL238,0.0005136407228561168
CHEMBL2388,0.0005479499638963666
CHEMBL239,0.0005080382831845243
CHEMBL2392,0.00047762049985387004
CHEMBL2399,0.0005059142350048937
CHEMBL240,0.00040615615031440005
CHEMBL2401,0.0005012399823772615
CHEMBL241,0.000514004185229875
CHEMBL2412,0.000654437171035814
CHEMBL2413,0.00046297661465015
CHEMBL2414,0.00043929187873829997
CHEMBL2419,0.00046970217324712504
CHEMBL242,0.000565673298056375
CHEMBL2421,0.0004919309140577
CHEMBL2428,0.00046703078581827146
CHEMBL2430,0.00061434883230985
CHEMBL2433,0.0004594303946524334
CHEMBL2434,0.0004611900858704818
CHEMBL2438,0.0005195853048896333
CHEMBL2439,0.00048267972041347504
CHEMBL244,0.0004059660932771916
CHEMBL2441,0.0004613545706043667
CHEMBL2442,0.00048533779058124534
CHEMBL2443,0.0005357269940784167
CHEMBL2447,0.0004904888349882501
CHEMBL245,0.00045841099971721664
CHEMBL2457,0.00040157662937526
CHEMBL246,0.0004341334662183125
CHEMBL2465,0.0004904888349882501
CHEMBL2468,0.0005899608847318333
CHEMBL2469,0.0004904888349882501
CHEMBL2476,0.0004758695217614
CHEMBL2478,0.0
CHEMBL248,0.0006085506027392943
CHEMBL2484,0.0004926539126606
CHEMBL2487,0.0005791811611736713
CHEMBL249,0.0005111420649432546
CHEMBL2490,0.0004570297541719572
CHEMBL2492,0.0004926539126606
CHEMBL2493,0.0005101380927577667
CHEMBL2494,0.0004556734094232909
CHEMBL2498,0.0006957271885372956
CHEMBL250,0.0005020236973519143
CHEMBL2502,0.00040363796898726
CHEMBL2503,0.0005479499638963666
CHEMBL2506,0.0006863586222632557
CHEMBL2508,0.0005419136147784679
CHEMBL251,0.0005015299713633751
CHEMBL2514,0.00046877839906287144
CHEMBL2517,0.0004908652643524333
CHEMBL252,0.00046877839906287144
CHEMBL2524,0.00047275010573783334
CHEMBL2527,0.0006475054108221167
CHEMBL253,0.00045877805553723336
CHEMBL2531,0.00044791279288320003
CHEMBL2534,0.0005894408019459146
CHEMBL2536,0.0005549354842440562
CHEMBL254,0.0004861197032433286
CHEMBL255,0.0004899328346321572
CHEMBL2552,0.0004516640176781857
CHEMBL2553,0.000608276513644616
CHEMBL2559,0.00039233980157743996
CHEMBL256,0.00045877805553723336
CHEMBL2575,0.00052999016192547
CHEMBL258,0.0005935981976306529
CHEMBL2581,0.0005122147958127
CHEMBL2582,0.0006076650664310063
CHEMBL259,0.00047744313337567
CHEMBL2595,0.00042591490658603335
CHEMBL2597,0.0005636465716864586
CHEMBL2599,0.0005819460791700298
CHEMBL2600,0.0004999709101184389
CHEMBL2608,0.00076615138183281
CHEMBL2609,0.0005007331275348333
CHEMBL2626,0.0004602019296473917
CHEMBL2632,0.0005248002505827286
CHEMBL2634,0.0006430175368815115
CHEMBL264,0.00041743604156454004
CHEMBL2641,0.0003964369300846333
CHEMBL2650,0.00044476492009188235
CHEMBL2652,0.00046754874187303753
CHEMBL2655,0.000456468061641213
CHEMBL2656,0.00059432840099055
CHEMBL267,0.0007222614101290262
CHEMBL268,0.0004947532567534785
CHEMBL2692,0.0005605883661442667
CHEMBL271,0.0005469819903114304
CHEMBL2736,0.0004117450651781111
CHEMBL274,0.0004931503602770421
CHEMBL275,0.00047560779125910003
CHEMBL2754,0.0005959792818789531
CHEMBL278,0.0005188801035058118
CHEMBL279,0.0005659678237755222
CHEMBL2796,0.00056448276371835
CHEMBL280,0.0004640115176686363
CHEMBL281,0.0004687648727474
CHEMBL2835,0.0006100751936824482
CHEMBL2847,0.0005080382831845243
CHEMBL2849,0.0006848032064288563
CHEMBL2882,0.0004506568414634143
CHEMBL2883,0.0005271482086373001
CHEMBL2885,0.0004790010121981
CHEMBL2886,0.00066904756163568
CHEMBL2887,0.0005476154405403922
CHEMBL2888,0.00044777978247696667
CHEMBL2896,0.0005428956796375953
CHEMBL2897,0.0006239455744503729
CHEMBL2918,0.0005463814255495254
CHEMBL2938,0.00047419036288319266
CHEMBL2940,0.0007230050196466001
CHEMBL2959,0.0005441499207866285
CHEMBL2960,0.00045929962839549616
CHEMBL2963,0.00043097955979435004
CHEMBL2964,0.0006418582042516
CHEMBL2971,0.0006327429559777507
CHEMBL2972,0.000590084211046225
CHEMBL2979,0.00047597703479654004
CHEMBL3023,0.00042591490658603335
CHEMBL3024,0.0006070812175297666
CHEMBL3025,0.0004790010121981
CHEMBL3028,0.00077592542010655
CHEMBL3030,0.000505800347675978
CHEMBL3038,0.00044033979297470005
CHEMBL3040,0.0004947415048161268
CHEMBL3043,0.00059432840099055
CHEMBL3076,0.0005359971141433751
CHEMBL3079,0.00040932359095326664
CHEMBL3080,0.0005195853048896333
CHEMBL3123,0.0005899608847318333
CHEMBL3125,0.00058978322327388
CHEMBL3126,0.0005932646534417
CHEMBL3142,0.00060240492760889
CHEMBL3143,0.00044261676683639094
CHEMBL3155,0.0004595825383994875
CHEMBL3157,0.0004679328519115
CHEMBL3164,0.0004523350145703854
CHEMBL3167,0.0004362094866120667
CHEMBL3191,0.0004807426459133334
CHEMBL3201,0.00044408261926175553
CHEMBL3230,0.00045877805553723336
CHEMBL3233,0.0004771769147034833
CHEMBL3240,0.00052894596873769
CHEMBL3253,0.0005483695557702001
CHEMBL3254,0.0004819319829463153
CHEMBL3256,0.0005109515050671
CHEMBL3276,0.0005445570260381917
CHEMBL3311,0.0004906873260143467
CHEMBL3351,0.0004222751992434285
CHEMBL3371,0.0004506568414634143
CHEMBL3373,0.000506812651615775
CHEMBL3379,0.0004135247209623
CHEMBL3409,0.0005797261554209501
CHEMBL3419,0.00043619758614577144
CHEMBL3421,0.00044476492009188235
CHEMBL3429,0.0005253648938997
CHEMBL3438,0.0006042702862292684
CHEMBL3473,0.00043929187873829997
CHEMBL3474,0.0005523152877250167
CHEMBL3475,0.0005307109665359477
CHEMBL3477,0.00046754874187303753
CHEMBL3478,0.0004852328742390001
CHEMBL3510,0.0004790010121981
CHEMBL3514,0.0004613545706043667
CHEMBL3568,0.00044019689429003326
CHEMBL3572,0.0005275815119292222
CHEMBL3582,0.0005406373817209648
CHEMBL3595,0.0004837425453961637
CHEMBL3610,0.0006061465153305018
CHEMBL3636,0.00046877839906287144
CHEMBL3650,0.0006178284624000021
CHEMBL3708,0.0007196540427524258
CHEMBL3710,0.00045877805553723336
CHEMBL3721,0.00041426009582520585
CHEMBL3723,0.0006622307892006751
CHEMBL3724,0.00047806712819027143
CHEMBL3727,0.00047864845389096667
CHEMBL3764,0.00046877839906287144
CHEMBL3768,0.0005218639640377785
CHEMBL3769,0.00043599750835030904
CHEMBL3770,0.0003995955747363
CHEMBL3775,0.0005669288995633322
CHEMBL3816,0.0004916777623609695
CHEMBL3817,0.0005213086397594445
CHEMBL3819,0.00047806712819027143
CHEMBL3841,0.00040712339535483336
CHEMBL3856,0.0006546736882519833
CHEMBL3861,0.000827173206246043
CHEMBL3863,0.00042591490658603335
CHEMBL3892,0.0005220452065088889
CHEMBL3898,0.00045855297667079994
CHEMBL3911,0.0004807426459133334
CHEMBL3913,0.00048143258943149093
CHEMBL3958,0.00042985001513406676
CHEMBL3961,0.0006044928737092985
CHEMBL3969,0.0004790010121981
CHEMBL3974,0.0004893639421356546
CHEMBL4018,0.0004499516073119286
CHEMBL402,0.0004754653896672601
CHEMBL4068,0.0004813927809241778
CHEMBL4069,0.00047460389686155565
CHEMBL4071,0.0005640675979396832
CHEMBL4072,0.0005698171929946849
CHEMBL4074,0.0004166023645587
CHEMBL4076,0.0004221923717138
CHEMBL4121,0.0005285346188582953
CHEMBL4142,0.0006121107129783449
CHEMBL4237,0.0006376071913641242
CHEMBL4271,0.00044812135197523336
CHEMBL4273,0.0004906996903553058
CHEMBL4305,0.00044324172568015
CHEMBL4306,0.00040615615031440005
CHEMBL4315,0.0005343287052766999
CHEMBL4330,0.0005000539065527078
CHEMBL4425,0.00044476492009188235
CHEMBL4429,0.00046877839906287144
CHEMBL4467,0.00047597703479654004
CHEMBL4469,0.0004319220882888
CHEMBL4478,0.00048623654469295006
CHEMBL4549,0.0004988826883909547
CHEMBL4550,0.00041475997231676
CHEMBL4551,0.0005376023943724857
CHEMBL4573,0.00044777978247696667
CHEMBL4589,0.0003873339943639
CHEMBL4605,0.0003995955747363
CHEMBL4607,0.0004499516073119286
CHEMBL4608,0.00047744313337567
CHEMBL4617,0.0006468555297338333
CHEMBL4633,0.00040712339535483336
CHEMBL4708,0.00044105114001005
CHEMBL4712,0.0005047540305867749
CHEMBL4714,0.0004807426459133334
CHEMBL4715,0.000504888431920257
CHEMBL4716,0.000514004185229875
CHEMBL4744,0.0004665848920283824
CHEMBL4761,0.00047809430570111664
CHEMBL4763,0.0005217155961195304
CHEMBL4770,0.0004360151397346
CHEMBL4777,0.0004499516073119286
CHEMBL4790,0.0006402314542410099
CHEMBL4794,0.0008311125053902
CHEMBL4805,0.0005271974656844889
CHEMBL4808,0.0004926539126606
CHEMBL4811,0.0004904888349882501
CHEMBL4812,0.0003964369300846333
CHEMBL4813,0.00044887795757962993
CHEMBL4815,0.00046877839906287144
CHEMBL4816,0.0005706555921035098
CHEMBL4820,0.0004807426459133334
CHEMBL4829,0.00042346081102629095
CHEMBL4832,0.0005784588176866501
CHEMBL4833,0.00040932359095326664
CHEMBL4834,0.0005407926644568666
CHEMBL4835,0.0010271118363223749
CHEMBL4863,0.00044191763111068005
CHEMBL4865,0.0005960457751996571
CHEMBL4866,0.0005710366296516199
CHEMBL4867,0.0004905210072326714
CHEMBL4868,0.0004166023645587
CHEMBL4869,0.0005562770700419286
CHEMBL4872,0.0004381752504791666
CHEMBL4873,0.00047796025751780004
CHEMBL4876,0.0005210938266859556
CHEMBL4878,0.00042512254524767497
CHEMBL4880,0.0005788097168199001
CHEMBL4881,0.00050514629570814
CHEMBL4883,0.00044596301572125553
CHEMBL4892,0.0004381069569378444
CHEMBL4894,0.0004499516073119286
CHEMBL4924,0.0005601900999162181
CHEMBL4925,0.0004943181092516333
CHEMBL4928,0.00048326577661270766
CHEMBL4939,0.00047796025751780004
CHEMBL4940,0.0009064591093925333
CHEMBL4941,0.0005316209817723777
CHEMBL4942,0.00044791279288320003
CHEMBL4945,0.0005605883661442667
CHEMBL4947,0.0006651536555328499
CHEMBL4949,0.00073605476254125
CHEMBL4977,0.0006244310465820399
CHEMBL4983,0.0006217767378174333
CHEMBL4985,0.00049010809886555
CHEMBL5100,0.00059432840099055
CHEMBL5103,0.0006217954688751944
CHEMBL5113,0.00046877839906287144
CHEMBL5135,0.00042264932291700004
CHEMBL5136,0.0005020236973519143
CHEMBL5444,0.0005834836371982167
