drug,n_pathways_tnbc,mean_pathway_score_tnbc,max_pathway_score_tnbc,sum_pathway_score_tnbc
CHEMBL1778,16,0.0005436087304297488,0.0006179740906595394,0.008697739686875981
CHEMBL1782,5,0.000442720012829334,0.0005043894392236589,0.00221360006414667
CHEMBL1783,29,0.0006004067379724101,0.0010115523172975751,0.017411795401199893
CHEMBL1785,10,0.00048190417227170977,0.0005938015641085593,0.004819041722717098
CHEMBL1786,2,0.00047873659346778653,0.0004790010121981064,0.0009574731869355731
CHEMBL1787,5,0.0004712158920977398,0.0005043894392236589,0.002356079460488699
CHEMBL1790,16,0.0005109247095357717,0.0008106735657093666,0.008174795352572347
CHEMBL1791,5,0.000641439804566373,0.0013890700171119,0.003207199022831865
CHEMBL1793,6,0.00048122855999018535,0.0005491911751487,0.002887371359941112
CHEMBL1795,3,0.0004117704698143908,0.00042590084393565,0.0012353114094431723
CHEMBL1798,15,0.0005046642882129262,0.0005938015641085593,0.007569964323193894
CHEMBL1800,6,0.00048122855999018535,0.0005491911751487,0.002887371359941112
CHEMBL1803,14,0.0005172530796214075,0.000736118966900895,0.007241543114699705
CHEMBL1804,7,0.0004499516073119848,0.0005182265072725687,0.0031496612511838938
CHEMBL1806,10,0.0005554519934118098,0.000629001504085225,0.005554519934118099
CHEMBL1807,11,0.00048450876775637457,0.000645738765762075,0.00532959644532012
CHEMBL1808,3,0.0004166023645587337,0.0005009456780062192,0.001249807093676201
CHEMBL1811,6,0.0004807426459133932,0.0005938015641085593,0.002884455875480359
CHEMBL1817,6,0.0006502415812182219,0.0008102818038131285,0.0039014494873093313
CHEMBL1821,8,0.00042230696311153004,0.0005182265072725687,0.0033784557048922403
CHEMBL1822,12,0.0005048595214027842,0.00057686640484815,0.00605831425683341
CHEMBL1824,58,0.0007084348507167414,0.0009405602640435332,0.041089221341571
CHEMBL1827,11,0.000485232874239031,0.00072652745029195,0.005337561616629341
CHEMBL1832,6,0.00048122855999018535,0.0005491911751487,0.002887371359941112
CHEMBL1833,7,0.00045702975417200844,0.0005938015641085593,0.003199208279204059
CHEMBL1835,10,0.00041891065334433484,0.0005043894392236589,0.004189106533443348
CHEMBL1836,6,0.00047330758108674997,0.0005491911751487,0.0028398454865205
CHEMBL1839,4,0.0006731190941054892,0.0007519097872204,0.0026924763764219566
CHEMBL1842,10,0.0005014641218339461,0.0005673045318414598,0.005014641218339461
CHEMBL1843,3,0.0006468555297338522,0.0007519097872204,0.0019405665892015564
CHEMBL1845,8,0.0004759106838366737,0.0005868213347151825,0.0038072854706933897
CHEMBL1846,6,0.0006143488323098839,0.0013890700171119,0.003686092993859303
CHEMBL1851,13,0.00044188367282518794,0.0005043894392236589,0.005744487746727443
CHEMBL1854,6,0.00047330758108674997,0.0005491911751487,0.0028398454865205
CHEMBL1855,6,0.0004807426459133932,0.0005938015641085593,0.002884455875480359
CHEMBL1856,5,0.0004712158920977398,0.0005043894392236589,0.002356079460488699
CHEMBL1859,10,0.0005372518179882571,0.0007955579593290546,0.005372518179882571
CHEMBL1860,9,0.0005499407943611781,0.000599457654030444,0.004949467149250603
CHEMBL1861,2,0.0005943284009905783,0.0007096557897830501,0.0011886568019811566
CHEMBL1864,3,0.0005797411559679467,0.00066485240794668,0.0017392234679038403
CHEMBL1867,17,0.00046658489202841975,0.00066485240794668,0.007931943164483136
CHEMBL1868,6,0.0005476339011863242,0.0006409639660670516,0.003285803407117945
CHEMBL1869,2,0.0005943284009905783,0.0007096557897830501,0.0011886568019811566
CHEMBL1871,23,0.0005630925987841651,0.000708536687292325,0.012951129772035799
CHEMBL1874,4,0.0005273428119377244,0.0008106735657093666,0.0021093712477508976
CHEMBL1875,7,0.00045065684146345714,0.0005491911751487,0.0031545978902442
CHEMBL1876,4,0.0005273428119377244,0.0008106735657093666,0.0021093712477508976
CHEMBL1881,6,0.00047330758108674997,0.0005491911751487,0.0028398454865205
CHEMBL1882,3,0.0004926539126606618,0.0005054886485959464,0.0014779617379819853
CHEMBL1883,3,0.0004926539126606618,0.0005054886485959464,0.0014779617379819853
CHEMBL1886,14,0.0005219134349192912,0.0008106735657093666,0.007306788088870076
CHEMBL1889,9,0.0005101809879687538,0.0008106735657093666,0.004591628891718784
CHEMBL1892,3,0.0005007331275348521,0.0007096557897830501,0.0015021993826045564
CHEMBL1893,6,0.0004481213519752861,0.0004931057336792899,0.0026887281118517167
CHEMBL1898,7,0.00043820296242106293,0.0005182265072725687,0.0030674207369474405
CHEMBL1899,3,0.0004926539126606618,0.0005054886485959464,0.0014779617379819853
CHEMBL1900,5,0.00047600477570433576,0.0005043894392236589,0.002380023878521679
CHEMBL1901,7,0.00046877839906293037,0.0005938015641085593,0.0032814487934405127
CHEMBL1903,6,0.00044038125132678485,0.0004931057336792899,0.002642287507960709
CHEMBL1904,32,0.000559505787063333,0.0008304627284669858,0.017904185186026655
CHEMBL1905,73,0.0005854709996410864,0.001136726839655,0.04273938297379931
CHEMBL1907,6,0.00046809383472419384,0.0005673045318414598,0.002808563008345163
CHEMBL1910,5,0.00048534731824792266,0.00050197665777845,0.0024267365912396133
CHEMBL1911,4,0.00046077408962202085,0.0004931057336792899,0.0018430963584880834
CHEMBL1912,3,0.00044033979297473285,0.0005201500436453792,0.0013210193789241985
CHEMBL1913,15,0.0005867428516183922,0.0007432413772932941,0.008801142774275884
CHEMBL1914,10,0.0004992064543826898,0.0006389875419489833,0.004992064543826898
CHEMBL1916,17,0.00046658489202841975,0.00066485240794668,0.007931943164483136
CHEMBL1919,5,0.0005264456176676026,0.00060014169080395,0.0026322280883380126
CHEMBL1920,7,0.0005305850386252203,0.0008031264859969046,0.003714095270376542
CHEMBL1925,7,0.00048146573607038177,0.0005491911751487,0.0033702601524926725
CHEMBL1927,25,0.0006197445946052556,0.0013370010511974,0.015493614865131391
CHEMBL1929,6,0.00048607612751168497,0.0005479474365246761,0.0029164567650701097
CHEMBL1935,9,0.0004795806335384665,0.0007375955243429,0.004316225701846198
CHEMBL1936,42,0.0005838372509067636,0.0008521465137426999,0.024521164538084072
CHEMBL1940,13,0.0005001022572169496,0.0007955579593290546,0.006501329343820345
CHEMBL1941,7,0.00045065684146345714,0.0005491911751487,0.0031545978902442
CHEMBL1942,12,0.00046260207152201666,0.00066485240794668,0.0055512248582642
CHEMBL1944,14,0.0005218639640378147,0.0008203549520406166,0.0073060954965294056
CHEMBL1947,9,0.0005499407943611781,0.000599457654030444,0.004949467149250603
CHEMBL1950,7,0.00048306939546947805,0.0005340445333531314,0.0033814857682863465
CHEMBL1951,13,0.0004819319829463543,0.0005773690305196068,0.006265115778302606
CHEMBL1952,8,0.0005240017647799749,0.0005779818484811032,0.004192014118239799
CHEMBL1957,14,0.0006026712760892989,0.0007525872165725572,0.008437397865250185
CHEMBL1958,6,0.0004722250379981332,0.0005043894392236589,0.002833350227988799
CHEMBL1959,11,0.0005469646684968366,0.00068135411495645,0.006016611353465203
CHEMBL1962,7,0.0005305850386252203,0.0008031264859969046,0.003714095270376542
CHEMBL1963,6,0.00047330758108674997,0.0005491911751487,0.0028398454865205
CHEMBL1966,2,0.0004904888349882783,0.00050197665777845,0.0009809776699765565
CHEMBL1968,3,0.00042906342539722974,0.0004790010121981064,0.0012871902761916892
CHEMBL1969,3,0.0006468555297338522,0.0007519097872204,0.0019405665892015564
CHEMBL1970,7,0.0004941975201850215,0.0006175026472933751,0.0034593826412951507
CHEMBL1971,11,0.0005355324418078429,0.0008106735657093666,0.005890856859886272
CHEMBL1972,17,0.0004953111949427915,0.0005682707195867792,0.008420290314027455
CHEMBL1975,10,0.0005679077174039537,0.0006988080319964818,0.005679077174039537
CHEMBL1976,4,0.0005484453996777098,0.0005760236835499,0.0021937815987108393
CHEMBL1977,13,0.0005142821457751001,0.000599457654030444,0.006685667895076302
CHEMBL1978,10,0.00044887795757965726,0.0005043894392236589,0.004488779575796573
CHEMBL1981,10,0.0005744929758591791,0.0007145484551045538,0.005744929758591791
CHEMBL1983,7,0.00043820296242106293,0.0005182265072725687,0.0030674207369474405
CHEMBL1985,11,0.0004831510497724544,0.0005938015641085593,0.005314661547496998
CHEMBL1987,6,0.0004807426459133932,0.0005938015641085593,0.002884455875480359
CHEMBL1988,3,0.0004117704698143908,0.00042590084393565,0.0012353114094431723
CHEMBL1989,12,0.0004602019296474319,0.0005166505408682133,0.0055224231557691825
CHEMBL1991,82,0.0006202152085598416,0.0010381890292212,0.050857647101907016
CHEMBL1992,15,0.0005337418330873939,0.0006177310951590334,0.008006127496310909
CHEMBL1993,20,0.0005726336142345128,0.0007769222173077666,0.011452672284690255
CHEMBL1994,12,0.0005635819023967869,0.000708536687292325,0.006762982828761443
CHEMBL1995,9,0.00047802975562643316,0.0005491911751487,0.004302267800637898
CHEMBL1996,8,0.0005765662377431497,0.0007079652746728817,0.004612529901945198
CHEMBL1997,4,0.00042079000876665026,0.000490427266670575,0.001683160035066601
CHEMBL2000,9,0.00043413942507906846,0.0005340445333531314,0.003907254825711616
CHEMBL2001,10,0.0004994685439661089,0.0006694861850876889,0.004994685439661089
CHEMBL2002,12,0.0005048595214027842,0.00057686640484815,0.00605831425683341
CHEMBL2004,7,0.0005458783569774123,0.0006175026472933751,0.0038211484988418865
CHEMBL2008,10,0.000547050508236646,0.0006175026472933751,0.00547050508236646
CHEMBL2014,7,0.0004499516073119848,0.0005182265072725687,0.0031496612511838938
CHEMBL2015,23,0.0005436383880909268,0.00073858373037515,0.012503682926091317
CHEMBL202,10,0.0005299901619255021,0.0007576956480402,0.0052999016192550215
CHEMBL2023,10,0.00048216501178432347,0.00057686640484815,0.0048216501178432345
CHEMBL203,78,0.0007268832632257411,0.0011938880512079666,0.05669689453160781
CHEMBL2033,10,0.00044887795757965726,0.0005043894392236589,0.004488779575796573
CHEMBL2034,28,0.0005475971896139232,0.000708536687292325,0.015332721309189851
CHEMBL2035,8,0.0004387804058936074,0.0005938015641085593,0.0035102432471488592
CHEMBL2039,3,0.00042906342539722974,0.0004790010121981064,0.0012871902761916892
CHEMBL2040,2,0.0005942186483705852,0.0006543927633880389,0.0011884372967411704
CHEMBL2044,4,0.00046077408962202085,0.0004931057336792899,0.0018430963584880834
CHEMBL2045,4,0.00047796025751785246,0.00056066427908745,0.0019118410300714098
CHEMBL2049,7,0.00046877839906293037,0.0005938015641085593,0.0032814487934405127
CHEMBL205,6,0.0004899443776316758,0.00056066427908745,0.0029396662657900545
CHEMBL2050,5,0.0006021263394382916,0.0007271131756619166,0.003010631697191458
CHEMBL2055,19,0.0005632645546236013,0.000740506171426325,0.010702026537848425
CHEMBL2056,7,0.00045065684146345714,0.0005491911751487,0.0031545978902442
CHEMBL2057,10,0.0005299901619255021,0.0007576956480402,0.0052999016192550215
CHEMBL2059,4,0.0005142060273748715,0.000622555440055825,0.002056824109499486
CHEMBL206,43,0.0006119997865022138,0.00118381999681392,0.026315990819595195
CHEMBL2060,20,0.0004653997024372784,0.0006003578762004223,0.009307994048745568
CHEMBL2061,65,0.0005097217245410184,0.000740506171426325,0.033131912095166194
CHEMBL2062,6,0.0006143488323098839,0.0013890700171119,0.003686092993859303
CHEMBL2063,3,0.0004259149065860551,0.0005043894392236589,0.0012777447197581653
CHEMBL2064,17,0.00043745772458439735,0.0005182265072725687,0.007436781317934755
CHEMBL2066,2,0.0004024545555709931,0.00040540103343701114,0.0008049091111419862
CHEMBL2069,11,0.0005030420290085337,0.0006694861850876889,0.0055334623190938705
CHEMBL207,48,0.0006064232343773566,0.0008258782208719833,0.02910831525011312
CHEMBL2070,85,0.0005693249592731596,0.0010387954510102666,0.048392621538218564
CHEMBL2071,9,0.000538314479130598,0.0008106735657093666,0.0048448303121753815
CHEMBL2074,3,0.000519585304889654,0.0005673045318414598,0.001558755914668962
CHEMBL2075,10,0.0005168940083473621,0.00065580248730912,0.005168940083473622
CHEMBL2076,7,0.0004285646328929378,0.0004995065325689052,0.0029999524302505645
CHEMBL2079,3,0.0005605883661442954,0.0006175026472933751,0.0016817650984328864
CHEMBL208,25,0.0005900516514853062,0.0008031264859969046,0.014751291287132656
CHEMBL2081,7,0.00040106470975985063,0.000490427266670575,0.0028074529683189543
CHEMBL2083,13,0.0005327588107450552,0.00071533176511,0.0069258645396857174
CHEMBL2084,3,0.0005187263617728128,0.00053508336366684,0.0015561790853184385
CHEMBL2085,10,0.0005508271553189596,0.0006543927633880389,0.005508271553189596
CHEMBL2086,3,0.00040712339535486637,0.00047936735570674907,0.0012213701860645991
CHEMBL2088,4,0.00047796025751785246,0.00056066427908745,0.0019118410300714098
CHEMBL209,11,0.0004359975083503532,0.00056066427908745,0.004795972591853885
CHEMBL2094,7,0.0004786295837431144,0.0005673045318414598,0.0033504070862018006
CHEMBL2099,8,0.0005021522159760924,0.0005270534225442525,0.0040172177278087395
CHEMBL210,16,0.0005068126516158179,0.0006542111730366815,0.008109002425853086
CHEMBL2100,7,0.0004019819321484697,0.0005043894392236589,0.0028138735250392882
CHEMBL2102,4,0.0010271118363223892,0.0013890700171119,0.004108447345289557
CHEMBL2104,10,0.0004956222803772766,0.0005583832625663333,0.004956222803772766
CHEMBL2105,6,0.0005034042877934032,0.0007096557897830501,0.0030204257267604194
CHEMBL2106,12,0.0005447224780437402,0.0006900603232269,0.006536669736524883
CHEMBL2107,26,0.0005064285330862267,0.0006809634463834166,0.013167141860241894
CHEMBL2108,20,0.000615442499434784,0.0009084021929416999,0.01230884998869568
CHEMBL2109,32,0.0006181585901601582,0.0007372521905589,0.019781074885125063
CHEMBL2114,6,0.00045877805553729006,0.0005182265072725687,0.0027526683332237405
CHEMBL2116,41,0.0005854547061776759,0.0013890700171119,0.024003642953284714
CHEMBL2117,36,0.0005883226023728124,0.0013890700171119,0.021179613685421247
CHEMBL212,36,0.0006107669228181524,0.0008258782208719833,0.021987609221453486
CHEMBL2120,69,0.0006789096853410459,0.00107247119347682,0.046844768288532165
CHEMBL2121,10,0.0004434465271312375,0.000543984260606814,0.004434465271312375
CHEMBL2123,6,0.00045877805553729006,0.0005182265072725687,0.0027526683332237405
CHEMBL2127,6,0.00048572773035620524,0.0006222342507034,0.0029143663821372314
CHEMBL213,8,0.00043413346621835,0.0005491911751487,0.0034730677297468
CHEMBL2131,3,0.0006918765597798523,0.0008869728773584,0.0020756296793395567
CHEMBL2139,2,0.000510138682649793,0.0005193316872933667,0.001020277365299586
CHEMBL2147,14,0.0005807668033942398,0.0008422796906484999,0.008130735247519357
CHEMBL2148,24,0.0005458360988118764,0.0007769222173077666,0.013100066371485032
CHEMBL215,19,0.000439080445027281,0.0006592611060193067,0.008342528455518338
CHEMBL2156,3,0.0004117704698143908,0.00042590084393565,0.0012353114094431723
CHEMBL2158,5,0.0006353365631697324,0.0008645226547058,0.003176682815848662
CHEMBL2159,5,0.0004733846426697963,0.00050197665777845,0.0023669232133489817
CHEMBL216,8,0.0004387804058936074,0.0005938015641085593,0.0035102432471488592
CHEMBL2160,8,0.0004907098910022429,0.0005673045318414598,0.003925679128017943
CHEMBL2161,6,0.0003830509563529114,0.0004790010121981064,0.0022983057381174682
CHEMBL2164,26,0.0005583792738946987,0.00071533176511,0.014517861121262165
CHEMBL2167,142,0.0007699521215539547,0.00114064673856395,0.10933320126066157
CHEMBL217,5,0.0004174360415645863,0.000505575677914468,0.0020871802078229313
CHEMBL2171,48,0.0006369175653846455,0.0015873869691749001,0.030572043138462988
CHEMBL218,6,0.00045877805553729006,0.0005182265072725687,0.0027526683332237405
CHEMBL2182,7,0.00043820296242106293,0.0005182265072725687,0.0030674207369474405
CHEMBL2184,6,0.0004585147880109832,0.0005054886485959464,0.0027510887280658993
CHEMBL2185,34,0.0005431433789287127,0.00064412186284148,0.01846687488357623
CHEMBL219,7,0.00043820296242106293,0.0005182265072725687,0.0030674207369474405
CHEMBL2193,9,0.00046110520233946957,0.0005673045318414598,0.004149946821055226
CHEMBL2194,5,0.00041582812276063085,0.000490427266670575,0.0020791406138031543
CHEMBL220,8,0.0004973643493212527,0.0006389875419489833,0.003978914794570022
CHEMBL2200,6,0.000489694467459725,0.000575452709275404,0.0029381668047583505
CHEMBL2202,7,0.0004285646328929378,0.0004995065325689052,0.0029999524302505645
CHEMBL2206,7,0.00042829158338617435,0.00051666627389345,0.0029980410837032205
CHEMBL221,7,0.0004037684441328652,0.0005043894392236589,0.0028263791089300563
CHEMBL222,4,0.0005273428119377244,0.0008106735657093666,0.0021093712477508976
CHEMBL223,9,0.0004381069569378913,0.0005938015641085593,0.003942962612441022
CHEMBL224,7,0.00045702975417200844,0.0005938015641085593,0.003199208279204059
CHEMBL2249,5,0.00041447603458350153,0.0005120884080463846,0.0020723801729175075
CHEMBL225,7,0.00045702975417200844,0.0005938015641085593,0.003199208279204059
CHEMBL226,6,0.00045877805553729006,0.0005182265072725687,0.0027526683332237405
CHEMBL227,11,0.0005111420649433057,0.0006452481610376538,0.005622562714376363
CHEMBL228,4,0.0004429160597146662,0.0004931057336792899,0.0017716642388586649
CHEMBL229,9,0.0004381069569378913,0.0005938015641085593,0.003942962612441022
CHEMBL230,17,0.00040987517806315057,0.0005773690305196068,0.00696787802707356
CHEMBL231,7,0.00045702975417200844,0.0005938015641085593,0.003199208279204059
CHEMBL232,9,0.0004381069569378913,0.0005938015641085593,0.003942962612441022
CHEMBL2326,1,0.0004790010121981064,0.0004790010121981064,0.0004790010121981064
CHEMBL2327,7,0.00046877839906293037,0.0005938015641085593,0.0032814487934405127
CHEMBL2335,6,0.00047802978987671556,0.0005673045318414598,0.0028681787392602935
CHEMBL235,30,0.0005340271521065327,0.0007332600072610364,0.01602081456319598
CHEMBL236,11,0.00048543289850886285,0.0005773690305196068,0.005339761883597491
CHEMBL2360,6,0.0004700463683605022,0.00050197665777845,0.002820278210163013
CHEMBL237,12,0.0004738700828952333,0.0005329376714561819,0.0056864409947427995
CHEMBL238,6,0.0005136407228561561,0.0008106735657093666,0.0030818443371369367
CHEMBL2388,3,0.0005479499638963855,0.00085130629886765,0.0016438498916891565
CHEMBL239,33,0.0005080382831845788,0.000599457654030444,0.0167652633450911
CHEMBL2392,10,0.0004776204998539099,0.0006542111730366815,0.004776204998539099
CHEMBL2399,16,0.0005059142350049227,0.0013890700171119,0.008094627760078764
CHEMBL240,5,0.00040615615031442423,0.00047936735570674907,0.002030780751572121
CHEMBL2401,13,0.0005012399823772987,0.0007720067050028667,0.006516119770904882
CHEMBL241,4,0.000514004185229912,0.0005491911751487,0.002056016740919648
CHEMBL2412,57,0.000654437171035861,0.0009988664770327251,0.03730291874904408
CHEMBL2413,12,0.00046297661465019986,0.0005548060070827802,0.0055557193758023985
CHEMBL2414,8,0.0004392918787383586,0.0005182265072725687,0.0035143350299068686
CHEMBL2419,4,0.00046970217324714966,0.0005043894392236589,0.0018788086929885986
CHEMBL242,16,0.0005656732980564151,0.00068672392510526,0.009050772768902642
CHEMBL2421,7,0.0004919309140577248,0.0005970096712448,0.003443516398404074
CHEMBL2428,7,0.0004670307858183031,0.0005270534225442525,0.003269215500728122
CHEMBL2430,6,0.0006143488323098839,0.0013890700171119,0.003686092993859303
CHEMBL2433,3,0.0004594303946524837,0.0005009456780062192,0.001378291183957451
CHEMBL2434,11,0.00046119008587053003,0.0005673045318414598,0.0050730909445758305
CHEMBL2438,3,0.000519585304889654,0.0005673045318414598,0.001558755914668962
CHEMBL2439,4,0.00048267972041349884,0.0005673045318414598,0.0019307188816539954
CHEMBL244,12,0.00040596609327720287,0.0005340445333531314,0.004871593119326435
CHEMBL2441,3,0.0004613545706044114,0.0005009456780062192,0.0013840637118132343
CHEMBL2442,11,0.00048533779058128356,0.0005270534225442525,0.005338715696394119
CHEMBL2443,6,0.0005357269940784677,0.00064475633761845,0.0032143619644708064
CHEMBL2447,2,0.0004904888349882783,0.00050197665777845,0.0009809776699765565
CHEMBL245,12,0.0004584109997172636,0.0005938015641085593,0.005500931996607163
CHEMBL2457,5,0.00040157662937529467,0.0005043894392236589,0.0020078831468764735
CHEMBL246,8,0.00043413346621835,0.0005491911751487,0.0034730677297468
CHEMBL2465,2,0.0004904888349882783,0.00050197665777845,0.0009809776699765565
CHEMBL2468,3,0.000589960884731862,0.00064470014855194,0.0017698826541955861
CHEMBL2469,2,0.0004904888349882783,0.00050197665777845,0.0009809776699765565
CHEMBL2476,8,0.0004758695217614508,0.0005868213347151825,0.0038069561740916064
CHEMBL248,17,0.0006085506027393415,0.00119604230965995,0.010345360246568807
CHEMBL2484,3,0.0004926539126606618,0.0005054886485959464,0.0014779617379819853
CHEMBL2487,66,0.0005791811611737131,0.0008014492583968143,0.03822595663746506
CHEMBL249,11,0.0005111420649433057,0.0006452481610376538,0.005622562714376363
CHEMBL2490,7,0.00045702975417200844,0.0005938015641085593,0.003199208279204059
CHEMBL2492,3,0.0004926539126606618,0.0005054886485959464,0.0014779617379819853
CHEMBL2493,6,0.0005101380927578317,0.0005682707195867792,0.00306082855654699
CHEMBL2494,33,0.0004556734094233373,0.0005682707195867792,0.01503722251097013
CHEMBL2498,137,0.0006957271885373442,0.001120624956804075,0.09531462482961615
CHEMBL250,14,0.0005020236973519637,0.0005938015641085593,0.0070283317629274925
CHEMBL2502,5,0.00040363796898729474,0.0005043894392236589,0.0020181898449364737
CHEMBL2503,3,0.0005479499638963855,0.00085130629886765,0.0016438498916891565
CHEMBL2506,156,0.0006863586222633028,0.001120624956804075,0.10707194507307524
CHEMBL2508,28,0.0005419136147784934,0.000955684151397325,0.015173581213797816
CHEMBL251,12,0.0005015299713634244,0.00067640613926345,0.006018359656361092
CHEMBL2514,7,0.00046877839906293037,0.0005938015641085593,0.0032814487934405127
CHEMBL2517,3,0.0004908652643524795,0.0005479474365246761,0.0014725957930574384
CHEMBL252,7,0.00046877839906293037,0.0005938015641085593,0.0032814487934405127
CHEMBL2524,6,0.00047275010573785453,0.0005673045318414598,0.002836500634427127
CHEMBL2527,24,0.0006475054108221638,0.000997673354506,0.01554012985973193
CHEMBL253,6,0.00045877805553729006,0.0005182265072725687,0.0027526683332237405
CHEMBL2531,4,0.0004479127928832096,0.0005340445333531314,0.0017916511715328385
CHEMBL2534,75,0.0005894408019459612,0.000889258083550725,0.044208060145947095
CHEMBL2536,16,0.000554935484244085,0.0008425433766022,0.00887896774790536
CHEMBL254,7,0.00048611970324336504,0.0005491911751487,0.003402837922703555
CHEMBL255,14,0.0004899328346322026,0.0005491911751487,0.006859059684850837
CHEMBL2552,7,0.00045166401767823014,0.00056066427908745,0.003161648123747611
CHEMBL2553,50,0.000608276513644667,0.0009930036330850667,0.03041382568223335
CHEMBL2559,5,0.00039233980157749314,0.0005009456780062192,0.0019616990078874658
CHEMBL256,6,0.00045877805553729006,0.0005182265072725687,0.0027526683332237405
CHEMBL2575,10,0.0005299901619255021,0.0007576956480402,0.0052999016192550215
CHEMBL258,53,0.000593598197630694,0.0007909273783305833,0.03146070447442678
CHEMBL2581,17,0.0005122147958127447,0.0007145484551045538,0.00870765152881666
CHEMBL2582,62,0.0006076650664310547,0.000820315384774925,0.03767523411872539
CHEMBL259,10,0.0004774431333757238,0.0005491911751487,0.004774431333757238
CHEMBL2595,3,0.0004259149065860551,0.0005043894392236589,0.0012777447197581653
CHEMBL2597,75,0.0005636465716865077,0.0010387954510102666,0.04227349287648808
CHEMBL2599,47,0.000581946079170071,0.0007211120840196842,0.027351465720993333
CHEMBL2600,18,0.0004999709101184757,0.0006192669426573211,0.008999476382132563
CHEMBL2608,10,0.000766151381832833,0.0013890700171119,0.0076615138183283304
CHEMBL2609,3,0.0005007331275348521,0.0007096557897830501,0.0015021993826045564
CHEMBL2626,12,0.0004602019296474319,0.0005166505408682133,0.0055224231557691825
CHEMBL2632,28,0.0005248002505827667,0.0007645634634001333,0.014694407016317468
CHEMBL2634,35,0.000643017536881561,0.0009686277661160929,0.022505613790854632
CHEMBL264,5,0.0004174360415645863,0.000505575677914468,0.0020871802078229313
CHEMBL2641,3,0.0003964369300846978,0.0005286091789337933,0.0011893107902540933
CHEMBL2650,17,0.0004447649200919135,0.0005491911751487,0.00756100364156253
CHEMBL2652,8,0.0004675487418730733,0.0005491911751487,0.0037403899349845865
CHEMBL2655,46,0.00045646806164125126,0.0005695085304192684,0.020997530835497557
CHEMBL2656,2,0.0005943284009905783,0.0007096557897830501,0.0011886568019811566
CHEMBL267,168,0.0007222614101290743,0.0019305931781411,0.12133991690168448
CHEMBL268,14,0.0004947532567535306,0.0006069975591793347,0.006926545594549428
CHEMBL2692,3,0.0005605883661442954,0.0006175026472933751,0.0016817650984328864
CHEMBL271,23,0.0005469819903114641,0.00114064673856395,0.012580585777163674
CHEMBL2736,9,0.0004117450651781505,0.0005182265072725687,0.0037057055866033545
CHEMBL274,19,0.0004931503602770893,0.00063411226533205,0.009369856845264698
CHEMBL275,6,0.00047560779125914253,0.0005182265072725687,0.0028536467475548553
CHEMBL2754,32,0.0005959792818789925,0.0008673527552214001,0.01907133702012776
CHEMBL278,17,0.0005188801035058567,0.000736118966900895,0.008820961759599562
CHEMBL279,18,0.0005659678237755704,0.0007953016612802999,0.010187420827960269
CHEMBL2796,10,0.0005644827637183783,0.0007155693194078667,0.005644827637183783
CHEMBL280,11,0.0004640115176686903,0.0006419469801820905,0.0051041266943555935
CHEMBL281,2,0.00046876487274741615,0.0004790010121981064,0.0009375297454948323
CHEMBL2835,56,0.0006100751936824936,0.0010980391895052666,0.03416421084621964
CHEMBL2847,33,0.0005080382831845788,0.000599457654030444,0.0167652633450911
CHEMBL2849,16,0.0006848032064288747,0.0013890700171119,0.010956851302861996
CHEMBL2882,7,0.00045065684146345714,0.0005491911751487,0.0031545978902442
CHEMBL2883,7,0.0005271482086373357,0.0005779818484811032,0.0036900374604613493
CHEMBL2885,1,0.0004790010121981064,0.0004790010121981064,0.0004790010121981064
CHEMBL2886,10,0.0006690475616357039,0.0013890700171119,0.006690475616357039
CHEMBL2887,13,0.0005476154405404331,0.0007432267332287251,0.007119000727025631
CHEMBL2888,6,0.000447779782477015,0.0005182265072725687,0.0026866786948620902
CHEMBL2896,22,0.000542895679637635,0.00114064673856395,0.011943704952027968
CHEMBL2897,37,0.0006239455744504207,0.0007415746306529666,0.023085986254665566
CHEMBL2918,79,0.0005463814255495651,0.0009244098553747876,0.04316413261841564
CHEMBL2938,27,0.00047419036288323836,0.0005480232010297666,0.012803139797847436
CHEMBL2940,9,0.000723005019646629,0.00136303553415465,0.006507045176819661
CHEMBL2959,7,0.0005441499207866654,0.0006458377726731347,0.003809049445506658
CHEMBL2960,51,0.0004592996283955358,0.0005695085304192684,0.023424281048172325
CHEMBL2963,4,0.0004309795597944137,0.00047707331288532995,0.0017239182391776547
CHEMBL2964,34,0.0006418582042516486,0.00097935725251066,0.021823178944556054
CHEMBL2971,65,0.0006327429559777994,0.0008839403125357499,0.04112829213855696
CHEMBL2972,4,0.0005900842110462466,0.0006900603232269,0.0023603368441849864
CHEMBL2979,5,0.0004759770347965811,0.0005479474365246761,0.0023798851739829053
CHEMBL3023,3,0.0004259149065860551,0.0005043894392236589,0.0012777447197581653
CHEMBL3024,51,0.0006070812175298207,0.0009988664770327251,0.030961142094020858
CHEMBL3025,1,0.0004790010121981064,0.0004790010121981064,0.0004790010121981064
CHEMBL3028,4,0.0007759254201065975,0.0010115523172975751,0.00310370168042639
CHEMBL3030,50,0.0005058003476760125,0.0007935599152310667,0.025290017383800625
CHEMBL3038,3,0.00044033979297473285,0.0005201500436453792,0.0013210193789241985
CHEMBL3040,15,0.0004947415048161733,0.0005779818484811032,0.007421122572242598
CHEMBL3043,2,0.0005943284009905783,0.0007096557897830501,0.0011886568019811566
CHEMBL3076,4,0.0005359971141434095,0.0007096557897830501,0.002143988456573638
CHEMBL3079,3,0.00040932359095329846,0.0004790010121981064,0.0012279707728598953
CHEMBL3080,3,0.000519585304889654,0.0005673045318414598,0.001558755914668962
CHEMBL3123,3,0.000589960884731862,0.00064470014855194,0.0017698826541955861
CHEMBL3125,5,0.0005897832232739361,0.00069173777931154,0.0029489161163696806
CHEMBL3126,6,0.0005932646534417115,0.0007609154968916,0.0035595879206502686
CHEMBL3142,10,0.0006024049276089316,0.0009098832528549,0.0060240492760893155
CHEMBL3143,22,0.0004426167668364143,0.000543984260606814,0.009737568870401114
CHEMBL3155,8,0.0004595825383995275,0.0005491911751487,0.00367666030719622
CHEMBL3157,8,0.0004679328519115566,0.0005938015641085593,0.003743462815292453
CHEMBL3164,48,0.00045233501457042337,0.0005695085304192684,0.021712080699380323
CHEMBL3167,6,0.00043620948661210815,0.0005043894392236589,0.002617256919672649
CHEMBL3191,6,0.0004807426459133932,0.0005938015641085593,0.002884455875480359
CHEMBL3201,9,0.0004440826192617897,0.0005043894392236589,0.003996743573356107
CHEMBL3230,6,0.00045877805553729006,0.0005182265072725687,0.0027526683332237405
CHEMBL3233,30,0.0004771769147035119,0.00118381999681392,0.014315307441105356
CHEMBL3240,10,0.0005289459687377351,0.0006452481610376538,0.005289459687377351
CHEMBL3253,31,0.000548369555770236,0.0007609154968916,0.016999456228877316
CHEMBL3254,13,0.0004819319829463543,0.0005773690305196068,0.006265115778302606
CHEMBL3256,14,0.000510951505067135,0.0006543927633880389,0.00715332107093989
CHEMBL3276,12,0.0005445570260382381,0.0006179740906595394,0.006534684312458857
CHEMBL3311,15,0.0004906873260143806,0.0006452481610376538,0.007360309890215708
CHEMBL3351,14,0.00042227519924346646,0.0005812390705556,0.00591185278940853
CHEMBL3371,7,0.00045065684146345714,0.0005491911751487,0.0031545978902442
CHEMBL3373,16,0.0005068126516158179,0.0006542111730366815,0.008109002425853086
CHEMBL3379,8,0.0004135247209623333,0.0005043894392236589,0.0033081977676986665
CHEMBL3409,14,0.0005797261554209799,0.0013370010511974,0.008116166175893719
CHEMBL3419,7,0.0004361975861458043,0.0005673045318414598,0.00305338310302063
CHEMBL3421,17,0.0004447649200919135,0.0005491911751487,0.00756100364156253
CHEMBL3429,13,0.0005253648938997522,0.0006987055320974428,0.006829743620696779
CHEMBL3438,19,0.0006042702862293102,0.000889258083550725,0.011481135438356892
CHEMBL3473,8,0.0004392918787383586,0.0005182265072725687,0.0035143350299068686
CHEMBL3474,6,0.0005523152877250601,0.0006389875419489833,0.0033138917263503607
CHEMBL3475,21,0.0005307109665359948,0.0009084021929416999,0.01114493029725589
CHEMBL3477,8,0.0004675487418730733,0.0005491911751487,0.0037403899349845865
CHEMBL3478,11,0.000485232874239031,0.00072652745029195,0.005337561616629341
CHEMBL3510,1,0.0004790010121981064,0.0004790010121981064,0.0004790010121981064
CHEMBL3514,3,0.0004613545706044114,0.0005009456780062192,0.0013840637118132343
CHEMBL3568,9,0.0004401968942900651,0.0005673045318414598,0.003961772048610586
CHEMBL3572,9,0.0005275815119292571,0.0006175026472933751,0.004748233607363313
CHEMBL3582,17,0.0005406373817210113,0.0008241647399241715,0.009190835489257192
CHEMBL3595,11,0.0004837425453962164,0.0005511075766126654,0.005321167999358381
CHEMBL3610,56,0.0006061465153305399,0.00101956445606645,0.033944204858510234
CHEMBL3636,7,0.00046877839906293037,0.0005938015641085593,0.0032814487934405127
CHEMBL3650,47,0.0006178284624000385,0.0009666828260392834,0.029037937732801805
CHEMBL3708,31,0.0007196540427524688,0.0013890700171119,0.022309275325326533
CHEMBL3710,6,0.00045877805553729006,0.0005182265072725687,0.0027526683332237405
CHEMBL3721,17,0.0004142600958252419,0.0005227224825863,0.007042421629029112
CHEMBL3723,24,0.0006622307892007203,0.0009988664770327251,0.015893538940817287
CHEMBL3724,7,0.0004780671281903285,0.0005938015641085593,0.0033464698973322995
CHEMBL3727,3,0.00047864845389101324,0.0004790010121981064,0.0014359453616730397
CHEMBL3764,7,0.00046877839906293037,0.0005938015641085593,0.0032814487934405127
CHEMBL3768,14,0.0005218639640378147,0.0008203549520406166,0.0073060954965294056
CHEMBL3769,11,0.0004359975083503532,0.00056066427908745,0.004795972591853885
CHEMBL3770,2,0.00039959557473631294,0.0004585287332967259,0.0007991911494726259
CHEMBL3775,28,0.0005669288995633705,0.0006836488128212875,0.015874009187774374
CHEMBL3816,23,0.0004916777623610139,0.0007149739322423714,0.01130858853430332
CHEMBL3817,18,0.000521308639759476,0.00064470014855194,0.009383555515670569
CHEMBL3819,7,0.0004780671281903285,0.0005938015641085593,0.0033464698973322995
CHEMBL3841,3,0.00040712339535486637,0.00047936735570674907,0.0012213701860645991
CHEMBL3856,6,0.000654673688252008,0.0013890700171119,0.003928042129512048
CHEMBL3861,7,0.0008271732062460633,0.0013890700171119,0.005790212443722443
CHEMBL3863,3,0.0004259149065860551,0.0005043894392236589,0.0012777447197581653
CHEMBL3892,9,0.0005220452065089448,0.00068672392510526,0.004698406858580503
CHEMBL3898,11,0.0004585529766708274,0.00066198895818605,0.005044082743379101
CHEMBL3911,6,0.0004807426459133932,0.0005938015641085593,0.002884455875480359
CHEMBL3913,11,0.00048143258943151684,0.0006457535810975333,0.005295758483746685
CHEMBL3958,9,0.00042985001513411457,0.0005012151855330801,0.0038686501362070313
CHEMBL3961,65,0.0006044928737093439,0.0008962556447185286,0.039292036791107356
CHEMBL3969,1,0.0004790010121981064,0.0004790010121981064,0.0004790010121981064
CHEMBL3974,11,0.0004893639421357046,0.0006394943644759777,0.005383003363492751
CHEMBL4018,7,0.0004499516073119848,0.0005182265072725687,0.0031496612511838938
CHEMBL402,10,0.00047546538966731995,0.0005805528754101409,0.004754653896673199
CHEMBL4068,9,0.0004813927809242289,0.0007150087621687692,0.00433253502831806
CHEMBL4069,9,0.0004746038968615941,0.0005491911751487,0.004271435071754347
CHEMBL4071,24,0.0005640675979397215,0.0013890700171119,0.013537622350553316
CHEMBL4072,20,0.0005698171929947248,0.0010350053919864,0.011396343859894496
CHEMBL4074,3,0.0004166023645587337,0.0005009456780062192,0.001249807093676201
CHEMBL4076,8,0.00042219237171382086,0.0005340445333531314,0.003377538973710567
CHEMBL4121,64,0.0005285346188583428,0.0008839403125357499,0.03382621560693394
CHEMBL4142,38,0.0006121107129783764,0.00095209204174825,0.023260207093178303
CHEMBL4237,37,0.0006376071913641739,0.0009244098553747876,0.02359146608047443
CHEMBL4271,6,0.0004481213519752861,0.0004931057336792899,0.0026887281118517167
CHEMBL4273,17,0.0004906996903553443,0.0005718786779650001,0.008341894736040854
CHEMBL4305,2,0.00044324172568019956,0.00047936735570674907,0.0008864834513603991
CHEMBL4306,5,0.00040615615031442423,0.00047936735570674907,0.002030780751572121
CHEMBL4315,10,0.0005343287052767579,0.0007149739322423714,0.00534328705276758
CHEMBL4330,13,0.0005000539065527535,0.0005938015641085593,0.006500700785185796
CHEMBL4425,17,0.0004447649200919135,0.0005491911751487,0.00756100364156253
CHEMBL4429,7,0.00046877839906293037,0.0005938015641085593,0.0032814487934405127
CHEMBL4467,5,0.0004759770347965811,0.0005479474365246761,0.0023798851739829053
CHEMBL4469,5,0.0004319220882888626,0.00047936735570674907,0.002159610441444313
CHEMBL4478,2,0.0004862365446930195,0.0004931057336792899,0.000972473089386039
CHEMBL4549,42,0.0004988826883909886,0.0006543927633880389,0.020953072912421523
CHEMBL4550,5,0.00041475997231680975,0.0005043894392236589,0.0020737998615840488
CHEMBL4551,14,0.0005376023943725179,0.0008645226547058,0.0075264335212152506
CHEMBL4573,6,0.000447779782477015,0.0005182265072725687,0.0026866786948620902
CHEMBL4589,4,0.0003873339943639198,0.0004790010121981064,0.001549335977455679
CHEMBL4605,2,0.00039959557473631294,0.0004585287332967259,0.0007991911494726259
CHEMBL4607,7,0.0004499516073119848,0.0005182265072725687,0.0031496612511838938
CHEMBL4608,10,0.0004774431333757238,0.0005491911751487,0.004774431333757238
CHEMBL4617,3,0.0006468555297338522,0.0007519097872204,0.0019405665892015564
CHEMBL4633,3,0.00040712339535486637,0.00047936735570674907,0.0012213701860645991
CHEMBL4708,2,0.00044105114001005566,0.0004830233805839113,0.0008821022800201113
CHEMBL4712,8,0.0005047540305868067,0.0007716610765774668,0.0040380322446944535
CHEMBL4714,6,0.0004807426459133932,0.0005938015641085593,0.002884455875480359
CHEMBL4715,7,0.0005048884319203084,0.0006389875419489833,0.0035342190234421587
CHEMBL4716,4,0.000514004185229912,0.0005491911751487,0.002056016740919648
CHEMBL4744,17,0.00046658489202841975,0.00066485240794668,0.007931943164483136
CHEMBL4761,18,0.0004780943057011583,0.0005673045318414598,0.00860569750262085
CHEMBL4763,59,0.0005217155961195687,0.00097935725251066,0.030781220171054554
CHEMBL4770,3,0.0004360151397346463,0.00047936735570674907,0.001308045419203939
CHEMBL4777,7,0.0004499516073119848,0.0005182265072725687,0.0031496612511838938
CHEMBL4790,10,0.0006402314542410455,0.0013890700171119,0.006402314542410455
CHEMBL4794,3,0.0008311125053902336,0.0013890700171119,0.002493337516170701
CHEMBL4805,18,0.0005271974656845196,0.0007375955243429,0.009489554382321352
CHEMBL4808,3,0.0004926539126606618,0.0005054886485959464,0.0014779617379819853
CHEMBL4811,2,0.0004904888349882783,0.00050197665777845,0.0009809776699765565
CHEMBL4812,3,0.0003964369300846978,0.0005286091789337933,0.0011893107902540933
CHEMBL4813,10,0.00044887795757965726,0.0005043894392236589,0.004488779575796573
CHEMBL4815,7,0.00046877839906293037,0.0005938015641085593,0.0032814487934405127
CHEMBL4816,81,0.0005706555921035543,0.00108358739450865,0.046223102960387896
CHEMBL4820,6,0.0004807426459133932,0.0005938015641085593,0.002884455875480359
CHEMBL4829,11,0.0004234608110263317,0.0005812390705556,0.004658068921289649
CHEMBL4832,12,0.000578458817686681,0.0008407102410442001,0.0069415058122401715
CHEMBL4833,3,0.00040932359095329846,0.0004790010121981064,0.0012279707728598953
CHEMBL4834,3,0.0005407926644569163,0.0006389875419489833,0.0016223779933707487
CHEMBL4835,4,0.0010271118363223892,0.0013890700171119,0.004108447345289557
CHEMBL4863,5,0.0004419176311107359,0.0005286091789337933,0.0022095881555536795
CHEMBL4865,14,0.0005960457751997019,0.0013890700171119,0.008344640852795826
CHEMBL4866,10,0.0005710366296516544,0.0013370010511974,0.0057103662965165445
CHEMBL4867,7,0.0004905210072327227,0.0005938015641085593,0.0034336470506290593
CHEMBL4868,3,0.0004166023645587337,0.0005009456780062192,0.001249807093676201
CHEMBL4869,7,0.0005562770700419824,0.0007955579593290546,0.0038939394902938766
CHEMBL4872,3,0.0004381752504791741,0.00050511518593,0.0013145257514375222
CHEMBL4873,4,0.00047796025751785246,0.00056066427908745,0.0019118410300714098
CHEMBL4876,9,0.0005210938266859861,0.0006192669426573211,0.004689844440173875
CHEMBL4878,12,0.00042512254524770403,0.0005043894392236589,0.0051014705429724486
CHEMBL4880,5,0.0005788097168199173,0.0006900603232269,0.0028940485840995866
CHEMBL4881,5,0.0005051462957081617,0.0007375955243429,0.0025257314785408084
CHEMBL4883,9,0.00044596301572127694,0.0005673045318414598,0.004013667141491492
CHEMBL4892,9,0.0004381069569378913,0.0005938015641085593,0.003942962612441022
CHEMBL4894,7,0.0004499516073119848,0.0005182265072725687,0.0031496612511838938
CHEMBL4924,11,0.0005601900999162774,0.00069173777931154,0.006162091099079052
CHEMBL4925,3,0.0004943181092516688,0.00050197665777845,0.0014829543277550064
CHEMBL4928,52,0.00048326577661274566,0.0006650779396503522,0.025129820383862776
CHEMBL4939,4,0.00047796025751785246,0.00056066427908745,0.0019118410300714098
CHEMBL4940,3,0.0009064591093925521,0.0013890700171119,0.0027193773281776563
CHEMBL4941,9,0.0005316209817724025,0.0007096557897830501,0.004784588835951622
CHEMBL4942,4,0.0004479127928832096,0.0005340445333531314,0.0017916511715328385
CHEMBL4945,3,0.0005605883661442954,0.0006175026472933751,0.0016817650984328864
CHEMBL4947,2,0.0006651536555328782,0.00085130629886765,0.0013303073110657565
CHEMBL4949,8,0.0007360547625412724,0.0013890700171119,0.005888438100330179
CHEMBL4977,70,0.0006244310465820848,0.0008319637350061625,0.04371017326074594
CHEMBL4983,9,0.000621776737817474,0.0013370010511974,0.005595990640357266
CHEMBL4985,2,0.0004901080988655932,0.0005012151855330801,0.0009802161977311864
CHEMBL5100,2,0.0005943284009905783,0.0007096557897830501,0.0011886568019811566
CHEMBL5103,18,0.000621795468875242,0.0007589731163405501,0.011192318439754356
CHEMBL5113,7,0.00046877839906293037,0.0005938015641085593,0.0032814487934405127
CHEMBL5135,6,0.0004226493229170202,0.00050511518593,0.0025358959375021213
CHEMBL5136,14,0.0005020236973519637,0.0005938015641085593,0.0070283317629274925
CHEMBL5444,24,0.000583483637198274,0.0006963686382371637,0.014003607292758574
