drug,luma_pathway_enrichment_similarity
CHEMBL1778,0.10246790596271313
CHEMBL1782,0.02804997749041953
CHEMBL1783,0.12585510072416578
CHEMBL1785,0.04812472508932207
CHEMBL1786,0.013847479197553195
CHEMBL1787,0.024895163326672277
CHEMBL1790,0.055354036204453914
CHEMBL1791,0.020374824857406267
CHEMBL1793,0.032487723798523445
CHEMBL1795,0.01849983424047103
CHEMBL1798,0.0667990955828415
CHEMBL1800,0.032487723798523445
CHEMBL1803,0.06484265789305117
CHEMBL1804,0.032561501095598425
CHEMBL1806,0.059721099469414965
CHEMBL1807,0.042950596543435415
CHEMBL1808,0.021098995121998573
CHEMBL1811,0.03129383557518451
CHEMBL1817,0.1023188492723856
CHEMBL1821,0.03188385025671615
CHEMBL1822,0.04756777133048011
CHEMBL1824,0.3396240554148453
CHEMBL1827,0.04127225085970845
CHEMBL1832,0.033264668429512326
CHEMBL1833,0.032792236925784625
CHEMBL1835,0.034209546328956494
CHEMBL1836,0.031465784804753164
CHEMBL1839,0.018059911121944265
CHEMBL1842,0.04288049445838712
CHEMBL1843,0.021432334600962753
CHEMBL1845,0.037722083830266304
CHEMBL1846,0.021607916149287348
CHEMBL1851,0.04917554731917203
CHEMBL1854,0.03443286278834722
CHEMBL1855,0.03427580154319947
CHEMBL1856,0.024895163326672277
CHEMBL1859,0.054951897440821226
CHEMBL1860,0.054241006673903296
CHEMBL1861,0.015211337006713566
CHEMBL1864,0.034382597221246716
CHEMBL1867,0.0627970339283295
CHEMBL1868,0.05973436024376639
CHEMBL1869,0.017072894198024546
CHEMBL1871,0.0953948933258043
CHEMBL1874,0.0218547205216991
CHEMBL1875,0.032956369201857544
CHEMBL1876,0.021890024583397113
CHEMBL1881,0.031465784804753164
CHEMBL1882,0.03087974742260064
CHEMBL1883,0.03087974742260064
CHEMBL1886,0.04853463401335805
CHEMBL1889,0.03836605341330764
CHEMBL1892,0.014082578177986348
CHEMBL1893,0.032728873841103796
CHEMBL1898,0.03214861283004938
CHEMBL1899,0.025968740872361305
CHEMBL1900,0.024643550923427827
CHEMBL1901,0.03319712109956276
CHEMBL1903,0.029387179327642017
CHEMBL1904,0.13747150640802255
CHEMBL1905,0.16988009452397368
CHEMBL1907,0.028734825418487576
CHEMBL1910,0.031068488290683392
CHEMBL1911,0.027738405405986405
CHEMBL1912,0.01466972384855814
CHEMBL1913,0.10675137045284688
CHEMBL1914,0.03875431675054131
CHEMBL1916,0.0627970339283295
CHEMBL1919,0.04386338930274784
CHEMBL1920,0.05270290330125032
CHEMBL1925,0.03786359331361608
CHEMBL1927,0.07815194057256816
CHEMBL1929,0.030168265729909445
CHEMBL1935,0.04437448982596841
CHEMBL1936,0.2369524394684898
CHEMBL1940,0.05364368788764599
CHEMBL1941,0.03199456991918695
CHEMBL1942,0.05123960985711483
CHEMBL1944,0.05757278771692306
CHEMBL1947,0.054241006673903296
CHEMBL1950,0.03259494333363836
CHEMBL1951,0.06825388347922305
CHEMBL1952,0.04564106910929893
CHEMBL1957,0.11038410616866712
CHEMBL1958,0.03367102668851211
CHEMBL1959,0.0578646644400268
CHEMBL1962,0.05270290330125032
CHEMBL1963,0.03443286278834722
CHEMBL1966,0.013711811613566454
CHEMBL1968,0.018222776685028544
CHEMBL1969,0.019066806608058234
CHEMBL1970,0.04577199421506347
CHEMBL1971,0.03844595742755976
CHEMBL1972,0.08091750578828201
CHEMBL1975,0.06639506694525699
CHEMBL1976,0.0480911388945488
CHEMBL1977,0.057227176992509274
CHEMBL1978,0.04184320259976917
CHEMBL1981,0.07697494500877809
CHEMBL1983,0.03214861283004938
CHEMBL1985,0.05017020438656776
CHEMBL1987,0.03129383557518451
CHEMBL1988,0.01849983424047103
CHEMBL1989,0.05497655382500435
CHEMBL1991,0.20896146877670432
CHEMBL1992,0.08122594932486649
CHEMBL1993,0.11377739847253614
CHEMBL1994,0.060282772772552166
CHEMBL1995,0.04428895747079251
CHEMBL1996,0.08536828016616152
CHEMBL1997,0.01931287610501315
CHEMBL2000,0.035682674350069235
CHEMBL2001,0.053691160330273234
CHEMBL2002,0.04756777133048011
CHEMBL2004,0.0437524302648288
CHEMBL2008,0.05727734676212899
CHEMBL2014,0.032561501095598425
CHEMBL2015,0.10369265490428586
CHEMBL202,0.05130812549550469
CHEMBL2023,0.052291521186854956
CHEMBL2027,0.01021945221559497
CHEMBL203,0.3283971322236677
CHEMBL2033,0.03883266352499995
CHEMBL2034,0.10785354895083074
CHEMBL2035,0.032532712811769574
CHEMBL2039,0.022579251478323938
CHEMBL2040,0.027347623559133755
CHEMBL2044,0.027738405405986405
CHEMBL2045,0.03255601442418513
CHEMBL2049,0.033728343514514314
CHEMBL205,0.03631244292602003
CHEMBL2050,0.04261405590499731
CHEMBL2055,0.09110430775501498
CHEMBL2056,0.034979867997449295
CHEMBL2057,0.05130812549550469
CHEMBL2059,0.027652447562131664
CHEMBL206,0.15836263241957166
CHEMBL2060,0.07094927693537215
CHEMBL2061,0.15627366726339675
CHEMBL2062,0.021607916149287348
CHEMBL2063,0.015095597511945572
CHEMBL2064,0.05727330762156982
CHEMBL2066,0.01792295721993517
CHEMBL2069,0.055490641448818795
CHEMBL207,0.18566914051181693
CHEMBL2070,0.1329222492579435
CHEMBL2071,0.042796567036048117
CHEMBL2074,0.025074422055633053
CHEMBL2075,0.047334793431451874
CHEMBL2076,0.04035275521859561
CHEMBL2079,0.030214434537498294
CHEMBL208,0.10232415258909179
CHEMBL2081,0.02561954748653688
CHEMBL2083,0.06140581281173988
CHEMBL2084,0.01563558678693856
CHEMBL2085,0.05059462305234035
CHEMBL2086,0.01890962125727716
CHEMBL2088,0.028490174278803085
CHEMBL209,0.03908362291802613
CHEMBL2094,0.031028768816734643
CHEMBL2099,0.046781188231444185
CHEMBL210,0.05550561533370408
CHEMBL2100,0.030943896666871324
CHEMBL2102,0.01798454577408325
CHEMBL2104,0.04732868969467639
CHEMBL2105,0.02961881128013663
CHEMBL2106,0.043432617161334106
CHEMBL2107,0.09573546105323012
CHEMBL2108,0.10372937010933912
CHEMBL2109,0.10719526288549375
CHEMBL2114,0.03099109806099802
CHEMBL2116,0.11060193609899233
CHEMBL2117,0.10380472284633718
CHEMBL212,0.156446085665947
CHEMBL2120,0.24375944120146664
CHEMBL2121,0.026697908825513303
CHEMBL2123,0.03133465706655195
CHEMBL2127,0.033703372706560146
CHEMBL213,0.033130519411399335
CHEMBL2131,0.017554573845419592
CHEMBL2139,0.016560204712520323
CHEMBL2147,0.10962427106078297
CHEMBL2148,0.13706116095007226
CHEMBL215,0.07039049411624461
CHEMBL2156,0.01849983424047103
CHEMBL2158,0.038446020400934346
CHEMBL2159,0.02199343503494858
CHEMBL216,0.032532712811769574
CHEMBL2160,0.029397853345258795
CHEMBL2161,0.022654615902570053
CHEMBL2164,0.08616382586880994
CHEMBL2167,0.5315266036501812
CHEMBL217,0.028586856894513787
CHEMBL2171,0.15016932013782727
CHEMBL218,0.030166356448874564
CHEMBL2182,0.03214861283004938
CHEMBL2184,0.03610800502010167
CHEMBL2185,0.09953736235722027
CHEMBL219,0.03421990942486914
CHEMBL2193,0.02913524215764376
CHEMBL2194,0.020852935825996788
CHEMBL220,0.03525359159840101
CHEMBL2200,0.04136443091221817
CHEMBL2202,0.04035275521859561
CHEMBL2206,0.026759725294287034
CHEMBL221,0.02557113940693747
CHEMBL222,0.026272429741627926
CHEMBL223,0.03524492908583139
CHEMBL224,0.032792236925784625
CHEMBL2249,0.025142795275060408
CHEMBL225,0.032792236925784625
CHEMBL226,0.03099109806099802
CHEMBL227,0.04405494042015717
CHEMBL228,0.028255837885502906
CHEMBL229,0.03524492908583139
CHEMBL230,0.060337433529889475
CHEMBL231,0.03182547778025322
CHEMBL232,0.03524492908583139
CHEMBL2326,0.009983101939848948
CHEMBL2327,0.03481248407155795
CHEMBL2335,0.028406064357341578
CHEMBL235,0.10964937237012579
CHEMBL236,0.05322532549454964
CHEMBL2360,0.032858097590001925
CHEMBL237,0.05330158002027418
CHEMBL238,0.035908402241678156
CHEMBL2388,0.01385138507366654
CHEMBL239,0.10575909990249739
CHEMBL2392,0.0572182687236882
CHEMBL2399,0.04004567804707669
CHEMBL240,0.025639774356608424
CHEMBL2401,0.051872307830094416
CHEMBL241,0.027271841573286333
CHEMBL2412,0.19444634400318592
CHEMBL2413,0.05160229480138083
CHEMBL2414,0.036287911404322026
CHEMBL2419,0.019710499931184438
CHEMBL242,0.09642998484802626
CHEMBL2421,0.031784624230328434
CHEMBL2428,0.03424520663288309
CHEMBL2430,0.021607916149287348
CHEMBL2433,0.02067235226127312
CHEMBL2434,0.04119872705267439
CHEMBL2438,0.019506988406026184
CHEMBL2439,0.02274277248816351
CHEMBL244,0.040466124904072004
CHEMBL2441,0.022572929429486466
CHEMBL2442,0.05139696834627075
CHEMBL2443,0.03638233538713637
CHEMBL2447,0.017271515798448083
CHEMBL245,0.04932613734391668
CHEMBL2457,0.01935245383268319
CHEMBL246,0.033130519411399335
CHEMBL2465,0.01606649157698782
CHEMBL2468,0.028900036067374915
CHEMBL2469,0.014476442002706855
CHEMBL2476,0.03855680451945186
CHEMBL2478,0.01575449284335035
CHEMBL248,0.07910495488922337
CHEMBL2484,0.029098687884677045
CHEMBL2487,0.13756397268181644
CHEMBL249,0.045284632861016326
CHEMBL2490,0.032792236925784625
CHEMBL2492,0.02869094821367625
CHEMBL2493,0.04564874940096444
CHEMBL2494,0.10903899286141303
CHEMBL2498,0.4537755803193825
CHEMBL250,0.05459088519007343
CHEMBL2502,0.01811820602801907
CHEMBL2503,0.012906645519306837
CHEMBL2506,0.4607855670911335
CHEMBL2508,0.14880185300839385
CHEMBL251,0.06107636355608281
CHEMBL2514,0.03319712109956276
CHEMBL2517,0.02110513457537737
CHEMBL252,0.03319712109956276
CHEMBL2524,0.02449640649794903
CHEMBL2527,0.143101927432298
CHEMBL253,0.030166356448874564
CHEMBL2531,0.02413010355571489
CHEMBL2534,0.23060635813609764
CHEMBL2536,0.05439246069009379
CHEMBL254,0.040745821582707425
CHEMBL255,0.06481229237337213
CHEMBL2552,0.03545218788163423
CHEMBL2553,0.14148408807299978
CHEMBL2559,0.03773858053662504
CHEMBL256,0.03099109806099802
CHEMBL2575,0.05130812549550469
CHEMBL258,0.22445098793943158
CHEMBL2581,0.06853431055579172
CHEMBL2582,0.1849097912079416
CHEMBL259,0.04823671457816314
CHEMBL2595,0.014265896198261954
CHEMBL2597,0.12558238010666375
CHEMBL2599,0.20212980494018637
CHEMBL2600,0.07099207302945507
CHEMBL2608,0.03713300275253523
CHEMBL2609,0.014082578177986348
CHEMBL2626,0.05497655382500435
CHEMBL2632,0.08432878472152082
CHEMBL2634,0.16068710466681171
CHEMBL264,0.024844913489528924
CHEMBL2641,0.02148662310882112
CHEMBL2650,0.07039450301723998
CHEMBL2652,0.0378596414620454
CHEMBL2655,0.13091668517840238
CHEMBL2656,0.012713252601712997
CHEMBL267,0.4453003486955101
CHEMBL268,0.0593862542724548
CHEMBL2692,0.028572651293691763
CHEMBL271,0.08824430488070707
CHEMBL2736,0.03370703820181642
CHEMBL274,0.08269680017770792
CHEMBL275,0.03774644613992706
CHEMBL2754,0.12558091300634083
CHEMBL278,0.07328915285356528
CHEMBL279,0.11592021862197965
CHEMBL2796,0.04597548965954903
CHEMBL280,0.05423580161300427
CHEMBL281,0.019670742458059578
CHEMBL2835,0.21535837312227124
CHEMBL2847,0.10575909990249739
CHEMBL2849,0.06438726433740273
CHEMBL2882,0.03199456991918695
CHEMBL2883,0.0457451503570473
CHEMBL2885,0.009983101939848948
CHEMBL2886,0.04869400020208818
CHEMBL2887,0.06185380002783202
CHEMBL2888,0.029385448357424463
CHEMBL2896,0.08429874425924662
CHEMBL2897,0.12707242167707633
CHEMBL2918,0.181041492779911
CHEMBL2938,0.10023720442215937
CHEMBL2940,0.06457641631437122
CHEMBL2959,0.05605675296015535
CHEMBL2960,0.13957495663239758
CHEMBL2963,0.02396957546753604
CHEMBL2964,0.1713552702335308
CHEMBL2971,0.26865748731314965
CHEMBL2972,0.019755556432549448
CHEMBL2979,0.029560733216146873
CHEMBL3023,0.014265896198261954
CHEMBL3024,0.14369414529168498
CHEMBL3025,0.009983101939848948
CHEMBL3028,0.03747034795019024
CHEMBL3030,0.1388588257594257
CHEMBL3038,0.01466972384855814
CHEMBL3040,0.07437270578365554
CHEMBL3043,0.015211337006713566
CHEMBL3076,0.02509999501550527
CHEMBL3079,0.013979235686971141
CHEMBL3080,0.025074422055633053
CHEMBL3123,0.028900036067374915
CHEMBL3125,0.035387646178478956
CHEMBL3126,0.02658353259911567
CHEMBL3142,0.05318604911858685
CHEMBL3143,0.054370317909335206
CHEMBL3155,0.036104944989836504
CHEMBL3157,0.03584532975830628
CHEMBL3164,0.13159829592813693
CHEMBL3167,0.02255322565304836
CHEMBL3191,0.031723676418421366
CHEMBL3201,0.04078832201313663
CHEMBL3230,0.030955200798215433
CHEMBL3233,0.11257234079755506
CHEMBL3240,0.03874520679966668
CHEMBL3253,0.0775459143342902
CHEMBL3254,0.06825388347922305
CHEMBL3256,0.05280037276377322
CHEMBL3276,0.09680889877908151
CHEMBL3311,0.054201686458994584
CHEMBL3351,0.04281036875585601
CHEMBL3371,0.032956369201857544
CHEMBL3373,0.05550561533370408
CHEMBL3379,0.034192711625571415
CHEMBL3409,0.04970155422533611
CHEMBL3419,0.02944052624770897
CHEMBL3421,0.07039450301723998
CHEMBL3429,0.06032802689623051
CHEMBL3438,0.12745014483409275
CHEMBL3473,0.036287911404322026
CHEMBL3474,0.02956276065419773
CHEMBL3475,0.08625495456111203
CHEMBL3477,0.0378596414620454
CHEMBL3478,0.04127225085970845
CHEMBL3510,0.009983101939848948
CHEMBL3514,0.022572929429486466
CHEMBL3568,0.03555503057776398
CHEMBL3572,0.04887139659816408
CHEMBL3582,0.09647543470422354
CHEMBL3595,0.06452731441277508
CHEMBL3610,0.20562603089883247
CHEMBL3636,0.03319712109956276
CHEMBL3650,0.1864969321825181
CHEMBL3708,0.12184045232695052
CHEMBL3710,0.030618730367314485
CHEMBL3721,0.057632023330690764
CHEMBL3723,0.11127905062844162
CHEMBL3724,0.03439274296041097
CHEMBL3727,0.01856477681163731
CHEMBL3764,0.03319712109956276
CHEMBL3768,0.05757278771692306
CHEMBL3769,0.03908362291802613
CHEMBL3770,0.011146436688326395
CHEMBL3775,0.11433356690899844
CHEMBL3816,0.0819993460610137
CHEMBL3817,0.09248860454517986
CHEMBL3819,0.03439274296041097
CHEMBL3841,0.01890962125727716
CHEMBL3856,0.026035656424877627
CHEMBL3861,0.033836446225328574
CHEMBL3863,0.014265896198261954
CHEMBL3892,0.060442740836133095
CHEMBL3898,0.04150705647640834
CHEMBL3911,0.031723676418421366
CHEMBL3913,0.04495235192152408
CHEMBL3958,0.04226214886966428
CHEMBL3961,0.18555707220286677
CHEMBL3969,0.009983101939848948
CHEMBL3974,0.051808311512383846
CHEMBL4018,0.032561501095598425
CHEMBL402,0.04413703016468823
CHEMBL4068,0.058194357324115244
CHEMBL4069,0.039559946165758655
CHEMBL4071,0.07964837849245987
CHEMBL4072,0.07608394215384776
CHEMBL4074,0.021098995121998573
CHEMBL4076,0.03148474452413815
CHEMBL4121,0.17604205689554658
CHEMBL4142,0.16836811999520843
CHEMBL4237,0.12430055557206166
CHEMBL4271,0.032728873841103796
CHEMBL4273,0.06173279372937865
CHEMBL4305,0.018068542286231948
CHEMBL4306,0.025639774356608424
CHEMBL4315,0.057122309148229564
CHEMBL4330,0.06135585985138415
CHEMBL4425,0.07039450301723998
CHEMBL4429,0.03481248407155795
CHEMBL4467,0.029560733216146873
CHEMBL4469,0.028409324833251263
CHEMBL4478,0.02158555451554522
CHEMBL4549,0.10243980613335629
CHEMBL4550,0.024057376094175933
CHEMBL4551,0.05363518131687312
CHEMBL4573,0.029385448357424463
CHEMBL4589,0.018670153516728308
CHEMBL4605,0.015034600651232875
CHEMBL4607,0.032561501095598425
CHEMBL4608,0.04823671457816314
CHEMBL4617,0.019066806608058234
CHEMBL4633,0.01890962125727716
CHEMBL4708,0.020448441030493966
CHEMBL4712,0.03697375323075553
CHEMBL4714,0.031994659385259784
CHEMBL4715,0.035481303457187016
CHEMBL4716,0.027271841573286333
CHEMBL4744,0.0627970339283295
CHEMBL4761,0.05673805905573279
CHEMBL4763,0.16279325337668807
CHEMBL4770,0.021680715972271683
CHEMBL4777,0.032561501095598425
CHEMBL4790,0.04142596939754754
CHEMBL4794,0.016996813015566284
CHEMBL4805,0.06809530404580616
CHEMBL4808,0.030299244995703162
CHEMBL4811,0.018214696603619268
CHEMBL4812,0.02148662310882112
CHEMBL4813,0.03883266352499995
CHEMBL4815,0.03481248407155795
CHEMBL4816,0.23767997044054595
CHEMBL4820,0.03129383557518451
CHEMBL4829,0.037199016704048404
CHEMBL4832,0.06740888590441776
CHEMBL4833,0.01492102214198925
CHEMBL4834,0.019626450108806093
CHEMBL4835,0.01798454577408325
CHEMBL4863,0.02712775981796333
CHEMBL4865,0.05025963625661408
CHEMBL4866,0.04495139956598045
CHEMBL4867,0.035483601979424295
CHEMBL4868,0.021098995121998573
CHEMBL4869,0.041262567793587154
CHEMBL4872,0.0207594593425119
CHEMBL4873,0.028490174278803085
CHEMBL4876,0.051949213073272056
CHEMBL4878,0.04607858183980983
CHEMBL4880,0.02264271826784056
CHEMBL4881,0.027139005771791132
CHEMBL4883,0.030802359813761924
CHEMBL4892,0.03524492908583139
CHEMBL4894,0.032561501095598425
CHEMBL4924,0.06223377738423684
CHEMBL4925,0.014144107653318777
CHEMBL4928,0.1469440715995952
CHEMBL4939,0.028490174278803085
CHEMBL4940,0.014150822843643718
CHEMBL4941,0.041952868374087314
CHEMBL4942,0.02413010355571489
CHEMBL4945,0.030214434537498294
CHEMBL4947,0.011359317171520004
CHEMBL4949,0.02746115038121382
CHEMBL4977,0.197792319594052
CHEMBL4983,0.05380728655255129
CHEMBL4985,0.015444839069380066
CHEMBL5100,0.013020776328948137
CHEMBL5103,0.09039978762606006
CHEMBL5113,0.03634205763404332
CHEMBL5135,0.02808075725985809
CHEMBL5136,0.05459088519007343
CHEMBL5444,0.0681195042099898
