drug_chembl_id,rw_mean_TNBC,rw_max_TNBC
CHEMBL1778,0.0002709631369596,0.0002709631369596
CHEMBL1782,9.85771422538893e-05,9.85771422538893e-05
CHEMBL1783,0.0007348674761723,0.0007348674761723
CHEMBL1785,0.0001671911411524,0.0001671911411524
CHEMBL1786,4.827943037773227e-05,4.827943037773227e-05
CHEMBL1787,0.0001349371443714,0.0001349371443714
CHEMBL1790,0.0001302159462337,0.0001302159462337
CHEMBL1791,0.0001867725484794,0.0001867725484794
CHEMBL1793,0.0001227480380826,0.0001227480380826
CHEMBL1795,0.0001259551272195,0.0001259551272195
CHEMBL1798,6.864461038783079e-05,6.864461038783079e-05
CHEMBL1800,0.0001112999395809,0.0001112999395809
CHEMBL1803,0.0002286812080564,0.0002286812080564
CHEMBL1804,3.382991242624998e-05,3.382991242624998e-05
CHEMBL1806,0.0005670862388838,0.0005670862388838
CHEMBL1807,0.0001362757545246,0.0001362757545246
CHEMBL1808,0.0001215281372099,0.0001215281372099
CHEMBL1811,8.143028269968656e-05,8.143028269968656e-05
CHEMBL1817,0.0002598741933229,0.0002598741933229
CHEMBL1821,1.825554482382715e-05,1.825554482382715e-05
CHEMBL1822,8.875363175014873e-05,8.875363175014873e-05
CHEMBL1824,0.0006290866556186,0.0006290866556186
CHEMBL1825,0.0009556436207723,0.0009556436207723
CHEMBL1827,0.0001407052266498,0.0001407052266498
CHEMBL1832,0.0001363888390886,0.0001363888390886
CHEMBL1833,6.841885756324578e-05,6.841885756324578e-05
CHEMBL1835,1.924407063523704e-05,1.924407063523704e-05
CHEMBL1836,8.388010408156652e-05,8.388010408156652e-05
CHEMBL1838,4.342244412913765e-05,4.342244412913765e-05
CHEMBL1839,9.448253209409525e-05,9.448253209409525e-05
CHEMBL1842,0.0001118529005793,0.0001118529005793
CHEMBL1843,0.0001476063795406,0.0001476063795406
CHEMBL1845,0.0002320288345986,0.0002320288345986
CHEMBL1846,0.000273446636973,0.000273446636973
CHEMBL1851,0.0002930302444881,0.0002930302444881
CHEMBL1854,0.0001196191558248,0.0001196191558248
CHEMBL1855,7.035900932435289e-05,7.035900932435289e-05
CHEMBL1856,0.0001352517896364,0.0001352517896364
CHEMBL1859,0.0002243204272232,0.0002243204272232
CHEMBL1860,0.0001584066825392,0.0001584066825392
CHEMBL1861,0.0001052983715278,0.0001052983715278
CHEMBL1864,0.0001190889437335,0.0001190889437335
CHEMBL1867,0.0001055816532036,0.0001055816532036
CHEMBL1868,0.0002733661932616,0.0002733661932616
CHEMBL1869,0.000125540180684,0.000125540180684
CHEMBL1871,0.0006113107355004,0.0006113107355004
CHEMBL1874,0.0001223848606581,0.0001223848606581
CHEMBL1875,6.2848766201606e-06,6.2848766201606e-06
CHEMBL1876,8.397352711409648e-05,8.397352711409648e-05
CHEMBL1879,9.447927002574586e-05,9.447927002574586e-05
CHEMBL1881,5.678537862420889e-05,5.678537862420889e-05
CHEMBL1882,9.527678086933449e-05,9.527678086933449e-05
CHEMBL1883,0.0001251700345811,0.0001251700345811
CHEMBL1886,0.0001823733066168,0.0001823733066168
CHEMBL1889,6.570871137877777e-05,6.570871137877777e-05
CHEMBL1892,6.98565519548614e-05,6.98565519548614e-05
CHEMBL1893,0.0002094316542001,0.0002094316542001
CHEMBL1898,5.986030540316943e-05,5.986030540316943e-05
CHEMBL1899,0.0001851068691014,0.0001851068691014
CHEMBL1900,0.0001530635005244,0.0001530635005244
CHEMBL1901,4.594030669769744e-05,4.594030669769744e-05
CHEMBL1903,0.0001267513460808,0.0001267513460808
CHEMBL1904,0.0004334351957355,0.0004334351957355
CHEMBL1905,0.001136726839655,0.001136726839655
CHEMBL1907,0.0002783520818141,0.0002783520818141
CHEMBL1910,0.0001010874229352,0.0001010874229352
CHEMBL1911,4.543301505637921e-05,4.543301505637921e-05
CHEMBL1912,2.637224038691189e-05,2.637224038691189e-05
CHEMBL1913,0.0004531046528397,0.0004531046528397
CHEMBL1914,0.0001111012122191,0.0001111012122191
CHEMBL1916,7.65931206972795e-05,7.65931206972795e-05
CHEMBL1919,0.0001786083709166,0.0001786083709166
CHEMBL1920,0.0001479907344643,0.0001479907344643
CHEMBL1925,9.04567619535492e-05,9.04567619535492e-05
CHEMBL1927,0.0001715257886541,0.0001715257886541
CHEMBL1929,0.0001241067611112,0.0001241067611112
CHEMBL1935,0.0002119231469051,0.0002119231469051
CHEMBL1936,0.0005202323789066,0.0005202323789066
CHEMBL1940,0.00050511518593,0.00050511518593
CHEMBL1941,2.6364144198279585e-05,2.6364144198279585e-05
CHEMBL1942,1.7462937985114544e-05,1.7462937985114544e-05
CHEMBL1944,0.0002023991086112,0.0002023991086112
CHEMBL1947,0.0001673365596509,0.0001673365596509
CHEMBL1950,0.0002682117149691,0.0002682117149691
CHEMBL1951,0.0002492589718251,0.0002492589718251
CHEMBL1952,0.0004424186450975,0.0004424186450975
CHEMBL1957,0.0004501765982439,0.0004501765982439
CHEMBL1958,0.0001793047332451,0.0001793047332451
CHEMBL1959,0.0001347720860291,0.0001347720860291
CHEMBL1962,0.0002098994454838,0.0002098994454838
CHEMBL1963,0.0001173052213556,0.0001173052213556
CHEMBL1966,2.6063689506339358e-05,2.6063689506339358e-05
CHEMBL1968,0.0001200920076983,0.0001200920076983
CHEMBL1969,0.0002372588683324,0.0002372588683324
CHEMBL1970,0.0002075492773735,0.0002075492773735
CHEMBL1971,6.582171521926235e-05,6.582171521926235e-05
CHEMBL1972,0.0004183827784642,0.0004183827784642
CHEMBL1975,0.0002167338279107,0.0002167338279107
CHEMBL1976,0.0001582146857386,0.0001582146857386
CHEMBL1977,0.0001387737415104,0.0001387737415104
CHEMBL1978,0.0002156395944769,0.0002156395944769
CHEMBL1981,0.0002125091963395,0.0002125091963395
CHEMBL1983,5.884402370581291e-05,5.884402370581291e-05
CHEMBL1985,2.7854256122215533e-05,2.7854256122215533e-05
CHEMBL1987,4.9630416071389206e-05,4.9630416071389206e-05
CHEMBL1988,0.0001311507053321,0.0001311507053321
CHEMBL1989,3.71328626322446e-06,3.71328626322446e-06
CHEMBL1991,0.0004871882810005,0.0004871882810005
CHEMBL1992,0.0002651256170884,0.0002651256170884
CHEMBL1993,0.0002701248861609,0.0002701248861609
CHEMBL1994,0.0001053327679542,0.0001053327679542
CHEMBL1995,1.4532567135214882e-05,1.4532567135214882e-05
CHEMBL1996,0.000126219845869,0.000126219845869
CHEMBL1997,7.077211133200707e-05,7.077211133200707e-05
CHEMBL2000,6.584345718225496e-05,6.584345718225496e-05
CHEMBL2001,0.0001728629854729,0.0001728629854729
CHEMBL2002,0.0001245192256178,0.0001245192256178
CHEMBL2004,0.0001354007179046,0.0001354007179046
CHEMBL2008,8.032035784540068e-05,8.032035784540068e-05
CHEMBL2014,2.849454025396041e-05,2.849454025396041e-05
CHEMBL2015,0.0004573160619437,0.0004573160619437
CHEMBL202,0.0001407122281002,0.0001407122281002
CHEMBL2023,0.0002322889791796,0.0002322889791796
CHEMBL2027,0.0001016477950261,0.0001016477950261
CHEMBL203,0.0014585634569394,0.0014585634569394
CHEMBL2033,0.0001549762016694,0.0001549762016694
CHEMBL2034,0.0004199036837189,0.0004199036837189
CHEMBL2035,2.78522896437163e-05,2.78522896437163e-05
CHEMBL2039,0.0002015994351993,0.0002015994351993
CHEMBL2040,0.000235367949466,0.000235367949466
CHEMBL2044,0.0002140997105093,0.0002140997105093
CHEMBL2045,4.479291966706348e-05,4.479291966706348e-05
CHEMBL2049,7.910801327052284e-05,7.910801327052284e-05
CHEMBL205,6.644242001940103e-05,6.644242001940103e-05
CHEMBL2050,6.972661166602942e-05,6.972661166602942e-05
CHEMBL2055,0.0002054514485891,0.0002054514485891
CHEMBL2056,0.0001214651639435,0.0001214651639435
CHEMBL2057,0.0001407122281002,0.0001407122281002
CHEMBL2058,2.6213152459498396e-05,2.6213152459498396e-05
CHEMBL2059,0.0001697084707071,0.0001697084707071
CHEMBL206,0.0009179826010766,0.0009179826010766
CHEMBL2060,0.0003923747638795,0.0003923747638795
CHEMBL2061,0.0005812390705556,0.0005812390705556
CHEMBL2062,0.0001230618200314,0.0001230618200314
CHEMBL2063,0.0002034127683693,0.0002034127683693
CHEMBL2064,0.0001981486079797,0.0001981486079797
CHEMBL2066,8.922710332732866e-05,8.922710332732866e-05
CHEMBL2069,0.0001183106499249,0.0001183106499249
CHEMBL207,0.0007118827354391,0.0007118827354391
CHEMBL2070,0.0002333640802201,0.0002333640802201
CHEMBL2071,0.0001190334889907,0.0001190334889907
CHEMBL2074,9.09716259003847e-05,9.09716259003847e-05
CHEMBL2075,0.0001121055759279,0.0001121055759279
CHEMBL2076,9.091089930933056e-05,9.091089930933056e-05
CHEMBL2079,6.503749290058086e-05,6.503749290058086e-05
CHEMBL208,0.0002719178711162,0.0002719178711162
CHEMBL2081,0.0002252063510853,0.0002252063510853
CHEMBL2083,0.0001836329293095,0.0001836329293095
CHEMBL2084,2.8036370083473744e-05,2.8036370083473744e-05
CHEMBL2085,9.899909658743823e-05,9.899909658743823e-05
CHEMBL2086,0.0002292619100486,0.0002292619100486
CHEMBL2088,9.652090559443933e-05,9.652090559443933e-05
CHEMBL209,0.0002174953291713,0.0002174953291713
CHEMBL2094,0.0001017477852195,0.0001017477852195
CHEMBL2099,0.0001737376652659,0.0001737376652659
CHEMBL210,0.0003184698395026,0.0003184698395026
CHEMBL2100,0.0001489492320755,0.0001489492320755
CHEMBL2102,0.0002761161617516,0.0002761161617516
CHEMBL2104,0.0001128429078467,0.0001128429078467
CHEMBL2105,0.0001566781817523,0.0001566781817523
CHEMBL2106,0.0001790060009145,0.0001790060009145
CHEMBL2107,0.0005182266151069,0.0005182266151069
CHEMBL2108,0.0001513114867409,0.0001513114867409
CHEMBL2109,0.0001649215484842,0.0001649215484842
CHEMBL2114,6.441855386594208e-05,6.441855386594208e-05
CHEMBL2116,0.000182015552376,0.000182015552376
CHEMBL2117,0.0001345232597551,0.0001345232597551
CHEMBL212,0.000301190715355,0.000301190715355
CHEMBL2120,0.000191181974604,0.000191181974604
CHEMBL2121,8.115005080775017e-05,8.115005080775017e-05
CHEMBL2123,6.073144211835516e-05,6.073144211835516e-05
CHEMBL2127,0.0002183343476218,0.0002183343476218
CHEMBL213,0.0001261052335403,0.0001261052335403
CHEMBL2131,6.300449763507386e-05,6.300449763507386e-05
CHEMBL2139,6.311552543263515e-05,6.311552543263515e-05
CHEMBL2147,0.0001447110390493,0.0001447110390493
CHEMBL2148,0.0003653709333224,0.0003653709333224
CHEMBL215,0.0002164350983335,0.0002164350983335
CHEMBL2156,0.0001259551272195,0.0001259551272195
CHEMBL2158,1.823078577020072e-05,1.823078577020072e-05
CHEMBL2159,0.0002077381750473,0.0002077381750473
CHEMBL216,0.0003110349679448,0.0003110349679448
CHEMBL2160,0.0001394594097922,0.0001394594097922
CHEMBL2161,0.000114493502753,0.000114493502753
CHEMBL2164,0.0005476766015704,0.0005476766015704
CHEMBL2167,0.0013295976959143,0.0013295976959143
CHEMBL217,0.0002400331707613,0.0002400331707613
CHEMBL2171,0.0002491420875874,0.0002491420875874
CHEMBL218,0.0002099989506448,0.0002099989506448
CHEMBL2182,5.595557082556857e-06,5.595557082556857e-06
CHEMBL2184,7.9018490848902e-05,7.9018490848902e-05
CHEMBL2185,0.0006123750514338,0.0006123750514338
CHEMBL219,5.385491142953808e-05,5.385491142953808e-05
CHEMBL2193,5.963368926592002e-05,5.963368926592002e-05
CHEMBL2194,4.681671536859925e-05,4.681671536859925e-05
CHEMBL220,7.927291563982283e-05,7.927291563982283e-05
CHEMBL2200,0.0001195712960946,0.0001195712960946
CHEMBL2202,0.0001467047754311,0.0001467047754311
CHEMBL2206,0.0001851558917767,0.0001851558917767
CHEMBL221,0.0001557859756784,0.0001557859756784
CHEMBL222,7.509416004224532e-05,7.509416004224532e-05
CHEMBL223,0.0001110217805021,0.0001110217805021
CHEMBL224,0.0001303043089215,0.0001303043089215
CHEMBL2249,0.0001382712209309,0.0001382712209309
CHEMBL225,0.0001223941679298,0.0001223941679298
CHEMBL226,6.441855386594208e-05,6.441855386594208e-05
CHEMBL227,0.0001704888572989,0.0001704888572989
CHEMBL228,0.000136591056117,0.000136591056117
CHEMBL229,8.208627436353261e-05,8.208627436353261e-05
CHEMBL230,0.0003141573394724,0.0003141573394724
CHEMBL231,1.861806603713203e-05,1.861806603713203e-05
CHEMBL232,0.0001114937164145,0.0001114937164145
CHEMBL2326,2.0407256668619223e-05,2.0407256668619223e-05
CHEMBL2327,9.81466561504314e-06,9.81466561504314e-06
CHEMBL2335,6.297457811095903e-05,6.297457811095903e-05
CHEMBL235,0.0005679208282607,0.0005679208282607
CHEMBL236,5.9860325790660426e-05,5.9860325790660426e-05
CHEMBL2360,0.0001726271444495,0.0001726271444495
CHEMBL237,5.932453523562278e-05,5.932453523562278e-05
CHEMBL238,0.0001548556228273,0.0001548556228273
CHEMBL2388,0.0001173910870442,0.0001173910870442
CHEMBL239,0.0004420793956625,0.0004420793956625
CHEMBL2392,6.035659455975885e-05,6.035659455975885e-05
CHEMBL2399,7.098999539951785e-05,7.098999539951785e-05
CHEMBL240,0.0002772506178689,0.0002772506178689
CHEMBL2401,7.979542340527702e-05,7.979542340527702e-05
CHEMBL241,0.0001307006309158,0.0001307006309158
CHEMBL2412,0.0008031883731266,0.0008031883731266
CHEMBL2413,0.0001900593107653,0.0001900593107653
CHEMBL2414,6.641855673834507e-05,6.641855673834507e-05
CHEMBL2419,5.768438095630621e-05,5.768438095630621e-05
CHEMBL242,0.000279296603657,0.000279296603657
CHEMBL2421,5.259925472240322e-05,5.259925472240322e-05
CHEMBL2428,0.0001681378972193,0.0001681378972193
CHEMBL2430,0.0001181270598818,0.0001181270598818
CHEMBL2433,7.337184265173817e-05,7.337184265173817e-05
CHEMBL2434,0.0002634674431237,0.0002634674431237
CHEMBL2438,1.9108902232768423e-05,1.9108902232768423e-05
CHEMBL2439,0.0001759277228721,0.0001759277228721
CHEMBL244,0.0001773457100792,0.0001773457100792
CHEMBL2441,0.0002211799911127,0.0002211799911127
CHEMBL2442,0.0001562186204816,0.0001562186204816
CHEMBL2443,7.078753869250652e-05,7.078753869250652e-05
CHEMBL2447,0.0002095562771368,0.0002095562771368
CHEMBL245,7.393894081422699e-05,7.393894081422699e-05
CHEMBL2457,0.0001551700771044,0.0001551700771044
CHEMBL246,6.172133026116396e-05,6.172133026116396e-05
CHEMBL2460,6.753235462597253e-05,6.753235462597253e-05
CHEMBL2461,6.753235462597253e-05,6.753235462597253e-05
CHEMBL2465,2.268097463712295e-05,2.268097463712295e-05
CHEMBL2468,3.285049722236437e-05,3.285049722236437e-05
CHEMBL2469,8.90859397431452e-05,8.90859397431452e-05
CHEMBL2476,0.0003348867347042,0.0003348867347042
CHEMBL2478,6.80611459598581e-05,6.80611459598581e-05
CHEMBL248,0.0001648494692276,0.0001648494692276
CHEMBL2484,2.009501245190569e-05,2.009501245190569e-05
CHEMBL2487,0.0007375955243429,0.0007375955243429
CHEMBL249,9.18611746026511e-05,9.18611746026511e-05
CHEMBL2490,0.0001303043089215,0.0001303043089215
CHEMBL2492,0.000107340080438,0.000107340080438
CHEMBL2493,5.80085829921829e-05,5.80085829921829e-05
CHEMBL2494,9.786091075049076e-05,9.786091075049076e-05
CHEMBL2498,0.0010115741119459,0.0010115741119459
CHEMBL250,6.350745804988524e-05,6.350745804988524e-05
CHEMBL2502,0.0001008002957354,0.0001008002957354
CHEMBL2503,9.560620047754044e-05,9.560620047754044e-05
CHEMBL2506,0.00108799526061,0.00108799526061
CHEMBL2508,0.0002723146965859,0.0002723146965859
CHEMBL251,5.8319710348798976e-05,5.8319710348798976e-05
CHEMBL2514,2.057421548044724e-05,2.057421548044724e-05
CHEMBL2517,7.53043682142075e-05,7.53043682142075e-05
CHEMBL252,0.0001625858322491,0.0001625858322491
CHEMBL2524,7.639947162168123e-05,7.639947162168123e-05
CHEMBL2525,2.3584529546467037e-05,2.3584529546467037e-05
CHEMBL2527,0.000348641753356,0.000348641753356
CHEMBL253,3.450314182717776e-05,3.450314182717776e-05
CHEMBL2531,7.759402771267569e-05,7.759402771267569e-05
CHEMBL2534,0.0002439399121503,0.0002439399121503
CHEMBL2536,0.0001793039070688,0.0001793039070688
CHEMBL254,0.000131694279544,0.000131694279544
CHEMBL255,9.887699282821009e-05,9.887699282821009e-05
CHEMBL2552,0.0001133309444473,0.0001133309444473
CHEMBL2553,0.0001052928729796,0.0001052928729796
CHEMBL2559,0.0002575254369667,0.0002575254369667
CHEMBL256,2.3106848850058727e-05,2.3106848850058727e-05
CHEMBL2575,0.0001407122281002,0.0001407122281002
CHEMBL258,0.0007017245619415,0.0007017245619415
CHEMBL2581,0.0001421899059232,0.0001421899059232
CHEMBL2582,0.0007665430230342,0.0007665430230342
CHEMBL259,0.0002172071334011,0.0002172071334011
CHEMBL2595,2.4055216142504064e-05,2.4055216142504064e-05
CHEMBL2597,0.0001453252915834,0.0001453252915834
CHEMBL2599,0.0005781490993692,0.0005781490993692
CHEMBL2600,0.0003263544462198,0.0003263544462198
CHEMBL2608,2.7635524050630844e-05,2.7635524050630844e-05
CHEMBL2609,7.18619424025651e-05,7.18619424025651e-05
CHEMBL2626,3.71328626322446e-06,3.71328626322446e-06
CHEMBL2632,0.0003432232175753,0.0003432232175753
CHEMBL2634,0.0003138759123177,0.0003138759123177
CHEMBL264,9.283202335212616e-06,9.283202335212616e-06
CHEMBL2641,2.5839073218611168e-05,2.5839073218611168e-05
CHEMBL2650,0.0001629410219633,0.0001629410219633
CHEMBL2652,0.0001328503801413,0.0001328503801413
CHEMBL2655,0.0002794059899349,0.0002794059899349
CHEMBL2656,0.00013247393862,0.00013247393862
CHEMBL267,0.0019305931781411,0.0019305931781411
CHEMBL268,0.000160139097087,0.000160139097087
CHEMBL2692,6.94104160352359e-05,6.94104160352359e-05
CHEMBL271,4.775183400161595e-05,4.775183400161595e-05
CHEMBL2736,9.52990351340144e-05,9.52990351340144e-05
CHEMBL274,0.0003523647099179,0.0003523647099179
CHEMBL275,8.825274727097979e-05,8.825274727097979e-05
CHEMBL2754,0.0008645226547058,0.0008645226547058
CHEMBL278,0.0002878836473724,0.0002878836473724
CHEMBL279,0.0006279023942024,0.0006279023942024
CHEMBL2796,6.048644691002632e-05,6.048644691002632e-05
CHEMBL280,0.0001788489470008,0.0001788489470008
CHEMBL281,0.0001097785060056,0.0001097785060056
CHEMBL2835,0.0005680465002065,0.0005680465002065
CHEMBL2847,0.0004420793956625,0.0004420793956625
CHEMBL2849,8.134009764511586e-06,8.134009764511586e-06
CHEMBL2882,2.6364144198279585e-05,2.6364144198279585e-05
CHEMBL2883,0.0002091041684764,0.0002091041684764
CHEMBL2885,5.664590026236452e-05,5.664590026236452e-05
CHEMBL2886,0.0001549689171413,0.0001549689171413
CHEMBL2887,0.0001200973076325,0.0001200973076325
CHEMBL2888,0.0001192287905708,0.0001192287905708
CHEMBL2896,0.0002645480484763,0.0002645480484763
CHEMBL2897,0.0002261827539475,0.0002261827539475
CHEMBL2918,0.0008464089065392,0.0008464089065392
CHEMBL2938,0.0003230478381306,0.0003230478381306
CHEMBL2940,0.0001189901474068,0.0001189901474068
CHEMBL2959,0.0002331079328652,0.0002331079328652
CHEMBL2960,0.000291721489678,0.000291721489678
CHEMBL2963,5.959081790705056e-05,5.959081790705056e-05
CHEMBL2964,0.0002518894863267,0.0002518894863267
CHEMBL2971,0.0007735273390646,0.0007735273390646
CHEMBL2972,0.0001658467780572,0.0001658467780572
CHEMBL2979,0.000182255702585,0.000182255702585
CHEMBL3023,0.0001148705291725,0.0001148705291725
CHEMBL3024,0.0006693706418575,0.0006693706418575
CHEMBL3025,4.391746092829171e-05,4.391746092829171e-05
CHEMBL3028,5.282997983156545e-05,5.282997983156545e-05
CHEMBL3030,0.0003905875630747,0.0003905875630747
CHEMBL3038,3.516055684557353e-06,3.516055684557353e-06
CHEMBL3040,0.0005210778791815,0.0005210778791815
CHEMBL3043,0.0001540998486073,0.0001540998486073
CHEMBL3076,0.0001266498599858,0.0001266498599858
CHEMBL3079,3.965029166996001e-05,3.965029166996001e-05
CHEMBL3080,5.13228854644544e-05,5.13228854644544e-05
CHEMBL3123,4.34040331869448e-05,4.34040331869448e-05
CHEMBL3125,4.322876219289868e-05,4.322876219289868e-05
CHEMBL3126,6.653803211460883e-05,6.653803211460883e-05
CHEMBL3142,0.0002269276194907,0.0002269276194907
CHEMBL3143,0.0001369206567575,0.0001369206567575
CHEMBL3155,8.812359080638501e-05,8.812359080638501e-05
CHEMBL3157,0.0001002556014713,0.0001002556014713
CHEMBL3164,0.0002832048196476,0.0002832048196476
CHEMBL3167,0.000126373031321,0.000126373031321
CHEMBL3191,2.943921193594937e-05,2.943921193594937e-05
CHEMBL3201,0.0001088579381589,0.0001088579381589
CHEMBL3230,3.8666281630885664e-05,3.8666281630885664e-05
CHEMBL3231,0.0002666875710975,0.0002666875710975
CHEMBL3233,0.0002179844524703,0.0002179844524703
CHEMBL3240,0.0001440939776212,0.0001440939776212
CHEMBL3253,0.0007609154968916,0.0007609154968916
CHEMBL3254,0.0002492589718251,0.0002492589718251
CHEMBL3256,0.0001044334428138,0.0001044334428138
CHEMBL3276,0.0002535535967153,0.0002535535967153
CHEMBL3311,0.0001450579627453,0.0001450579627453
CHEMBL3351,0.0001039511363525,0.0001039511363525
CHEMBL3371,6.534358933070155e-05,6.534358933070155e-05
CHEMBL3373,0.0003184698395026,0.0003184698395026
CHEMBL3379,8.088856660819487e-05,8.088856660819487e-05
CHEMBL3409,0.0002045491755592,0.0002045491755592
CHEMBL3419,0.0001616433011931,0.0001616433011931
CHEMBL3421,0.0002047141327336,0.0002047141327336
CHEMBL3429,9.531180242912856e-05,9.531180242912856e-05
CHEMBL3438,0.000383515397059,0.000383515397059
CHEMBL3473,0.0002102029433096,0.0002102029433096
CHEMBL3474,0.0001312888382505,0.0001312888382505
CHEMBL3475,0.0002510602993066,0.0002510602993066
CHEMBL3477,0.0001328503801413,0.0001328503801413
CHEMBL3478,0.0001407052266498,0.0001407052266498
CHEMBL3510,2.470108152495033e-05,2.470108152495033e-05
CHEMBL3514,0.0002211799911127,0.0002211799911127
CHEMBL3568,0.0003167806899855,0.0003167806899855
CHEMBL3572,0.0001372071464288,0.0001372071464288
CHEMBL3582,0.0003133140996514,0.0003133140996514
CHEMBL3595,0.0002401430898041,0.0002401430898041
CHEMBL3610,0.000650058895021,0.000650058895021
CHEMBL3636,3.150997177932695e-05,3.150997177932695e-05
CHEMBL3650,0.0004377409888516,0.0004377409888516
CHEMBL3708,0.0001634334835759,0.0001634334835759
CHEMBL3710,7.06966345870363e-05,7.06966345870363e-05
CHEMBL3721,0.0002234255755798,0.0002234255755798
CHEMBL3723,0.0006116990861719,0.0006116990861719
CHEMBL3724,0.000216781804959,0.000216781804959
CHEMBL3727,0.0001393865328897,0.0001393865328897
CHEMBL3764,5.776194364528624e-05,5.776194364528624e-05
CHEMBL3768,0.0002023991086112,0.0002023991086112
CHEMBL3769,0.0002174953291713,0.0002174953291713
CHEMBL3770,1.5102436923990154e-05,1.5102436923990154e-05
CHEMBL3775,0.0003193311105261,0.0003193311105261
CHEMBL3816,0.000182112894781,0.000182112894781
CHEMBL3817,0.000107942717148,0.000107942717148
CHEMBL3819,0.0002092238066088,0.0002092238066088
CHEMBL3841,0.0001874018927854,0.0001874018927854
CHEMBL3856,0.0001307817473248,0.0001307817473248
CHEMBL3861,5.811544566200011e-05,5.811544566200011e-05
CHEMBL3863,0.0001171318369027,0.0001171318369027
CHEMBL3892,5.44029151656985e-05,5.44029151656985e-05
CHEMBL3898,0.0001360688715436,0.0001360688715436
CHEMBL3911,2.6227586346051226e-05,2.6227586346051226e-05
CHEMBL3913,8.659859881587662e-05,8.659859881587662e-05
CHEMBL3958,9.193618676077866e-05,9.193618676077866e-05
CHEMBL3961,0.0005291670491246,0.0005291670491246
CHEMBL3969,5.328107795126269e-05,5.328107795126269e-05
CHEMBL3974,0.0002284391554713,0.0002284391554713
CHEMBL4018,5.255597168847701e-05,5.255597168847701e-05
CHEMBL402,0.0001962221832361,0.0001962221832361
CHEMBL4068,0.0001104256560248,0.0001104256560248
CHEMBL4069,8.979320907719651e-05,8.979320907719651e-05
CHEMBL4071,0.0002361329403091,0.0002361329403091
CHEMBL4072,0.0001422543693622,0.0001422543693622
CHEMBL4074,0.0001215281372099,0.0001215281372099
CHEMBL4076,6.435654502594483e-05,6.435654502594483e-05
CHEMBL4121,0.0004408659872188,0.0004408659872188
CHEMBL4142,0.0003501962831054,0.0003501962831054
CHEMBL4237,9.984162908110474e-05,9.984162908110474e-05
CHEMBL4271,0.0002094316542001,0.0002094316542001
CHEMBL4273,0.0003103149649052,0.0003103149649052
CHEMBL4305,0.0001651665124692,0.0001651665124692
CHEMBL4306,0.0001308847138474,0.0001308847138474
CHEMBL4315,5.810590901530339e-05,5.810590901530339e-05
CHEMBL4330,7.904118921372919e-05,7.904118921372919e-05
CHEMBL4425,0.0001629410219633,0.0001629410219633
CHEMBL4429,3.2797961441928795e-05,3.2797961441928795e-05
CHEMBL4467,1.87438361883859e-05,1.87438361883859e-05
CHEMBL4469,7.883072989898191e-05,7.883072989898191e-05
CHEMBL4478,0.0002295290904346,0.0002295290904346
CHEMBL4549,0.0004307261962231,0.0004307261962231
CHEMBL4550,2.8574136832352108e-05,2.8574136832352108e-05
CHEMBL4551,0.0001401667460439,0.0001401667460439
CHEMBL4573,4.098909723459869e-05,4.098909723459869e-05
CHEMBL4589,0.0002091553752626,0.0002091553752626
CHEMBL4605,0.0001444330300242,0.0001444330300242
CHEMBL4607,0.0001618455919353,0.0001618455919353
CHEMBL4608,2.919015514312664e-05,2.919015514312664e-05
CHEMBL4617,7.078473601335725e-05,7.078473601335725e-05
CHEMBL4633,8.750178677015134e-05,8.750178677015134e-05
CHEMBL4708,8.786889661784256e-05,8.786889661784256e-05
CHEMBL4712,0.0001045953153097,0.0001045953153097
CHEMBL4714,6.899228034701664e-05,6.899228034701664e-05
CHEMBL4715,0.0001315024026676,0.0001315024026676
CHEMBL4716,0.0001058490041294,0.0001058490041294
CHEMBL4744,0.0001055816532036,0.0001055816532036
CHEMBL4761,6.266196224751813e-05,6.266196224751813e-05
CHEMBL4762,0.0003781382115009,0.0003781382115009
CHEMBL4763,0.0001989652303638,0.0001989652303638
CHEMBL4770,0.0001009266220903,0.0001009266220903
CHEMBL4777,8.75414630367696e-05,8.75414630367696e-05
CHEMBL4790,6.785216658925956e-05,6.785216658925956e-05
CHEMBL4794,0.0002329046593546,0.0002329046593546
CHEMBL4805,0.0001149222438423,0.0001149222438423
CHEMBL4806,1.0754073349859809e-05,1.0754073349859809e-05
CHEMBL4808,0.0001201140148891,0.0001201140148891
CHEMBL4811,0.0001344124364304,0.0001344124364304
CHEMBL4812,2.9609861013276912e-05,2.9609861013276912e-05
CHEMBL4813,0.0001549762016694,0.0001549762016694
CHEMBL4815,9.81466561504314e-06,9.81466561504314e-06
CHEMBL4816,0.0003294019018649,0.0003294019018649
CHEMBL4820,4.9630416071389206e-05,4.9630416071389206e-05
CHEMBL4829,0.0001137004115119,0.0001137004115119
CHEMBL4832,0.0001415453575538,0.0001415453575538
CHEMBL4833,0.0001089328097369,0.0001089328097369
CHEMBL4834,7.122080990878823e-05,7.122080990878823e-05
CHEMBL4835,0.0002761161617516,0.0002761161617516
CHEMBL4863,2.3396036845313988e-05,2.3396036845313988e-05
CHEMBL4865,0.0001314369351433,0.0001314369351433
CHEMBL4866,0.0001516865788499,0.0001516865788499
CHEMBL4867,8.169349238686763e-05,8.169349238686763e-05
CHEMBL4868,1.9226148875443063e-05,1.9226148875443063e-05
CHEMBL4869,0.0002553472346872,0.0002553472346872
CHEMBL4872,0.000159531004099,0.000159531004099
CHEMBL4873,3.312323562488832e-05,3.312323562488832e-05
CHEMBL4876,0.0002421255970756,0.0002421255970756
CHEMBL4878,0.000181492469438,0.000181492469438
CHEMBL4880,0.0002825020970212,0.0002825020970212
CHEMBL4881,0.0001514816060283,0.0001514816060283
CHEMBL4883,0.0002999236572726,0.0002999236572726
CHEMBL4892,8.208627436353261e-05,8.208627436353261e-05
CHEMBL4894,5.902746828624617e-05,5.902746828624617e-05
CHEMBL4924,5.494906864064713e-05,5.494906864064713e-05
CHEMBL4925,0.0001316618177571,0.0001316618177571
CHEMBL4928,0.0003015376387274,0.0003015376387274
CHEMBL4939,3.503922768559605e-05,3.503922768559605e-05
CHEMBL4940,0.0001653459687209,0.0001653459687209
CHEMBL4941,3.653168613727953e-05,3.653168613727953e-05
CHEMBL4942,0.0001017477852195,0.0001017477852195
CHEMBL4945,6.503749290058086e-05,6.503749290058086e-05
CHEMBL4947,0.0001360429554596,0.0001360429554596
CHEMBL4949,8.785192281725189e-05,8.785192281725189e-05
CHEMBL4977,0.0009553289466844,0.0009553289466844
CHEMBL4983,0.0001834658481071,0.0001834658481071
CHEMBL4985,9.693927911215911e-05,9.693927911215911e-05
CHEMBL5100,8.38632288353942e-05,8.38632288353942e-05
CHEMBL5103,9.134059035321788e-05,9.134059035321788e-05
CHEMBL5113,4.29015314728995e-05,4.29015314728995e-05
CHEMBL5135,0.0002681998453877,0.0002681998453877
CHEMBL5136,6.350745804988524e-05,6.350745804988524e-05
CHEMBL5444,0.0001496969959777,0.0001496969959777
