drug_chembl_id,min_shortest_path_to_HER2
CHEMBL1778,0
CHEMBL1782,0
CHEMBL1783,0
CHEMBL1785,0
CHEMBL1786,1
CHEMBL1787,0
CHEMBL1790,0
CHEMBL1791,1
CHEMBL1793,0
CHEMBL1795,0
CHEMBL1798,1
CHEMBL1800,0
CHEMBL1803,1
CHEMBL1804,1
CHEMBL1806,0
CHEMBL1807,0
CHEMBL1808,1
CHEMBL1811,1
CHEMBL1817,1
CHEMBL1821,1
CHEMBL1822,1
CHEMBL1824,0
CHEMBL1825,1
CHEMBL1827,0
CHEMBL1832,0
CHEMBL1833,1
CHEMBL1835,1
CHEMBL1836,0
CHEMBL1838,1
CHEMBL1839,0
CHEMBL1842,1
CHEMBL1843,0
CHEMBL1845,1
CHEMBL1846,0
CHEMBL1851,0
CHEMBL1854,0
CHEMBL1855,1
CHEMBL1856,0
CHEMBL1859,1
CHEMBL1860,1
CHEMBL1861,0
CHEMBL1864,0
CHEMBL1867,0
CHEMBL1868,1
CHEMBL1869,1
CHEMBL1871,0
CHEMBL1874,0
CHEMBL1875,1
CHEMBL1876,0
CHEMBL1879,1
CHEMBL1881,0
CHEMBL1882,0
CHEMBL1883,0
CHEMBL1886,1
CHEMBL1889,0
CHEMBL1892,1
CHEMBL1893,1
CHEMBL1898,1
CHEMBL1899,0
CHEMBL1900,1
CHEMBL1901,1
CHEMBL1903,1
CHEMBL1904,0
CHEMBL1905,0
CHEMBL1907,0
CHEMBL1910,1
CHEMBL1911,1
CHEMBL1912,1
CHEMBL1913,0
CHEMBL1914,0
CHEMBL1916,1
CHEMBL1919,0
CHEMBL1920,1
CHEMBL1925,1
CHEMBL1927,1
CHEMBL1929,0
CHEMBL1935,0
CHEMBL1936,0
CHEMBL1940,0
CHEMBL1941,1
CHEMBL1942,0
CHEMBL1944,0
CHEMBL1947,0
CHEMBL1950,1
CHEMBL1951,0
CHEMBL1952,0
CHEMBL1957,0
CHEMBL1958,1
CHEMBL1959,1
CHEMBL1962,1
CHEMBL1963,0
CHEMBL1966,1
CHEMBL1968,1
CHEMBL1969,0
CHEMBL1970,0
CHEMBL1971,0
CHEMBL1972,0
CHEMBL1975,1
CHEMBL1976,0
CHEMBL1977,1
CHEMBL1978,1
CHEMBL1981,1
CHEMBL1983,0
CHEMBL1985,1
CHEMBL1987,0
CHEMBL1988,0
CHEMBL1989,0
CHEMBL1991,0
CHEMBL1992,0
CHEMBL1993,1
CHEMBL1994,0
CHEMBL1995,1
CHEMBL1996,0
CHEMBL1997,1
CHEMBL2000,0
CHEMBL2001,0
CHEMBL2002,1
CHEMBL2004,0
CHEMBL2008,0
CHEMBL2014,1
CHEMBL2015,1
CHEMBL202,1
CHEMBL2023,1
CHEMBL2027,1
CHEMBL203,0
CHEMBL2033,0
CHEMBL2034,0
CHEMBL2035,1
CHEMBL2039,0
CHEMBL2040,1
CHEMBL2044,1
CHEMBL2045,1
CHEMBL2049,0
CHEMBL205,1
CHEMBL2050,0
CHEMBL2055,0
CHEMBL2056,1
CHEMBL2057,1
CHEMBL2058,1
CHEMBL2059,0
CHEMBL206,0
CHEMBL2060,0
CHEMBL2061,0
CHEMBL2062,0
CHEMBL2063,1
CHEMBL2064,0
CHEMBL2066,0
CHEMBL2069,1
CHEMBL207,0
CHEMBL2070,1
CHEMBL2071,0
CHEMBL2074,0
CHEMBL2075,1
CHEMBL2076,1
CHEMBL2079,0
CHEMBL208,0
CHEMBL2081,1
CHEMBL2083,0
CHEMBL2084,1
CHEMBL2085,0
CHEMBL2086,0
CHEMBL2088,0
CHEMBL209,1
CHEMBL2094,1
CHEMBL2099,0
CHEMBL210,0
CHEMBL2100,1
CHEMBL2102,1
CHEMBL2104,1
CHEMBL2105,1
CHEMBL2106,0
CHEMBL2107,0
CHEMBL2108,1
CHEMBL2109,1
CHEMBL2114,0
CHEMBL2116,1
CHEMBL2117,1
CHEMBL212,1
CHEMBL2120,0
CHEMBL2121,0
CHEMBL2123,1
CHEMBL2127,1
CHEMBL213,0
CHEMBL2131,0
CHEMBL2139,0
CHEMBL2147,0
CHEMBL2148,0
CHEMBL215,1
CHEMBL2156,0
CHEMBL2158,1
CHEMBL2159,0
CHEMBL216,1
CHEMBL2160,1
CHEMBL2161,1
CHEMBL2164,0
CHEMBL2167,0
CHEMBL217,0
CHEMBL2171,0
CHEMBL218,0
CHEMBL2182,2
CHEMBL2184,1
CHEMBL2185,0
CHEMBL219,1
CHEMBL2193,1
CHEMBL2194,0
CHEMBL220,1
CHEMBL2200,1
CHEMBL2202,0
CHEMBL2206,1
CHEMBL221,1
CHEMBL222,0
CHEMBL223,0
CHEMBL224,0
CHEMBL2249,1
CHEMBL225,1
CHEMBL226,0
CHEMBL227,0
CHEMBL228,1
CHEMBL229,0
CHEMBL230,0
CHEMBL231,1
CHEMBL232,0
CHEMBL2326,1
CHEMBL2327,1
CHEMBL2335,1
CHEMBL235,0
CHEMBL236,1
CHEMBL2360,1
CHEMBL237,1
CHEMBL238,1
CHEMBL2388,1
CHEMBL239,0
CHEMBL2392,1
CHEMBL2399,1
CHEMBL240,1
CHEMBL2401,0
CHEMBL241,0
CHEMBL2412,0
CHEMBL2413,1
CHEMBL2414,0
CHEMBL2419,1
CHEMBL242,0
CHEMBL2421,0
CHEMBL2428,0
CHEMBL2430,0
CHEMBL2433,1
CHEMBL2434,0
CHEMBL2438,1
CHEMBL2439,0
CHEMBL244,0
CHEMBL2441,1
CHEMBL2442,0
CHEMBL2443,0
CHEMBL2447,1
CHEMBL245,0
CHEMBL2457,1
CHEMBL246,0
CHEMBL2460,1
CHEMBL2461,1
CHEMBL2465,0
CHEMBL2468,1
CHEMBL2469,2
CHEMBL2476,1
CHEMBL2478,0
CHEMBL248,0
CHEMBL2484,1
CHEMBL2487,1
CHEMBL249,0
CHEMBL2490,0
CHEMBL2492,0
CHEMBL2493,0
CHEMBL2494,1
CHEMBL2498,0
CHEMBL250,1
CHEMBL2502,0
CHEMBL2503,1
CHEMBL2506,0
CHEMBL2508,0
CHEMBL251,0
CHEMBL2514,1
CHEMBL2517,0
CHEMBL252,1
CHEMBL2524,1
CHEMBL2525,1
CHEMBL2527,0
CHEMBL253,1
CHEMBL2531,1
CHEMBL2534,1
CHEMBL2536,0
CHEMBL254,1
CHEMBL255,1
CHEMBL2552,0
CHEMBL2553,1
CHEMBL2559,0
CHEMBL256,1
CHEMBL2575,1
CHEMBL258,0
CHEMBL2581,1
CHEMBL2582,0
CHEMBL259,1
CHEMBL2595,1
CHEMBL2597,0
CHEMBL2599,0
CHEMBL2600,1
CHEMBL2608,1
CHEMBL2609,0
CHEMBL2626,0
CHEMBL2632,0
CHEMBL2634,1
CHEMBL264,1
CHEMBL2641,0
CHEMBL2650,0
CHEMBL2652,0
CHEMBL2655,1
CHEMBL2656,1
CHEMBL267,0
CHEMBL268,1
CHEMBL2692,1
CHEMBL271,1
CHEMBL2736,0
CHEMBL274,1
CHEMBL275,1
CHEMBL2754,1
CHEMBL278,1
CHEMBL279,0
CHEMBL2796,0
CHEMBL280,0
CHEMBL281,0
CHEMBL2835,0
CHEMBL2847,0
CHEMBL2849,0
CHEMBL2882,1
CHEMBL2883,0
CHEMBL2885,0
CHEMBL2886,0
CHEMBL2887,0
CHEMBL2888,0
CHEMBL2896,1
CHEMBL2897,0
CHEMBL2918,1
CHEMBL2938,1
CHEMBL2940,0
CHEMBL2959,0
CHEMBL2960,0
CHEMBL2963,0
CHEMBL2964,0
CHEMBL2971,0
CHEMBL2972,0
CHEMBL2979,1
CHEMBL3023,1
CHEMBL3024,0
CHEMBL3025,0
CHEMBL3028,1
CHEMBL3030,0
CHEMBL3038,0
CHEMBL3040,0
CHEMBL3043,0
CHEMBL3076,0
CHEMBL3079,1
CHEMBL3080,1
CHEMBL3123,0
CHEMBL3125,1
CHEMBL3126,1
CHEMBL3142,1
CHEMBL3143,0
CHEMBL3155,0
CHEMBL3157,1
CHEMBL3164,0
CHEMBL3167,1
CHEMBL3191,1
CHEMBL3201,0
CHEMBL3230,1
CHEMBL3231,0
CHEMBL3233,0
CHEMBL3240,1
CHEMBL3253,0
CHEMBL3254,0
CHEMBL3256,1
CHEMBL3276,1
CHEMBL3311,1
CHEMBL3351,1
CHEMBL3371,1
CHEMBL3373,0
CHEMBL3379,1
CHEMBL3409,0
CHEMBL3419,1
CHEMBL3421,0
CHEMBL3429,1
CHEMBL3438,1
CHEMBL3473,1
CHEMBL3474,0
CHEMBL3475,1
CHEMBL3477,0
CHEMBL3478,0
CHEMBL3510,1
CHEMBL3514,1
CHEMBL3568,0
CHEMBL3572,1
CHEMBL3582,0
CHEMBL3595,0
CHEMBL3610,0
CHEMBL3636,1
CHEMBL3650,0
CHEMBL3708,1
CHEMBL3710,0
CHEMBL3721,0
CHEMBL3723,0
CHEMBL3724,0
CHEMBL3727,0
CHEMBL3764,1
CHEMBL3768,0
CHEMBL3769,1
CHEMBL3770,0
CHEMBL3775,0
CHEMBL3816,0
CHEMBL3817,1
CHEMBL3819,0
CHEMBL3841,1
CHEMBL3856,1
CHEMBL3861,0
CHEMBL3863,0
CHEMBL3892,1
CHEMBL3898,1
CHEMBL3911,1
CHEMBL3913,1
CHEMBL3958,1
CHEMBL3961,1
CHEMBL3969,1
CHEMBL3974,1
CHEMBL4018,0
CHEMBL402,1
CHEMBL4068,0
CHEMBL4069,0
CHEMBL4071,0
CHEMBL4072,1
CHEMBL4074,1
CHEMBL4076,1
CHEMBL4121,1
CHEMBL4142,0
CHEMBL4237,1
CHEMBL4271,1
CHEMBL4273,1
CHEMBL4305,1
CHEMBL4306,0
CHEMBL4315,1
CHEMBL4330,0
CHEMBL4425,0
CHEMBL4429,1
CHEMBL4467,1
CHEMBL4469,1
CHEMBL4478,0
CHEMBL4549,0
CHEMBL4550,1
CHEMBL4551,1
CHEMBL4573,0
CHEMBL4589,0
CHEMBL4605,0
CHEMBL4607,1
CHEMBL4608,1
CHEMBL4617,0
CHEMBL4633,1
CHEMBL4708,1
CHEMBL4712,1
CHEMBL4714,0
CHEMBL4715,1
CHEMBL4716,0
CHEMBL4744,0
CHEMBL4761,1
CHEMBL4762,0
CHEMBL4763,1
CHEMBL4770,0
CHEMBL4777,0
CHEMBL4790,1
CHEMBL4794,1
CHEMBL4805,1
CHEMBL4806,1
CHEMBL4808,0
CHEMBL4811,1
CHEMBL4812,0
CHEMBL4813,0
CHEMBL4815,1
CHEMBL4816,0
CHEMBL4820,0
CHEMBL4829,0
CHEMBL4832,1
CHEMBL4833,0
CHEMBL4834,1
CHEMBL4835,1
CHEMBL4863,0
CHEMBL4865,0
CHEMBL4866,0
CHEMBL4867,0
CHEMBL4868,1
CHEMBL4869,0
CHEMBL4872,0
CHEMBL4873,1
CHEMBL4876,1
CHEMBL4878,1
CHEMBL4880,0
CHEMBL4881,1
CHEMBL4883,0
CHEMBL4892,0
CHEMBL4894,1
CHEMBL4924,1
CHEMBL4925,1
CHEMBL4928,0
CHEMBL4939,0
CHEMBL4940,0
CHEMBL4941,1
CHEMBL4942,1
CHEMBL4945,0
CHEMBL4947,0
CHEMBL4949,1
CHEMBL4977,0
CHEMBL4983,1
CHEMBL4985,0
CHEMBL5100,0
CHEMBL5103,1
CHEMBL5113,0
CHEMBL5135,1
CHEMBL5136,1
CHEMBL5444,1
