drug,tnbc_pathway_overlap_jaccard,n_shared_pathways_tnbc
CHEMBL1778,0.009009009009009009,16
CHEMBL1782,0.00281214848143982,5
CHEMBL1783,0.01632882882882883,29
CHEMBL1785,0.00563063063063063,10
CHEMBL1786,0.0011254924029262803,2
CHEMBL1787,0.002815315315315315,5
CHEMBL1790,0.008993816750983699,16
CHEMBL1791,0.0028137310073157004,5
CHEMBL1793,0.0033783783783783786,6
CHEMBL1795,0.0016891891891891893,3
CHEMBL1798,0.008431703204047217,15
CHEMBL1800,0.0033783783783783786,6
CHEMBL1803,0.007882882882882882,14
CHEMBL1804,0.003941441441441441,7
CHEMBL1806,0.00563063063063063,10
CHEMBL1807,0.006193693693693694,11
CHEMBL1808,0.0016891891891891893,3
CHEMBL1811,0.003374578177727784,6
CHEMBL1817,0.0033783783783783786,6
CHEMBL1821,0.0045045045045045045,8
CHEMBL1822,0.006749156355455568,12
CHEMBL1824,0.03265765765765766,58
CHEMBL1827,0.0061902082160945416,11
CHEMBL1832,0.0033764772087788407,6
CHEMBL1833,0.0039392234102419805,7
CHEMBL1835,0.005621135469364812,10
CHEMBL1836,0.003374578177727784,6
CHEMBL1839,0.0022522522522522522,4
CHEMBL1842,0.00563063063063063,10
CHEMBL1843,0.001687289088863892,3
CHEMBL1845,0.0045045045045045045,8
CHEMBL1846,0.0033783783783783786,6
CHEMBL1851,0.00731981981981982,13
CHEMBL1854,0.0033764772087788407,6
CHEMBL1855,0.0033764772087788407,6
CHEMBL1856,0.002815315315315315,5
CHEMBL1859,0.00563063063063063,10
CHEMBL1860,0.005067567567567568,9
CHEMBL1861,0.0011248593925759281,2
CHEMBL1864,0.0016891891891891893,3
CHEMBL1867,0.009561304836895388,17
CHEMBL1868,0.0033783783783783786,6
CHEMBL1869,0.0011248593925759281,2
CHEMBL1871,0.01295045045045045,23
CHEMBL1874,0.0022471910112359553,4
CHEMBL1875,0.0039392234102419805,7
CHEMBL1876,0.0022471910112359553,4
CHEMBL1881,0.003374578177727784,6
CHEMBL1882,0.0016835016835016834,3
CHEMBL1883,0.0016835016835016834,3
CHEMBL1886,0.007869589657110737,14
CHEMBL1889,0.00505902192242833,9
CHEMBL1892,0.0016891891891891893,3
CHEMBL1893,0.0033783783783783786,6
CHEMBL1898,0.0039392234102419805,7
CHEMBL1899,0.0016891891891891893,3
CHEMBL1900,0.0028089887640449437,5
CHEMBL1901,0.003941441441441441,7
CHEMBL1903,0.003374578177727784,6
CHEMBL1904,0.018018018018018018,32
CHEMBL1905,0.04110360360360361,73
CHEMBL1907,0.0033783783783783786,6
CHEMBL1910,0.0028058361391694723,5
CHEMBL1911,0.0022509848058525606,4
CHEMBL1912,0.0016891891891891893,3
CHEMBL1913,0.008445945945945946,15
CHEMBL1914,0.005621135469364812,10
CHEMBL1916,0.009561304836895388,17
CHEMBL1919,0.0028137310073157004,5
CHEMBL1920,0.003941441441441441,7
CHEMBL1925,0.003941441441441441,7
CHEMBL1927,0.0140607424071991,25
CHEMBL1929,0.003372681281618887,6
CHEMBL1935,0.0050561797752808986,9
CHEMBL1936,0.02364864864864865,42
CHEMBL1940,0.00731981981981982,13
CHEMBL1941,0.0039392234102419805,7
CHEMBL1942,0.006752954417557681,12
CHEMBL1944,0.007882882882882882,14
CHEMBL1947,0.005067567567567568,9
CHEMBL1950,0.0039392234102419805,7
CHEMBL1951,0.007278835386338186,13
CHEMBL1952,0.0045045045045045045,8
CHEMBL1957,0.007882882882882882,14
CHEMBL1958,0.0033764772087788407,6
CHEMBL1959,0.006193693693693694,11
CHEMBL1962,0.003941441441441441,7
CHEMBL1963,0.0033764772087788407,6
CHEMBL1966,0.0011248593925759281,2
CHEMBL1968,0.0016891891891891893,3
CHEMBL1969,0.0016882386043894203,3
CHEMBL1970,0.003932584269662922,7
CHEMBL1971,0.006186726659167604,11
CHEMBL1972,0.009572072072072071,17
CHEMBL1975,0.00563063063063063,10
CHEMBL1976,0.0022522522522522522,4
CHEMBL1977,0.00731981981981982,13
CHEMBL1978,0.005621135469364812,10
CHEMBL1981,0.005627462014631401,10
CHEMBL1983,0.0039392234102419805,7
CHEMBL1985,0.006193693693693694,11
CHEMBL1987,0.003374578177727784,6
CHEMBL1988,0.0016891891891891893,3
CHEMBL1989,0.006749156355455568,12
CHEMBL1991,0.04617117117117117,82
CHEMBL1992,0.00843644544431946,15
CHEMBL1993,0.01124859392575928,20
CHEMBL1994,0.006756756756756757,12
CHEMBL1995,0.005061867266591676,9
CHEMBL1996,0.0045045045045045045,8
CHEMBL1997,0.0022484541877459247,4
CHEMBL2000,0.005061867266591676,9
CHEMBL2001,0.00562429696287964,10
CHEMBL2002,0.006749156355455568,12
CHEMBL2004,0.003941441441441441,7
CHEMBL2008,0.00563063063063063,10
CHEMBL2014,0.003941441441441441,7
CHEMBL2015,0.01295045045045045,23
CHEMBL202,0.005627462014631401,10
CHEMBL2023,0.005614823133071308,10
CHEMBL2027,0.0,0
CHEMBL203,0.04391891891891892,78
CHEMBL2033,0.005621135469364812,10
CHEMBL2034,0.015765765765765764,28
CHEMBL2035,0.0045045045045045045,8
CHEMBL2039,0.001687289088863892,3
CHEMBL2040,0.0011261261261261261,2
CHEMBL2044,0.0022509848058525606,4
CHEMBL2045,0.0022484541877459247,4
CHEMBL2049,0.0039392234102419805,7
CHEMBL205,0.0033707865168539327,6
CHEMBL2050,0.002815315315315315,5
CHEMBL2055,0.010698198198198198,19
CHEMBL2056,0.0039392234102419805,7
CHEMBL2057,0.005627462014631401,10
CHEMBL2059,0.0022509848058525606,4
CHEMBL206,0.02421171171171171,43
CHEMBL2060,0.01126126126126126,20
CHEMBL2061,0.0365990990990991,65
CHEMBL2062,0.0033783783783783786,6
CHEMBL2063,0.001687289088863892,3
CHEMBL2064,0.009572072072072071,17
CHEMBL2066,0.0011261261261261261,2
CHEMBL2069,0.006186726659167604,11
CHEMBL207,0.02702702702702703,48
CHEMBL2070,0.04756575265808618,85
CHEMBL2071,0.005061867266591676,9
CHEMBL2074,0.0016863406408094434,3
CHEMBL2075,0.00563063063063063,10
CHEMBL2076,0.0039303761931499155,7
CHEMBL2079,0.0016882386043894203,3
CHEMBL208,0.014076576576576577,25
CHEMBL2081,0.003941441441441441,7
CHEMBL2083,0.00731981981981982,13
CHEMBL2084,0.0016891891891891893,3
CHEMBL2085,0.00563063063063063,10
CHEMBL2086,0.0016891891891891893,3
CHEMBL2088,0.0022522522522522522,4
CHEMBL209,0.0061902082160945416,11
CHEMBL2094,0.003941441441441441,7
CHEMBL2099,0.0045045045045045045,8
CHEMBL210,0.009009009009009009,16
CHEMBL2100,0.003937007874015748,7
CHEMBL2102,0.0022522522522522522,4
CHEMBL2104,0.00563063063063063,10
CHEMBL2105,0.0033707865168539327,6
CHEMBL2106,0.006756756756756757,12
CHEMBL2107,0.01463963963963964,26
CHEMBL2108,0.0111731843575419,20
CHEMBL2109,0.018018018018018018,32
CHEMBL2114,0.003374578177727784,6
CHEMBL2116,0.02304665542439573,41
CHEMBL2117,0.02023608768971332,36
CHEMBL212,0.02027027027027027,36
CHEMBL2120,0.038829487900956666,69
CHEMBL2121,0.00563063063063063,10
CHEMBL2123,0.003374578177727784,6
CHEMBL2127,0.0033783783783783786,6
CHEMBL213,0.0045045045045045045,8
CHEMBL2131,0.0016882386043894203,3
CHEMBL2139,0.0011261261261261261,2
CHEMBL2147,0.007882882882882882,14
CHEMBL2148,0.013513513513513514,24
CHEMBL215,0.010638297872340425,19
CHEMBL2156,0.0016891891891891893,3
CHEMBL2158,0.002815315315315315,5
CHEMBL2159,0.0028137310073157004,5
CHEMBL216,0.0045045045045045045,8
CHEMBL2160,0.004501969611705121,8
CHEMBL2161,0.0033764772087788407,6
CHEMBL2164,0.01463963963963964,26
CHEMBL2167,0.07995495495495496,142
CHEMBL217,0.0028137310073157004,5
CHEMBL2171,0.02702702702702703,48
CHEMBL218,0.0033783783783783786,6
CHEMBL2182,0.0039392234102419805,7
CHEMBL2184,0.0033707865168539327,6
CHEMBL2185,0.019144144144144143,34
CHEMBL219,0.0039392234102419805,7
CHEMBL2193,0.00505902192242833,9
CHEMBL2194,0.0028137310073157004,5
CHEMBL220,0.004496908375491849,8
CHEMBL2200,0.0033764772087788407,6
CHEMBL2202,0.0039303761931499155,7
CHEMBL2206,0.003941441441441441,7
CHEMBL221,0.0039392234102419805,7
CHEMBL222,0.0022484541877459247,4
CHEMBL223,0.005067567567567568,9
CHEMBL224,0.0039392234102419805,7
CHEMBL2249,0.002815315315315315,5
CHEMBL225,0.0039392234102419805,7
CHEMBL226,0.003374578177727784,6
CHEMBL227,0.006193693693693694,11
CHEMBL228,0.0022484541877459247,4
CHEMBL229,0.005067567567567568,9
CHEMBL230,0.009572072072072071,17
CHEMBL231,0.0039392234102419805,7
CHEMBL232,0.005067567567567568,9
CHEMBL2326,0.0005627462014631402,1
CHEMBL2327,0.0039392234102419805,7
CHEMBL2335,0.0033783783783783786,6
CHEMBL235,0.016891891891891893,30
CHEMBL236,0.006193693693693694,11
CHEMBL2360,0.003368893879842785,6
CHEMBL237,0.006756756756756757,12
CHEMBL238,0.003367003367003367,6
CHEMBL2388,0.0016882386043894203,3
CHEMBL239,0.018581081081081082,33
CHEMBL2392,0.005621135469364812,10
CHEMBL2399,0.008983717012914094,16
CHEMBL240,0.0028137310073157004,5
CHEMBL2401,0.007315700619020821,13
CHEMBL241,0.0022522522522522522,4
CHEMBL2412,0.03209459459459459,57
CHEMBL2413,0.006756756756756757,12
CHEMBL2414,0.0045045045045045045,8
CHEMBL2419,0.0022509848058525606,4
CHEMBL242,0.009009009009009009,16
CHEMBL2421,0.003941441441441441,7
CHEMBL2428,0.003941441441441441,7
CHEMBL2430,0.0033783783783783786,6
CHEMBL2433,0.0016891891891891893,3
CHEMBL2434,0.006193693693693694,11
CHEMBL2438,0.0016891891891891893,3
CHEMBL2439,0.0022509848058525606,4
CHEMBL244,0.006726457399103139,12
CHEMBL2441,0.0016891891891891893,3
CHEMBL2442,0.006193693693693694,11
CHEMBL2443,0.0033783783783783786,6
CHEMBL2447,0.0011242270938729624,2
CHEMBL245,0.006756756756756757,12
CHEMBL2457,0.002815315315315315,5
CHEMBL246,0.0045045045045045045,8
CHEMBL2465,0.0011248593925759281,2
CHEMBL2468,0.0016882386043894203,3
CHEMBL2469,0.0011248593925759281,2
CHEMBL2476,0.0045045045045045045,8
CHEMBL2478,0.0,0
CHEMBL248,0.009566685424873381,17
CHEMBL2484,0.0016853932584269663,3
CHEMBL2487,0.037162162162162164,66
CHEMBL249,0.0061902082160945416,11
CHEMBL2490,0.0039392234102419805,7
CHEMBL2492,0.0016863406408094434,3
CHEMBL2493,0.0033764772087788407,6
CHEMBL2494,0.018570624648283626,33
CHEMBL2498,0.07713963963963964,137
CHEMBL250,0.007882882882882882,14
CHEMBL2502,0.002815315315315315,5
CHEMBL2503,0.0016882386043894203,3
CHEMBL2506,0.08783783783783784,156
CHEMBL2508,0.015765765765765764,28
CHEMBL251,0.006745362563237774,12
CHEMBL2514,0.003941441441441441,7
CHEMBL2517,0.0016891891891891893,3
CHEMBL252,0.003941441441441441,7
CHEMBL2524,0.003374578177727784,6
CHEMBL2527,0.013513513513513514,24
CHEMBL253,0.0033783783783783786,6
CHEMBL2531,0.0022522522522522522,4
CHEMBL2534,0.0421822272215973,75
CHEMBL2536,0.008993816750983699,16
CHEMBL254,0.003941441441441441,7
CHEMBL255,0.007869589657110737,14
CHEMBL2552,0.003941441441441441,7
CHEMBL2553,0.0281214848143982,50
CHEMBL2559,0.002815315315315315,5
CHEMBL256,0.003374578177727784,6
CHEMBL2575,0.005627462014631401,10
CHEMBL258,0.029842342342342343,53
CHEMBL2581,0.009566685424873381,17
CHEMBL2582,0.03490990990990991,62
CHEMBL259,0.00563063063063063,10
CHEMBL2595,0.0016882386043894203,3
CHEMBL2597,0.041969781757134866,75
CHEMBL2599,0.026463963963963964,47
CHEMBL2600,0.010135135135135136,18
CHEMBL2608,0.00562429696287964,10
CHEMBL2609,0.0016891891891891893,3
CHEMBL2626,0.006749156355455568,12
CHEMBL2632,0.015765765765765764,28
CHEMBL2634,0.019707207207207207,35
CHEMBL264,0.0028137310073157004,5
CHEMBL2641,0.0016891891891891893,3
CHEMBL2650,0.009566685424873381,17
CHEMBL2652,0.0045045045045045045,8
CHEMBL2655,0.0259009009009009,46
CHEMBL2656,0.0011254924029262803,2
CHEMBL267,0.0945945945945946,168
CHEMBL268,0.007878446820483961,14
CHEMBL2692,0.0016891891891891893,3
CHEMBL271,0.01295045045045045,23
CHEMBL2736,0.005067567567567568,9
CHEMBL274,0.010698198198198198,19
CHEMBL275,0.0033783783783783786,6
CHEMBL2754,0.018018018018018018,32
CHEMBL278,0.009572072072072071,17
CHEMBL279,0.010135135135135136,18
CHEMBL2796,0.005621135469364812,10
CHEMBL280,0.006193693693693694,11
CHEMBL281,0.0011235955056179776,2
CHEMBL2835,0.03153153153153153,56
CHEMBL2847,0.018581081081081082,33
CHEMBL2849,0.009009009009009009,16
CHEMBL2882,0.0039392234102419805,7
CHEMBL2883,0.003937007874015748,7
CHEMBL2885,0.0005627462014631402,1
CHEMBL2886,0.005627462014631401,10
CHEMBL2887,0.0072992700729927005,13
CHEMBL2888,0.0033783783783783786,6
CHEMBL2896,0.012387387387387387,22
CHEMBL2897,0.020833333333333332,37
CHEMBL2918,0.04448198198198198,79
CHEMBL2938,0.015202702702702704,27
CHEMBL2940,0.005067567567567568,9
CHEMBL2959,0.003941441441441441,7
CHEMBL2960,0.028716216216216218,51
CHEMBL2963,0.0022522522522522522,4
CHEMBL2964,0.019122609673790775,34
CHEMBL2971,0.0365990990990991,65
CHEMBL2972,0.0022522522522522522,4
CHEMBL2979,0.002815315315315315,5
CHEMBL3023,0.0016882386043894203,3
CHEMBL3024,0.028716216216216218,51
CHEMBL3025,0.0005627462014631402,1
CHEMBL3028,0.0022522522522522522,4
CHEMBL3030,0.028153153153153154,50
CHEMBL3038,0.0016891891891891893,3
CHEMBL3040,0.008445945945945946,15
CHEMBL3043,0.0011248593925759281,2
CHEMBL3076,0.0022484541877459247,4
CHEMBL3079,0.0016882386043894203,3
CHEMBL3080,0.0016863406408094434,3
CHEMBL3123,0.0016882386043894203,3
CHEMBL3125,0.002815315315315315,5
CHEMBL3126,0.0033783783783783786,6
CHEMBL3142,0.00562429696287964,10
CHEMBL3143,0.012324929971988795,22
CHEMBL3155,0.0044994375703037125,8
CHEMBL3157,0.0045045045045045045,8
CHEMBL3164,0.02702702702702703,48
CHEMBL3167,0.0033764772087788407,6
CHEMBL3191,0.003374578177727784,6
CHEMBL3201,0.005064715813168261,9
CHEMBL3230,0.0033764772087788407,6
CHEMBL3233,0.016882386043894203,30
CHEMBL3240,0.005627462014631401,10
CHEMBL3253,0.017454954954954954,31
CHEMBL3254,0.007278835386338186,13
CHEMBL3256,0.007882882882882882,14
CHEMBL3276,0.006756756756756757,12
CHEMBL3311,0.008445945945945946,15
CHEMBL3351,0.007865168539325843,14
CHEMBL3371,0.0039392234102419805,7
CHEMBL3373,0.009009009009009009,16
CHEMBL3379,0.0044943820224719105,8
CHEMBL3409,0.007882882882882882,14
CHEMBL3419,0.003941441441441441,7
CHEMBL3421,0.009566685424873381,17
CHEMBL3429,0.00731981981981982,13
CHEMBL3438,0.010698198198198198,19
CHEMBL3473,0.0045045045045045045,8
CHEMBL3474,0.0033651149747616375,6
CHEMBL3475,0.011824324324324325,21
CHEMBL3477,0.0045045045045045045,8
CHEMBL3478,0.0061902082160945416,11
CHEMBL3510,0.0005627462014631402,1
CHEMBL3514,0.0016891891891891893,3
CHEMBL3568,0.005067567567567568,9
CHEMBL3572,0.005067567567567568,9
CHEMBL3582,0.009572072072072071,17
CHEMBL3595,0.006193693693693694,11
CHEMBL3610,0.03153153153153153,56
CHEMBL3636,0.003941441441441441,7
CHEMBL3650,0.026463963963963964,47
CHEMBL3708,0.017425519955030916,31
CHEMBL3710,0.003374578177727784,6
CHEMBL3721,0.009572072072072071,17
CHEMBL3723,0.013513513513513514,24
CHEMBL3724,0.0039392234102419805,7
CHEMBL3727,0.0016891891891891893,3
CHEMBL3764,0.003941441441441441,7
CHEMBL3768,0.007882882882882882,14
CHEMBL3769,0.0061902082160945416,11
CHEMBL3770,0.0011248593925759281,2
CHEMBL3775,0.015765765765765764,28
CHEMBL3816,0.012870733072188025,23
CHEMBL3817,0.010135135135135136,18
CHEMBL3819,0.0039392234102419805,7
CHEMBL3841,0.0016891891891891893,3
CHEMBL3856,0.0033764772087788407,6
CHEMBL3861,0.0039392234102419805,7
CHEMBL3863,0.0016882386043894203,3
CHEMBL3892,0.005064715813168261,9
CHEMBL3898,0.006193693693693694,11
CHEMBL3911,0.003374578177727784,6
CHEMBL3913,0.006186726659167604,11
CHEMBL3958,0.005067567567567568,9
CHEMBL3961,0.0365990990990991,65
CHEMBL3969,0.0005627462014631402,1
CHEMBL3974,0.0061902082160945416,11
CHEMBL4018,0.003941441441441441,7
CHEMBL402,0.00562429696287964,10
CHEMBL4068,0.005067567567567568,9
CHEMBL4069,0.005067567567567568,9
CHEMBL4071,0.013505908835115363,24
CHEMBL4072,0.011254924029262802,20
CHEMBL4074,0.0016891891891891893,3
CHEMBL4076,0.004496908375491849,8
CHEMBL4121,0.036036036036036036,64
CHEMBL4142,0.021396396396396396,38
CHEMBL4237,0.020821609454136185,37
CHEMBL4271,0.0033783783783783786,6
CHEMBL4273,0.009572072072072071,17
CHEMBL4305,0.0011254924029262803,2
CHEMBL4306,0.0028137310073157004,5
CHEMBL4315,0.00562429696287964,10
CHEMBL4330,0.007307476110174255,13
CHEMBL4425,0.009566685424873381,17
CHEMBL4429,0.0039392234102419805,7
CHEMBL4467,0.002815315315315315,5
CHEMBL4469,0.00281214848143982,5
CHEMBL4478,0.0011254924029262803,2
CHEMBL4549,0.02364864864864865,42
CHEMBL4550,0.002810567734682406,5
CHEMBL4551,0.007878446820483961,14
CHEMBL4573,0.0033783783783783786,6
CHEMBL4589,0.0022522522522522522,4
CHEMBL4605,0.0011248593925759281,2
CHEMBL4607,0.003941441441441441,7
CHEMBL4608,0.00563063063063063,10
CHEMBL4617,0.0016882386043894203,3
CHEMBL4633,0.0016891891891891893,3
CHEMBL4708,0.0011261261261261261,2
CHEMBL4712,0.004496908375491849,8
CHEMBL4714,0.003374578177727784,6
CHEMBL4715,0.003925967470555244,7
CHEMBL4716,0.0022522522522522522,4
CHEMBL4744,0.009561304836895388,17
CHEMBL4761,0.010135135135135136,18
CHEMBL4763,0.03322072072072072,59
CHEMBL4770,0.0016882386043894203,3
CHEMBL4777,0.003941441441441441,7
CHEMBL4790,0.00562429696287964,10
CHEMBL4794,0.0016882386043894203,3
CHEMBL4805,0.010135135135135136,18
CHEMBL4808,0.0016844469399213925,3
CHEMBL4811,0.0011235955056179776,2
CHEMBL4812,0.0016891891891891893,3
CHEMBL4813,0.005621135469364812,10
CHEMBL4815,0.0039392234102419805,7
CHEMBL4816,0.04560810810810811,81
CHEMBL4820,0.003374578177727784,6
CHEMBL4829,0.0061902082160945416,11
CHEMBL4832,0.0067226890756302525,12
CHEMBL4833,0.0016882386043894203,3
CHEMBL4834,0.0016835016835016834,3
CHEMBL4835,0.0022522522522522522,4
CHEMBL4863,0.002815315315315315,5
CHEMBL4865,0.007878446820483961,14
CHEMBL4866,0.00563063063063063,10
CHEMBL4867,0.003937007874015748,7
CHEMBL4868,0.0016891891891891893,3
CHEMBL4869,0.003941441441441441,7
CHEMBL4872,0.0016882386043894203,3
CHEMBL4873,0.0022522522522522522,4
CHEMBL4876,0.005067567567567568,9
CHEMBL4878,0.006749156355455568,12
CHEMBL4880,0.002815315315315315,5
CHEMBL4881,0.0028137310073157004,5
CHEMBL4883,0.005067567567567568,9
CHEMBL4892,0.005067567567567568,9
CHEMBL4894,0.003941441441441441,7
CHEMBL4924,0.0061902082160945416,11
CHEMBL4925,0.0016891891891891893,3
CHEMBL4928,0.02927927927927928,52
CHEMBL4939,0.0022522522522522522,4
CHEMBL4940,0.0016891891891891893,3
CHEMBL4941,0.005064715813168261,9
CHEMBL4942,0.0022522522522522522,4
CHEMBL4945,0.0016882386043894203,3
CHEMBL4947,0.0011254924029262803,2
CHEMBL4949,0.004496908375491849,8
CHEMBL4977,0.039414414414414414,70
CHEMBL4983,0.005061867266591676,9
CHEMBL4985,0.0011248593925759281,2
CHEMBL5100,0.0011254924029262803,2
CHEMBL5103,0.010135135135135136,18
CHEMBL5113,0.0039392234102419805,7
CHEMBL5135,0.0033764772087788407,6
CHEMBL5136,0.007882882882882882,14
CHEMBL5444,0.013513513513513514,24
