drug,crispr_essentiality_luminal,n_targets_in_crispr_luminal
CHEMBL1778,0.006237547558439876,1
CHEMBL1782,-0.7929074523923614,1
CHEMBL1785,0.04966136260412555,1
CHEMBL1786,0.0029273269388837664,1
CHEMBL1787,0.06013498066996719,1
CHEMBL1790,-0.04722772404211806,1
CHEMBL1791,0.008214008359487506,1
CHEMBL1793,0.10944063245142224,1
CHEMBL1795,-0.06032715160359159,1
CHEMBL1798,-0.0882760703337004,1
CHEMBL1800,-0.0403116418249208,1
CHEMBL1803,0.019755397673801564,1
CHEMBL1804,-0.056867911922523016,1
CHEMBL1806,-1.8320099617179038,1
CHEMBL1807,-1.0966992515571536,1
CHEMBL1808,-0.0502522719751933,1
CHEMBL1811,-0.011197808506324923,1
CHEMBL1817,-0.02497909009721551,1
CHEMBL1821,-0.16693615091839614,1
CHEMBL1822,-0.31565548356668255,1
CHEMBL1824,-0.22762859013982992,1
CHEMBL1825,0.031755864692779,1
CHEMBL1827,0.04756871976596613,1
CHEMBL1832,-0.051199256380741714,1
CHEMBL1833,-0.06477494392305107,1
CHEMBL1835,-0.006369335076851367,1
CHEMBL1836,-0.02123038796412083,1
CHEMBL1838,0.017265554897617146,1
CHEMBL1839,0.03154205957245193,1
CHEMBL1842,-0.015335406533376832,1
CHEMBL1843,0.0504021371589474,1
CHEMBL1845,0.0017582258687513107,1
CHEMBL1846,-0.12662107263583347,1
CHEMBL1851,-0.016514789095593348,1
CHEMBL1854,0.09109369394723094,1
CHEMBL1855,0.008089367369006744,1
CHEMBL1859,-0.0013031290103910033,1
CHEMBL1860,-0.049527710257303036,1
CHEMBL1861,-0.08971082307408353,1
CHEMBL1864,-0.08223081264799735,1
CHEMBL1867,-0.018388331382996035,1
CHEMBL1868,0.01960028960159278,1
CHEMBL1869,0.04850591904696457,1
CHEMBL1871,-0.01661136004014828,1
CHEMBL1874,-0.05084682246539211,1
CHEMBL1875,0.09297614870894097,1
CHEMBL1876,0.005795677335239288,1
CHEMBL1879,-0.0028237661045803905,1
CHEMBL1881,-0.010438444006724432,1
CHEMBL1882,-0.010486617448924478,1
CHEMBL1883,0.019001969723920476,1
CHEMBL1886,-0.01900893246255049,1
CHEMBL1889,-0.19253535700776203,1
CHEMBL1892,-0.2025707045482976,1
CHEMBL1893,0.023735195898230133,1
CHEMBL1898,-0.09342994931896587,1
CHEMBL1899,0.05518661935203327,1
CHEMBL1900,-0.014258741984243388,1
CHEMBL1901,0.11318370072561515,1
CHEMBL1903,0.0558982091796563,1
CHEMBL1904,0.11287984794870533,1
CHEMBL1905,-0.057208995569464266,1
CHEMBL1907,0.012640297758801036,1
CHEMBL1910,-0.10461677231122349,1
CHEMBL1911,-0.0396019318898986,1
CHEMBL1913,-0.08230778328109412,1
CHEMBL1914,-0.015384239452312614,1
CHEMBL1916,0.010902479713719208,1
CHEMBL1919,-0.12509079693294967,1
CHEMBL1920,-0.04283270215271798,1
CHEMBL1925,-0.013832230873045298,1
CHEMBL1927,-0.47687244974338117,1
CHEMBL1929,0.004907602689000377,1
CHEMBL1935,-0.03301037789061709,1
CHEMBL1936,-0.007247684118099035,1
CHEMBL1940,-0.02433038784175694,1
CHEMBL1941,0.08193475733289583,1
CHEMBL1942,-0.10183393696101675,1
CHEMBL1944,-0.0747937873692919,1
CHEMBL1947,0.062372691523601795,1
CHEMBL1950,0.08643064334205663,1
CHEMBL1951,0.05166512069924307,1
CHEMBL1952,-0.587946898414085,1
CHEMBL1957,-0.13968028669909296,1
CHEMBL1958,-0.2597158454027975,1
CHEMBL1959,-0.005368465429204211,1
CHEMBL1962,0.03751349339511634,1
CHEMBL1963,0.07184867057635518,1
CHEMBL1966,-0.4998256653115094,1
CHEMBL1968,0.023274882151880047,1
CHEMBL1969,-0.04164955029674907,1
CHEMBL1970,0.002385588291900046,1
CHEMBL1971,-0.007695261467007731,1
CHEMBL1972,-0.05058052106510736,1
CHEMBL1975,0.054046034101737826,1
CHEMBL1976,0.0891757546946461,1
CHEMBL1977,-0.11012851469461056,1
CHEMBL1978,0.005922706080567791,1
CHEMBL1981,-0.018788015712986543,1
CHEMBL1983,0.06434587085313802,1
CHEMBL1985,-0.0006543398604561992,1
CHEMBL1987,0.07285870924436888,1
CHEMBL1988,-0.09763007480426907,1
CHEMBL1989,-0.006095228613426621,1
CHEMBL1991,-0.014754589696845356,1
CHEMBL1992,0.10460345122742984,1
CHEMBL1993,-0.7570714105171846,1
CHEMBL1994,0.015331903937316784,1
CHEMBL1995,0.024523492272627644,1
CHEMBL1996,-0.04446607181037598,1
CHEMBL1997,-0.026117702549645374,1
CHEMBL2000,0.12675332194722697,1
CHEMBL2001,-0.06909746531198678,1
CHEMBL2002,-0.3317706871202597,1
CHEMBL2004,-0.04385691946229041,1
CHEMBL2008,0.11315423540629516,1
CHEMBL2014,-0.04675009613316876,1
CHEMBL2015,-0.06044102048279233,1
CHEMBL2023,-0.1866727413302299,1
CHEMBL2027,-0.13410111699588104,1
CHEMBL203,-0.09847852719983707,1
CHEMBL2033,-0.059159923758825984,1
CHEMBL2034,0.04150372689890772,1
CHEMBL2035,0.03682389526220412,1
CHEMBL2039,-0.03158186691502232,1
CHEMBL2040,-0.09055419892243424,1
CHEMBL2044,-0.054950481861998496,1
CHEMBL2045,0.043668148742898455,1
CHEMBL2049,0.12970416079605995,1
CHEMBL205,0.018355017157814988,1
CHEMBL2050,0.03631693835726791,1
CHEMBL2055,-0.21516602946207153,1
CHEMBL2056,0.046318357473654766,1
CHEMBL2058,0.02171887640701968,1
CHEMBL2059,-0.11582385075776859,1
CHEMBL206,-0.6930898258870792,1
CHEMBL2060,0.0775351464524269,1
CHEMBL2061,-0.06716093999199503,1
CHEMBL2062,0.0820074102338008,1
CHEMBL2063,-0.134071738919974,1
CHEMBL2064,-0.08591272366308036,1
CHEMBL2066,-0.027636701304034707,1
CHEMBL2069,-0.028853030926496565,1
CHEMBL207,-0.06328534670018936,1
CHEMBL2070,-0.215893461203099,1
CHEMBL2071,-0.012107257441665164,1
CHEMBL2074,0.05748054013903202,1
CHEMBL2075,-0.1820895244403028,1
CHEMBL2076,0.03632196142918248,1
CHEMBL2079,0.05412321450192654,1
CHEMBL208,0.04457555876331433,1
CHEMBL2083,0.006952721388852848,1
CHEMBL2084,0.04724385914745456,1
CHEMBL2085,-0.029892035978073137,1
CHEMBL2086,-0.16718666992597636,1
CHEMBL2088,-0.005001495745598588,1
CHEMBL209,-0.0041451604943811005,1
CHEMBL2094,-0.022643378779517893,1
CHEMBL2099,0.057680060478637066,1
CHEMBL210,-0.05031128117623633,1
CHEMBL2100,-0.22883489624003506,1
CHEMBL2102,-0.4569023158598605,1
CHEMBL2104,-0.05398065456000908,1
CHEMBL2105,-0.12320096949061014,1
CHEMBL2106,-0.8372442859102633,1
CHEMBL2107,0.02960900475616277,1
CHEMBL2108,-0.14624621812741675,1
CHEMBL2109,0.004658813762109058,1
CHEMBL2114,-0.13634756394366448,1
CHEMBL2116,-0.05253453722617665,1
CHEMBL2117,-0.1289299443863526,1
CHEMBL212,-0.08407678499690444,1
CHEMBL2120,0.061870968335540094,1
CHEMBL2121,0.021171767097896633,1
CHEMBL2123,0.10918463419498127,1
CHEMBL2127,0.04916001502625354,1
CHEMBL213,0.07741458677288249,1
CHEMBL2131,0.07425415925281771,1
CHEMBL2139,-0.17124715276489244,1
CHEMBL2147,-0.058047940217287555,1
CHEMBL2148,-0.11191632763442924,1
CHEMBL215,-0.10993970112948033,1
CHEMBL2156,-0.06032715160359159,1
CHEMBL2158,-0.028097326800240623,1
CHEMBL2159,-0.14090772629292672,1
CHEMBL216,-0.03890544426084119,1
CHEMBL2160,-0.5843959823976536,1
CHEMBL2161,-0.029043287658372878,1
CHEMBL2164,-0.690522552880991,1
CHEMBL2167,-0.06676218137188038,1
CHEMBL217,0.05220188996096309,1
CHEMBL2171,-0.0013521748643560334,1
CHEMBL218,0.0918799235915934,1
CHEMBL2182,0.005067664710702,1
CHEMBL2184,-0.10932342152870023,1
CHEMBL2185,-1.7497945983997782,1
CHEMBL219,0.0657801214174887,1
CHEMBL2193,-0.046897565327943896,1
CHEMBL2194,0.04448047129125546,1
CHEMBL220,-0.1283268233583547,1
CHEMBL2200,0.028401324731767777,1
CHEMBL2202,0.020464689033267328,1
CHEMBL2206,0.026875409120707974,1
CHEMBL221,0.05277513405548314,1
CHEMBL222,-0.04320015759362332,1
CHEMBL223,0.13798380165476976,1
CHEMBL224,0.01408438966226808,1
CHEMBL2249,0.061421483828450446,1
CHEMBL225,-0.005145310190877892,1
CHEMBL226,-0.13634756394366448,1
CHEMBL227,0.01685199171899794,1
CHEMBL228,-0.13057321151763246,1
CHEMBL229,0.16082530797368763,1
CHEMBL230,0.06649449565121655,1
CHEMBL231,0.011454499520286031,1
CHEMBL232,0.03467860279349575,1
CHEMBL2326,-0.06971382654124389,1
CHEMBL2327,-0.02962153901155324,1
CHEMBL2335,0.004060048349931291,1
CHEMBL235,-0.03136331811195306,1
CHEMBL236,0.06524869886988141,1
CHEMBL2360,-0.06403936169606847,1
CHEMBL237,0.042646129193191926,1
CHEMBL238,0.12625102353663373,1
CHEMBL239,-0.03454122272927619,1
CHEMBL2392,0.09342862542000438,1
CHEMBL2399,-0.06977799118132706,1
CHEMBL240,0.07018685309004974,1
CHEMBL2401,-0.019707895235496608,1
CHEMBL241,0.1196492061324142,1
CHEMBL2412,-1.0405730287650554,1
CHEMBL2413,0.078742487244405,1
CHEMBL2414,-0.025968252701458187,1
CHEMBL2419,0.02312536213238002,1
CHEMBL242,-0.06373136562478413,1
CHEMBL2421,0.011326712635154904,1
CHEMBL2428,0.0380434352659209,1
CHEMBL2430,0.10827498827337062,1
CHEMBL2433,0.06407228352444976,1
CHEMBL2434,-0.04027799310092559,1
CHEMBL2438,-0.07750428570717544,1
CHEMBL2439,-0.13644376720232965,1
CHEMBL244,0.07189023433453498,1
CHEMBL2441,-0.06865001117285316,1
CHEMBL2442,0.033867677413742824,1
CHEMBL2443,0.0211845041464058,1
CHEMBL2447,0.06424393395550082,1
CHEMBL245,0.1484079657366921,1
CHEMBL2457,0.056879162699145475,1
CHEMBL246,-0.09232391359928502,1
CHEMBL2460,-0.05197382929388436,1
CHEMBL2461,-0.05197382929388436,1
CHEMBL2465,0.09701987532412078,1
CHEMBL2468,0.006982000997396923,1
CHEMBL2469,-0.11402345231534723,1
CHEMBL2476,0.0275084027925217,1
CHEMBL248,0.04992119600405878,1
CHEMBL2484,-0.04742987867160279,1
CHEMBL2487,0.040755678235824946,1
CHEMBL249,-0.08460069840364724,1
CHEMBL2490,0.01408438966226808,1
CHEMBL2492,-0.024890485160872926,1
CHEMBL2493,0.01740077603916069,1
CHEMBL2494,-0.06966256360587728,1
CHEMBL2498,-0.6375652619138058,1
CHEMBL250,0.03075766333052992,1
CHEMBL2502,-0.012905468408668543,1
CHEMBL2503,-0.5722099046718746,1
CHEMBL2506,-0.1020462011757798,1
CHEMBL2508,-0.18038876299342269,1
CHEMBL251,-0.11193068796213732,1
CHEMBL2514,-0.0023955754609697568,1
CHEMBL2517,-0.16015501000470556,1
CHEMBL252,0.015212910751491608,1
CHEMBL2524,-0.0885794182112087,1
CHEMBL2525,0.00978571857647182,1
CHEMBL2527,0.11331102116572705,1
CHEMBL253,0.038742612221885304,1
CHEMBL2531,-0.11062140954850427,1
CHEMBL2534,-1.0402878278394343,1
CHEMBL2536,0.00689210591887285,1
CHEMBL254,-0.13902738108133073,1
CHEMBL255,0.04931506051824483,1
CHEMBL2552,-0.04822418635241722,1
CHEMBL2553,-0.1754839615162448,1
CHEMBL2559,0.002978932111882052,1
CHEMBL258,0.0159386651798381,1
CHEMBL2581,0.025916962954781034,1
CHEMBL2582,-1.3584023322323802,1
CHEMBL259,0.029166269599214582,1
CHEMBL2595,-0.02092300176175072,1
CHEMBL2597,-0.0521491813398903,1
CHEMBL2599,0.01548182907441761,1
CHEMBL2600,-0.6082233659912004,1
CHEMBL2608,-0.03094043050350799,1
CHEMBL2609,0.04413569986206955,1
CHEMBL2626,-0.006095228613426621,1
CHEMBL2632,-0.11532404254314958,1
CHEMBL2634,0.020099503688892642,1
CHEMBL264,-0.02587199784347638,1
CHEMBL2641,0.011954408226370845,1
CHEMBL2650,-0.01581446859874382,1
CHEMBL2652,0.0537765743383684,1
CHEMBL2655,0.0030883311261924343,1
CHEMBL2656,0.0035696642577507775,1
CHEMBL267,-0.0659176978460801,1
CHEMBL268,-0.20559845767396034,1
CHEMBL2692,-0.12505695758752633,1
CHEMBL271,-1.0772544621138564,1
CHEMBL2736,0.1084991051353142,1
CHEMBL274,-0.007100246864815989,1
CHEMBL275,-0.028821923647754003,1
CHEMBL2754,-0.029933365242446434,1
CHEMBL278,-0.06517775471571434,1
CHEMBL279,-0.1586216398333494,1
CHEMBL2796,-0.17162569559461105,1
CHEMBL280,0.024215558244621623,1
CHEMBL281,0.017925461253497213,1
CHEMBL2835,-0.012981237570444611,1
CHEMBL2847,-0.03454122272927619,1
CHEMBL2849,0.08479553815046134,1
CHEMBL2882,0.08193475733289583,1
CHEMBL2883,-0.10147170191143409,1
CHEMBL2885,-0.06768721169987163,1
CHEMBL2886,-0.4706909150459919,1
CHEMBL2888,0.02438459031703323,1
CHEMBL2896,-0.018940371306256854,1
CHEMBL2897,0.008442013824584867,1
CHEMBL2918,-0.07945494991949276,1
CHEMBL2938,0.10688374880022214,1
CHEMBL2940,0.043940145365657525,1
CHEMBL2959,0.043196316568593046,1
CHEMBL2960,-0.01518925031411379,1
CHEMBL2963,-0.029543971497462018,1
CHEMBL2964,-0.2184720365869838,1
CHEMBL2971,0.08524139663480412,1
CHEMBL2972,-0.0033403213444430893,1
CHEMBL2979,-0.05519018579557475,1
CHEMBL3023,-0.10161912541892772,1
CHEMBL3024,-2.3124393581665945,1
CHEMBL3025,0.025139233411248,1
CHEMBL3028,-0.23308441301714153,1
CHEMBL3030,-0.08565055049013387,1
CHEMBL3038,-0.18540753595369175,1
CHEMBL3040,-2.328439323477559,1
CHEMBL3043,0.045857052084449026,1
CHEMBL3076,0.06401938783351448,1
CHEMBL3079,-0.22892359243004842,1
CHEMBL3080,-0.10636575584677462,1
CHEMBL3123,-0.13395919324123082,1
CHEMBL3125,-0.12820628327576475,1
CHEMBL3126,-0.0942211329235444,1
CHEMBL3143,0.05499364011886844,1
CHEMBL3155,-0.14109828262304927,1
CHEMBL3157,0.008084144744960777,1
CHEMBL3164,-0.10348955792713149,1
CHEMBL3167,-0.12993179483714512,1
CHEMBL3191,-0.2602701632860458,1
CHEMBL3201,-0.049175619312306726,1
CHEMBL3230,0.038811610444541754,1
CHEMBL3231,-0.052619409142080825,1
CHEMBL3233,-0.29460863455758424,1
CHEMBL3240,0.0878175939245342,1
CHEMBL3253,0.0438354734544545,1
CHEMBL3254,0.05166512069924307,1
CHEMBL3256,-0.3873037491138225,1
CHEMBL3276,-0.008404508002674829,1
CHEMBL3311,-0.197693175317874,1
CHEMBL3351,-0.3429466655792787,1
CHEMBL3371,0.09182396618411878,1
CHEMBL3373,-0.05031128117623633,1
CHEMBL3379,-0.15720609597782792,1
CHEMBL3419,0.02386149155709426,1
CHEMBL3421,0.06117255089107839,1
CHEMBL3429,-0.2598703957641346,1
CHEMBL3438,-0.13852328608079195,1
CHEMBL3473,-0.04210365314431557,1
CHEMBL3474,0.006021147540893344,1
CHEMBL3475,0.05633822985892641,1
CHEMBL3477,0.0537765743383684,1
CHEMBL3478,0.04756871976596613,1
CHEMBL3510,0.002725817722221623,1
CHEMBL3514,-0.06865001117285316,1
CHEMBL3568,-0.021560100584823647,1
CHEMBL3572,-0.05813219221594685,1
CHEMBL3582,-0.052687993333016096,1
CHEMBL3595,0.030585768383219938,1
CHEMBL3610,-1.549592997243574,1
CHEMBL3636,-0.010585815202743657,1
CHEMBL3650,-0.08936106123403134,1
CHEMBL3708,0.030307776379593795,1
CHEMBL3710,-0.07581872659412761,1
CHEMBL3721,0.057770765677962105,1
CHEMBL3723,0.014410308618978315,1
CHEMBL3724,-0.04526433043424051,1
CHEMBL3727,-0.023942335099485665,1
CHEMBL3764,0.047714979884824905,1
CHEMBL3768,-0.0747937873692919,1
CHEMBL3769,-0.0041451604943811005,1
CHEMBL3770,-0.005395084201981067,1
CHEMBL3775,-0.21385575432284362,1
CHEMBL3816,0.10570212036806295,1
CHEMBL3817,-0.14557056846907362,1
CHEMBL3819,-0.030168321096979676,1
CHEMBL3841,0.03318606934352516,1
CHEMBL3856,0.029069312031131018,1
CHEMBL3861,-0.24667679918812954,1
CHEMBL3863,0.1310852297719197,1
CHEMBL3892,0.11465450526119583,1
CHEMBL3898,-0.013513605945890577,1
CHEMBL3911,-0.28795687482976334,1
CHEMBL3913,-0.11056415346782096,1
CHEMBL3958,-0.1780860922915437,1
CHEMBL3961,0.08430417101043816,1
CHEMBL3969,-0.01608079704169725,1
CHEMBL3974,-0.133987604043838,1
CHEMBL4018,0.10220448236511162,1
CHEMBL402,-1.1985892428086942,1
CHEMBL4068,-0.04581099743302727,1
CHEMBL4069,0.022964372213977062,1
CHEMBL4071,-0.12302820663490184,1
CHEMBL4072,0.07388753085019568,1
CHEMBL4074,-0.0502522719751933,1
CHEMBL4076,0.06614310052892199,1
CHEMBL4121,0.022646284134645856,1
CHEMBL4142,-0.10593980250044191,1
CHEMBL4237,-0.0376748332537345,1
CHEMBL4271,0.023735195898230133,1
CHEMBL4273,-0.02753010806933244,1
CHEMBL4305,0.016367787541995513,1
CHEMBL4306,0.08939454684251096,1
CHEMBL4315,-0.03696042185412173,1
CHEMBL4330,-0.039611098389868045,1
CHEMBL4425,-0.01581446859874382,1
CHEMBL4429,-0.06859404560015414,1
CHEMBL4467,-0.05702879106641771,1
CHEMBL4469,-0.010557299285445998,1
CHEMBL4478,-0.044782164056858004,1
CHEMBL4549,0.06355248785465724,1
CHEMBL4550,0.051136873101843575,1
CHEMBL4551,0.021162240226735633,1
CHEMBL4573,-0.023572650614363547,1
CHEMBL4589,-0.2474739451227173,1
CHEMBL4605,0.002436475244056511,1
CHEMBL4607,-0.034331800514892895,1
CHEMBL4608,0.0660415038630122,1
CHEMBL4617,-0.10444763048566566,1
CHEMBL4633,-0.03571329460501398,1
CHEMBL4708,-0.3233293010951417,1
CHEMBL4712,0.04872952586902783,1
CHEMBL4714,-0.14000316350109696,1
CHEMBL4715,-0.07201271972107684,1
CHEMBL4716,0.004918709448142755,1
CHEMBL4744,-0.018388331382996035,1
CHEMBL4761,0.01867017150454571,1
CHEMBL4762,-0.1706532336060496,1
CHEMBL4763,0.12026467734669212,1
CHEMBL4770,0.043426442774681676,1
CHEMBL4777,0.012046998561514827,1
CHEMBL4790,-0.7434831848298584,1
CHEMBL4794,0.07271429106425911,1
CHEMBL4805,-0.13584668351447735,1
CHEMBL4806,-0.09029375556577555,1
CHEMBL4808,0.0032848791117348996,1
CHEMBL4811,0.12810991103292352,1
CHEMBL4812,0.03278977644767128,1
CHEMBL4813,-0.059159923758825984,1
CHEMBL4815,-0.02962153901155324,1
CHEMBL4816,0.09943266325940646,1
CHEMBL4820,0.07285870924436888,1
CHEMBL4829,-0.0743900423458615,1
CHEMBL4832,-0.8654225326877061,1
CHEMBL4833,0.05516126817220252,1
CHEMBL4834,0.03597038751253478,1
CHEMBL4835,-0.4569023158598605,1
CHEMBL4863,0.05510159696341575,1
CHEMBL4865,-0.09935955827406219,1
CHEMBL4866,-0.08995276664317303,1
CHEMBL4867,-0.15505062960141977,1
CHEMBL4868,-0.002364822393262368,1
CHEMBL4869,0.013891673009037308,1
CHEMBL4873,0.06594280237249789,1
CHEMBL4876,0.01493074778751789,1
CHEMBL4878,0.07770679815747714,1
CHEMBL4880,-0.7479191384815344,1
CHEMBL4881,-0.01523380718605219,1
CHEMBL4883,-0.10289196074266663,1
CHEMBL4892,0.16082530797368763,1
CHEMBL4894,0.12338836905772871,1
CHEMBL4924,0.05355203551196023,1
CHEMBL4925,-0.15517711515042232,1
CHEMBL4928,-0.08136535936617387,1
CHEMBL4939,-0.05660350962726282,1
CHEMBL4940,-0.03295706835549699,1
CHEMBL4941,0.022970842989715263,1
CHEMBL4942,0.045288763844648236,1
CHEMBL4945,0.05412321450192654,1
CHEMBL4947,-0.14900014686322322,1
CHEMBL4949,0.07057514520109937,1
CHEMBL4977,-0.015561764223992244,1
CHEMBL4983,-0.4928383930269136,1
CHEMBL4985,0.0891261745113533,1
CHEMBL5100,-0.04796940731612635,1
CHEMBL5103,0.07410983337207928,1
CHEMBL5113,-0.22723073226633783,1
CHEMBL5135,0.012628877608787437,1
CHEMBL5136,0.03075766333052992,1
CHEMBL5444,-1.3766413075598736,1
