drug,n_pathways_her2,mean_pathway_score_her2,max_pathway_score_her2,sum_pathway_score_her2
CHEMBL1778,16,0.0005453479162848769,0.0006271066668271853,0.00872556666055803
CHEMBL1782,5,0.0004500769973641043,0.0005106120661872273,0.0022503849868205214
CHEMBL1783,29,0.0006058573475375364,0.00101717570634395,0.017569863078588557
CHEMBL1785,10,0.0004813887169066842,0.0005914152898280321,0.004813887169066842
CHEMBL1786,2,0.0004896231841693637,0.0004965379542791667,0.0009792463683387274
CHEMBL1787,5,0.0004681750242173957,0.0005106120661872273,0.0023408751210869786
CHEMBL1790,16,0.0005026250871565239,0.0008108424355144666,0.008042001394504382
CHEMBL1791,5,0.0004737238104117328,0.0006680225852612,0.002368619052058664
CHEMBL1793,6,0.00047975538867308883,0.0005393420828279791,0.002878532332038533
CHEMBL1795,3,0.0004241782411827841,0.00045736965391635,0.0012725347235483522
CHEMBL1798,15,0.0005036297052479923,0.0005914152898280321,0.0075544455787198836
CHEMBL1800,6,0.00047975538867308883,0.0005393420828279791,0.002878532332038533
CHEMBL1803,13,0.0005351973030045617,0.0007688162927665368,0.006957564939059302
CHEMBL1804,7,0.00045170628303245046,0.0005267415572554522,0.0031619439812271533
CHEMBL1806,10,0.000545046410258786,0.0006016584378893125,0.00545046410258786
CHEMBL1807,11,0.00047431375601230655,0.0005772331246023375,0.005217451316135372
CHEMBL1808,3,0.00040329479670659973,0.0004922029096758108,0.0012098843901197991
CHEMBL1811,6,0.0004830226077117601,0.0005914152898280321,0.0028981356462705605
CHEMBL1817,6,0.0006763166591344569,0.0008177874445205714,0.004057899954806742
CHEMBL1821,8,0.0004264105906822473,0.0005267415572554522,0.0034112847254579785
CHEMBL1822,12,0.0005041199023147932,0.0005772331246023375,0.006049438827777519
CHEMBL1824,58,0.0007262967440585694,0.00100339882428032,0.042125211155397024
CHEMBL1827,11,0.0005371983457093696,0.0011668691714855,0.005909181802803066
CHEMBL1832,6,0.00047975538867308883,0.0005393420828279791,0.002878532332038533
CHEMBL1833,7,0.0004601569751573872,0.0005914152898280321,0.0032210988261017104
CHEMBL1835,10,0.0004192570819871208,0.0005106120661872273,0.004192570819871208
CHEMBL1836,6,0.0004743437398784179,0.0005393420828279791,0.0028460624392705075
CHEMBL1839,4,0.0006965855173285294,0.0007682808923763,0.0027863420693141176
CHEMBL1842,10,0.0004975274749893863,0.0005641791011353434,0.004975274749893862
CHEMBL1843,3,0.0006726870589792725,0.0007682808923763,0.0020180611769378175
CHEMBL1845,8,0.0004753048206841817,0.000584925819992023,0.0038024385654734537
CHEMBL1846,6,0.0004711853609659247,0.0006680225852612,0.002827112165795548
CHEMBL1851,13,0.00044646248262698434,0.0005106120661872273,0.005804012274150797
CHEMBL1854,6,0.0004743437398784179,0.0005393420828279791,0.0028460624392705075
CHEMBL1855,6,0.0004830226077117601,0.0005914152898280321,0.0028981356462705605
CHEMBL1856,5,0.0004681750242173957,0.0005106120661872273,0.0023408751210869786
CHEMBL1859,10,0.00052612309614337,0.0007276162350441847,0.0052612309614337004
CHEMBL1860,9,0.0005450588025454991,0.0006011135964601833,0.004905529222909492
CHEMBL1861,2,0.0006248901422807589,0.0007670718705019571,0.0012497802845615178
CHEMBL1864,3,0.0005812383573125194,0.0006457166545790182,0.0017437150719375582
CHEMBL1867,17,0.0004672584660740267,0.0006457166545790182,0.007943393923258454
CHEMBL1868,6,0.0005802970782045504,0.0006572232561863687,0.003481782469227302
CHEMBL1869,2,0.0006248901422807589,0.0007670718705019571,0.0012497802845615178
CHEMBL1871,23,0.00056094379058367,0.0007087246690573249,0.01290170718342441
CHEMBL1874,4,0.0005303863668780558,0.0008108424355144666,0.0021215454675122232
CHEMBL1875,7,0.0004527179455859511,0.0005393420828279791,0.0031690256191016578
CHEMBL1876,4,0.0005303863668780558,0.0008108424355144666,0.0021215454675122232
CHEMBL1881,6,0.0004743437398784179,0.0005393420828279791,0.0028460624392705075
CHEMBL1882,3,0.0004943842959022416,0.0005004671212250302,0.0014831528877067247
CHEMBL1883,3,0.0004943842959022416,0.0005004671212250302,0.0014831528877067247
CHEMBL1886,14,0.0005187921963926815,0.0008108424355144666,0.007263090749497541
CHEMBL1889,9,0.0005112831813621884,0.0008108424355144666,0.0046015486322596956
CHEMBL1892,3,0.0005266405306448393,0.0007670718705019571,0.0015799215919345177
CHEMBL1893,6,0.0004571781953768576,0.000495029402354168,0.0027430691722611453
CHEMBL1898,7,0.00044178151096389693,0.0005267415572554522,0.0030924705767472783
CHEMBL1899,3,0.0004943842959022416,0.0005004671212250302,0.0014831528877067247
CHEMBL1900,5,0.0004754919991073475,0.0005106120661872273,0.0023774599955367374
CHEMBL1901,7,0.00047008174722594075,0.0005914152898280321,0.0032905722305815854
CHEMBL1903,6,0.0004479944920877973,0.000495029402354168,0.0026879669525267835
CHEMBL1904,32,0.0005638635711007496,0.0008762298186756076,0.01804363427522399
CHEMBL1905,73,0.0005934774258678973,0.0011637808096138,0.043323852088356506
CHEMBL1907,6,0.00046056459095726956,0.0005641791011353434,0.0027633875457436174
CHEMBL1910,5,0.0004799937681600193,0.0005001339661636436,0.0023999688408000964
CHEMBL1911,4,0.0004693494716731677,0.000495029402354168,0.0018773978866926707
CHEMBL1912,3,0.00043701857850798306,0.0005138480153230385,0.0013110557355239492
CHEMBL1913,15,0.0005938987110909266,0.0007539562719295883,0.0089084806663639
CHEMBL1914,10,0.0004914883447234065,0.0006371887289965167,0.004914883447234065
CHEMBL1916,17,0.0004672584660740267,0.0006457166545790182,0.007943393923258454
CHEMBL1919,5,0.0005276461567067096,0.0006094101430068667,0.0026382307835335476
CHEMBL1920,7,0.0005376888263197856,0.00083848845790065,0.0037638217842384998
CHEMBL1925,7,0.0004752676931828452,0.0005393420828279791,0.0033268738522799165
CHEMBL1927,25,0.0006202867039873075,0.0013523210653637,0.01550716759968269
CHEMBL1929,7,0.00045427105185707887,0.0005375849566791398,0.003179897362999552
CHEMBL1935,9,0.0004785477017304148,0.000722902125727,0.004306929315573733
CHEMBL1936,42,0.0005935714261660007,0.0008750483985329001,0.02492999989897203
CHEMBL1940,13,0.0004915210288524192,0.0007276162350441847,0.00638977337508145
CHEMBL1941,7,0.0004527179455859511,0.0005393420828279791,0.0031690256191016578
CHEMBL1942,12,0.00046597248605686836,0.0006457166545790182,0.00559166983268242
CHEMBL1944,14,0.000524203317973346,0.0008515685639294166,0.007338846451626844
CHEMBL1947,9,0.0005450588025454991,0.0006011135964601833,0.004905529222909492
CHEMBL1950,7,0.00048049437361021464,0.0005446992870151331,0.0033634606152715026
CHEMBL1951,13,0.0004841368027716889,0.0005706336189103739,0.006293778436031955
CHEMBL1952,8,0.0005182943408041816,0.00057970885510346,0.004146354726433453
CHEMBL1957,14,0.0006119656609055541,0.0007570550520603286,0.008567519252677758
CHEMBL1958,6,0.0004670567256626298,0.0005106120661872273,0.0028023403539757788
CHEMBL1959,11,0.0005487006554615839,0.00067106600263371,0.006035707210077423
CHEMBL1962,7,0.0005376888263197856,0.00083848845790065,0.0037638217842384998
CHEMBL1963,6,0.0004743437398784179,0.0005393420828279791,0.0028460624392705075
CHEMBL1966,2,0.0004888382773465803,0.0004949681406336,0.0009776765546931606
CHEMBL1968,3,0.00042960364559263537,0.00048270841405956066,0.0012888109367779062
CHEMBL1969,3,0.0006726870589792725,0.0007682808923763,0.0020180611769378175
CHEMBL1970,7,0.0004911993775116435,0.0006262790790740187,0.0034383956425815044
CHEMBL1971,11,0.0005318583438595168,0.0008108424355144666,0.005850441782454685
CHEMBL1972,17,0.000498095725735809,0.00057408034090015,0.008467627337508752
CHEMBL1975,10,0.0005728544782710967,0.0006963034958874182,0.005728544782710967
CHEMBL1976,4,0.0005460154342204742,0.00059279275521944,0.002184061736881897
CHEMBL1977,13,0.0005085725747255515,0.0006011135964601833,0.00661144347143217
CHEMBL1978,10,0.0004482572153197005,0.0005106120661872273,0.004482572153197005
CHEMBL1981,10,0.0005911764613830299,0.0007589170980432334,0.005911764613830299
CHEMBL1983,7,0.00044178151096389693,0.0005267415572554522,0.0030924705767472783
CHEMBL1985,11,0.00047795546337022285,0.0005914152898280321,0.005257510097072452
CHEMBL1987,6,0.0004830226077117601,0.0005914152898280321,0.0028981356462705605
CHEMBL1988,3,0.0004241782411827841,0.00045736965391635,0.0012725347235483522
CHEMBL1989,12,0.0004596336361962601,0.0005145978562165841,0.005515603634355121
CHEMBL1991,82,0.0006253571958944247,0.00102231862923305,0.05127929006334282
CHEMBL1992,15,0.0005031102651455029,0.0005915486887906,0.007546653977182543
CHEMBL1993,20,0.0005617127823618336,0.0007791803970895334,0.011234255647236673
CHEMBL1994,12,0.0005592728900650696,0.0007087246690573249,0.006711274680780835
CHEMBL1995,9,0.0004762606410273384,0.0005446992870151331,0.004286345769246046
CHEMBL1996,8,0.0005685105846286558,0.00068351999655145,0.004548084677029246
CHEMBL1997,4,0.0004170580272291407,0.00046544905906265,0.0016682321089165628
CHEMBL2000,9,0.0004342625579263845,0.0005446992870151331,0.00390836302133746
CHEMBL2001,10,0.0005006701423981424,0.0006740722549982221,0.0050067014239814234
CHEMBL2002,12,0.0005041199023147932,0.0005772331246023375,0.006049438827777519
CHEMBL2004,7,0.0005427718529443153,0.0006262790790740187,0.003799402970610207
CHEMBL2008,10,0.0005423838723435354,0.0006262790790740187,0.005423838723435354
CHEMBL2014,7,0.00045170628303245046,0.0005267415572554522,0.0031619439812271533
CHEMBL2015,23,0.0005470784553367825,0.00075168652910942,0.012582804472745998
CHEMBL202,10,0.0005392308218352208,0.0007531305817134,0.005392308218352208
CHEMBL2023,10,0.00048600368081300356,0.0005772331246023375,0.004860036808130036
CHEMBL203,78,0.0007507620982220696,0.0012178412415271666,0.058559443661321424
CHEMBL2033,10,0.0004482572153197005,0.0005106120661872273,0.004482572153197005
CHEMBL2034,28,0.0005492093928955958,0.0007273912437169,0.015377863001076682
CHEMBL2035,8,0.0004424891218515513,0.0005914152898280321,0.0035399129748124106
CHEMBL2039,3,0.00042960364559263537,0.00048270841405956066,0.0012888109367779062
CHEMBL2040,2,0.0006011183022710733,0.0006575373175270135,0.0012022366045421466
CHEMBL2044,4,0.0004693494716731677,0.000495029402354168,0.0018773978866926707
CHEMBL2045,4,0.00046725062643966826,0.0005376933654451653,0.001869002505758673
CHEMBL2049,7,0.00047008174722594075,0.0005914152898280321,0.0032905722305815854
CHEMBL205,6,0.00047221291793625637,0.0005376933654451653,0.002833277507617538
CHEMBL2050,5,0.000595342473245805,0.0006855865214676999,0.002976712366229025
CHEMBL2055,19,0.0005614475336760564,0.000757174723443525,0.010667503139845073
CHEMBL2056,7,0.0004527179455859511,0.0005393420828279791,0.0031690256191016578
CHEMBL2057,10,0.0005392308218352208,0.0007531305817134,0.005392308218352208
CHEMBL2059,4,0.0005051681673840392,0.0006098653326138,0.002020672669536157
CHEMBL206,43,0.0006162159694606102,0.00117669869992044,0.02649728668680624
CHEMBL2060,20,0.00046375696868141867,0.00056521122609199,0.009275139373628373
CHEMBL2061,65,0.0005109092788646147,0.000757174723443525,0.03320910312619996
CHEMBL2062,6,0.0004711853609659247,0.0006680225852612,0.002827112165795548
CHEMBL2063,3,0.0004266200332487293,0.0005106120661872273,0.001279860099746188
CHEMBL2064,16,0.0004417508660455479,0.0005267415572554522,0.007068013856728767
CHEMBL2066,2,0.00042942048323402107,0.0004459816915536,0.0008588409664680421
CHEMBL2069,11,0.0005067638802339289,0.0006740722549982221,0.005574402682573218
CHEMBL207,48,0.0006156641670640675,0.0008461166180533,0.02955188001907524
CHEMBL2070,85,0.0005626515027395203,0.0010407767110391,0.04782537773285923
CHEMBL2071,9,0.0005362280951878659,0.0008108424355144666,0.004826052856690793
CHEMBL2074,3,0.0005178343852079393,0.0005641791011353434,0.001553503155623818
CHEMBL2075,10,0.0005124247353180106,0.00066259129509681,0.005124247353180106
CHEMBL2076,7,0.0004339543441640283,0.0005001339661636436,0.003037680409148198
CHEMBL2079,3,0.0005613785489136494,0.0006262790790740187,0.0016841356467409481
CHEMBL208,25,0.0005926356877284558,0.00083848845790065,0.014815892193211394
CHEMBL2081,7,0.0003944237780973144,0.00048270841405956066,0.002760966446681201
CHEMBL2083,13,0.0005375459619300792,0.0007462603502602999,0.0069880975050910284
CHEMBL2084,3,0.0005146086089316497,0.0005377749017961,0.0015438258267949493
CHEMBL2085,10,0.000556082921710953,0.0006575373175270135,0.00556082921710953
CHEMBL2086,3,0.00040172988037531993,0.00048765636412752647,0.0012051896411259598
CHEMBL2088,4,0.00046725062643966826,0.0005376933654451653,0.001869002505758673
CHEMBL209,11,0.0004251352111677853,0.0005376933654451653,0.004676487322845638
CHEMBL2094,7,0.0004796839570817961,0.0005641791011353434,0.0033577876995725727
CHEMBL2099,8,0.0005049441867696828,0.0005359246183143737,0.004039553494157463
CHEMBL210,16,0.0005013669226739338,0.0006530297142755963,0.008021870762782941
CHEMBL2100,7,0.00039779483116061113,0.0005106120661872273,0.002784563818124278
CHEMBL2102,4,0.0010319707360873902,0.0013920415506414,0.004127882944349561
CHEMBL2104,10,0.0004889868739824058,0.0005446992870151331,0.004889868739824058
CHEMBL2105,6,0.0005595855054551494,0.0007670718705019571,0.0033575130327308965
CHEMBL2106,12,0.0005472966329271323,0.0006783527302884,0.006567559595125588
CHEMBL2107,26,0.00050390626069595,0.0006928168902318833,0.013101562778094699
CHEMBL2108,20,0.0005929035826466196,0.0008259724258400501,0.011858071652932392
CHEMBL2109,32,0.0006095178658903236,0.0007312378540060999,0.019504571708490355
CHEMBL2114,6,0.00046158456615268806,0.0005267415572554522,0.0027695073969161285
CHEMBL2116,41,0.0005850335262495247,0.0013920415506414,0.023986374576230516
CHEMBL2117,36,0.0005864199046652798,0.0013920415506414,0.02111111656795007
CHEMBL212,36,0.0006199495716895199,0.0008461166180533,0.022318184580822718
CHEMBL2120,69,0.0007127847716929262,0.00109881211935658,0.049182149246811906
CHEMBL2121,10,0.00044218941358777205,0.0005381322009644054,0.0044218941358777205
CHEMBL2123,6,0.00046158456615268806,0.0005267415572554522,0.0027695073969161285
CHEMBL2127,6,0.0004656943730207894,0.0005694207023272833,0.0027941662381247363
CHEMBL213,8,0.0004370172287566572,0.0005393420828279791,0.0034961378300532578
CHEMBL2131,3,0.0007103035421532726,0.0008811303418983,0.002130910626459818
CHEMBL2139,2,0.0005005055399724117,0.0005088081702690125,0.0010010110799448233
CHEMBL2147,14,0.0005802924374108667,0.0008504893563143417,0.008124094123752134
CHEMBL2148,24,0.0005507159388073219,0.0007791803970895334,0.013217182531375726
CHEMBL215,19,0.00043451348761140425,0.0006603210140613867,0.00825575626461668
CHEMBL2156,3,0.0004241782411827841,0.00045736965391635,0.0012725347235483522
CHEMBL2158,5,0.000629285521157989,0.0008562893258499,0.003146427605789945
CHEMBL2159,5,0.00046606154768184213,0.0004949681406336,0.0023303077384092107
CHEMBL216,8,0.0004424891218515513,0.0005914152898280321,0.0035399129748124106
CHEMBL2160,8,0.0004854763617541286,0.0005641791011353434,0.0038838108940330287
CHEMBL2161,6,0.0003801636112260509,0.00048270841405956066,0.0022809816673563053
CHEMBL2164,26,0.0006067603127137892,0.00101754655541145,0.01577576813055852
CHEMBL2167,142,0.0007903382650800621,0.0011512315270704,0.11222803364136882
CHEMBL217,5,0.0004205883958036453,0.000512515965027063,0.0021029419790182264
CHEMBL2171,48,0.0006147490270330802,0.0011544182125991,0.02950795329758785
CHEMBL218,6,0.00046158456615268806,0.0005267415572554522,0.0027695073969161285
CHEMBL2182,7,0.00044178151096389693,0.0005267415572554522,0.0030924705767472783
CHEMBL2184,6,0.000462524394951796,0.0005004671212250302,0.002775146369710776
CHEMBL2185,34,0.000538565952353882,0.0006336689435784999,0.01831124238003199
CHEMBL219,7,0.00044178151096389693,0.0005267415572554522,0.0030924705767472783
CHEMBL2193,9,0.00045861470757911724,0.0005641791011353434,0.004127532368212055
CHEMBL2194,5,0.00040683087446690016,0.00048270841405956066,0.0020341543723345007
CHEMBL220,8,0.0004949467046784768,0.0006371887289965167,0.003959573637427815
CHEMBL2200,6,0.0004903482559826716,0.0005758943219129615,0.00294208953589603
CHEMBL2202,7,0.0004339543441640283,0.0005001339661636436,0.003037680409148198
CHEMBL2206,6,0.0004947047125445535,0.0007142412702925333,0.0029682282752673214
CHEMBL221,7,0.0004041533618560524,0.0005106120661872273,0.002829073532992367
CHEMBL222,4,0.0005303863668780558,0.0008108424355144666,0.0021215454675122232
CHEMBL223,9,0.0004415827263274497,0.0005914152898280321,0.003974244536947048
CHEMBL224,7,0.0004601569751573872,0.0005914152898280321,0.0032210988261017104
CHEMBL2249,5,0.0004066331395307111,0.0005314568726946583,0.0020331656976535556
CHEMBL225,7,0.0004601569751573872,0.0005914152898280321,0.0032210988261017104
CHEMBL226,6,0.00046158456615268806,0.0005267415572554522,0.0027695073969161285
CHEMBL227,11,0.0005036241350105749,0.00060492467849444,0.0055398654851163244
CHEMBL228,4,0.00044831370807895185,0.000495029402354168,0.0017932548323158074
CHEMBL229,9,0.0004415827263274497,0.0005914152898280321,0.003974244536947048
CHEMBL230,17,0.0004051818073449724,0.0005706336189103739,0.006888090724864531
CHEMBL231,7,0.0004601569751573872,0.0005914152898280321,0.0032210988261017104
CHEMBL232,9,0.0004415827263274497,0.0005914152898280321,0.003974244536947048
CHEMBL2326,1,0.00048270841405956066,0.00048270841405956066,0.00048270841405956066
CHEMBL2327,7,0.00047008174722594075,0.0005914152898280321,0.0032905722305815854
CHEMBL2335,6,0.0004810074838911252,0.0005641791011353434,0.002886044903346751
CHEMBL235,30,0.0005337886468171507,0.0007286919515019818,0.016013659404514522
CHEMBL236,11,0.00048548776058598265,0.0005706336189103739,0.005340365366445809
CHEMBL2360,6,0.00046536380413664935,0.0005001339661636436,0.0027921828248198962
CHEMBL237,12,0.00047446023033589506,0.0005277667113639899,0.005693522764030741
CHEMBL238,6,0.0005173718723323196,0.0008108424355144666,0.003104231233993918
CHEMBL2388,3,0.0005579803834799203,0.0008610914290072,0.0016739411504397607
CHEMBL239,33,0.0005043441873109854,0.0006011135964601833,0.01664335818126252
CHEMBL2392,10,0.00046616752056363226,0.0006530297142755963,0.004661675205636323
CHEMBL2399,16,0.0005067251062054441,0.0013920415506414,0.008107601699287106
CHEMBL240,5,0.0004040709421515924,0.00048765636412752647,0.002020354710757962
CHEMBL2401,13,0.00048316098199922483,0.00072665007775874,0.006281092765989923
CHEMBL241,4,0.000516257853675756,0.0005393420828279791,0.002065031414703024
CHEMBL2412,57,0.0006445032427863149,0.000982898792931,0.03673668483881995
CHEMBL2413,12,0.000465288147570196,0.0005542816278236051,0.005583457770842352
CHEMBL2414,8,0.0004424667064797645,0.0005267415572554522,0.003539733651838116
CHEMBL2419,4,0.0004698524720495447,0.0005106120661872273,0.0018794098881981787
CHEMBL242,16,0.0005704654079022375,0.000681624752395,0.0091274465264358
CHEMBL2421,7,0.00048073430475203266,0.0005588159531146,0.0033651401332642286
CHEMBL2428,7,0.00047383417242615405,0.0005359246183143737,0.0033168392069830785
CHEMBL2430,6,0.0004711853609659247,0.0006680225852612,0.002827112165795548
CHEMBL2433,3,0.00045443796442729977,0.0004922029096758108,0.0013633138932818993
CHEMBL2434,11,0.0004630215279510849,0.0005641791011353434,0.005093236807461934
CHEMBL2438,3,0.0005178343852079393,0.0005641791011353434,0.001553503155623818
CHEMBL2439,4,0.0004796844090865045,0.0005641791011353434,0.001918737636346018
CHEMBL244,12,0.00040545929501373826,0.0005446992870151331,0.004865511540164859
CHEMBL2441,3,0.00044879288723427194,0.0004922029096758108,0.0013463786617028159
CHEMBL2442,11,0.00048606651765567386,0.0005359246183143737,0.005346731694212413
CHEMBL2443,6,0.0005326064338830296,0.0006633260501688749,0.0031956386032981777
CHEMBL2447,2,0.0004888382773465803,0.0004949681406336,0.0009776765546931606
CHEMBL245,12,0.00046202883964064517,0.000591784133832475,0.005544346075687742
CHEMBL2457,5,0.0004016976586688342,0.0005106120661872273,0.002008488293344171
CHEMBL246,8,0.0004370172287566572,0.0005393420828279791,0.0034961378300532578
CHEMBL2465,2,0.0004888382773465803,0.0004949681406336,0.0009776765546931606
CHEMBL2468,3,0.0005771218706100489,0.0006380694815731467,0.0017313656118301468
CHEMBL2469,2,0.0004888382773465803,0.0004949681406336,0.0009776765546931606
CHEMBL2476,8,0.00047236868999091393,0.000584925819992023,0.0037789495199273115
CHEMBL248,17,0.0005968799803776115,0.00119125371757315,0.010146959666419396
CHEMBL2484,3,0.0004943842959022416,0.0005004671212250302,0.0014831528877067247
CHEMBL2487,66,0.0005761111624311382,0.0008717589519336499,0.038023336720455124
CHEMBL249,11,0.0005036241350105749,0.00060492467849444,0.0055398654851163244
CHEMBL2490,7,0.0004601569751573872,0.0005914152898280321,0.0032210988261017104
CHEMBL2492,3,0.0004943842959022416,0.0005004671212250302,0.0014831528877067247
CHEMBL2493,6,0.0005129386177646951,0.00057408034090015,0.0030776317065881703
CHEMBL2494,33,0.0004574272534635959,0.00057408034090015,0.015095099364298665
CHEMBL2498,137,0.0007208670478084763,0.001132227622604675,0.09875878554976125
CHEMBL250,14,0.0005000087211702006,0.0005914152898280321,0.007000122096382809
CHEMBL2502,5,0.0004045942020548043,0.0005106120661872273,0.0020229710102740214
CHEMBL2503,3,0.0005579803834799203,0.0008610914290072,0.0016739411504397607
CHEMBL2506,156,0.000709938814015623,0.001132227622604675,0.1107504549864372
CHEMBL2508,28,0.0005472936029827349,0.00097858714148535,0.015324220883516577
CHEMBL251,12,0.0005028163622999205,0.0006632578307366304,0.006033796347599047
CHEMBL2514,7,0.00047008174722594075,0.0005914152898280321,0.0032905722305815854
CHEMBL2517,3,0.0004831774535324471,0.0005375849566791398,0.0014495323605973414
CHEMBL252,7,0.00047008174722594075,0.0005914152898280321,0.0032905722305815854
CHEMBL2524,6,0.0004722272092283343,0.0005641791011353434,0.0028333632553700057
CHEMBL2527,24,0.0006433673439344176,0.0009904448266841834,0.015440816254426021
CHEMBL253,6,0.00046158456615268806,0.0005267415572554522,0.0027695073969161285
CHEMBL2531,4,0.0004510711359871886,0.0005446992870151331,0.0018042845439487545
CHEMBL2534,75,0.0005966653105200789,0.00090088509033775,0.04474989828900591
CHEMBL2536,16,0.0005628632065922856,0.000850830224114575,0.00900581130547657
CHEMBL254,7,0.00048756751354968433,0.0005393420828279791,0.00341297259484779
CHEMBL255,14,0.000485024466411875,0.0005393420828279791,0.00679034252976625
CHEMBL2552,7,0.00043984098512549603,0.0005376933654451653,0.0030788868958784724
CHEMBL2553,50,0.0006054889109259724,0.0010216173209454335,0.030274445546298618
CHEMBL2559,5,0.00038108190044993924,0.0004922029096758108,0.001905409502249696
CHEMBL256,6,0.00046158456615268806,0.0005267415572554522,0.0027695073969161285
CHEMBL2575,10,0.0005392308218352208,0.0007531305817134,0.005392308218352208
CHEMBL258,53,0.000596237991638944,0.0007980572120485278,0.031600613556864034
CHEMBL2581,17,0.0005090911502731442,0.0007589170980432334,0.008654549554643452
CHEMBL2582,62,0.0006055255124287215,0.000816427256671325,0.03754258177058074
CHEMBL259,10,0.0004761813962066789,0.0005393420828279791,0.004761813962066789
CHEMBL2595,3,0.0004266200332487293,0.0005106120661872273,0.001279860099746188
CHEMBL2597,75,0.0005563924074266996,0.0010407767110391,0.04172943055700248
CHEMBL2599,47,0.0005826676670701406,0.0007538648441844833,0.02738538035229661
CHEMBL2600,18,0.0005004724030196893,0.0006157291586884001,0.009008503254354408
CHEMBL2608,10,0.0007667229555990423,0.0013920415506414,0.007667229555990423
CHEMBL2609,3,0.0005266405306448393,0.0007670718705019571,0.0015799215919345177
CHEMBL2626,12,0.0004596336361962601,0.0005145978562165841,0.005515603634355121
CHEMBL2632,28,0.0005161019457721974,0.0007493319941873334,0.014450854481621525
CHEMBL2634,35,0.0006596527361642122,0.001088107089846843,0.023087845765747426
CHEMBL264,5,0.0004205883958036453,0.000512515965027063,0.0021029419790182264
CHEMBL2641,3,0.00039321021850265814,0.0005224229821941077,0.0011796306555079744
CHEMBL2650,17,0.0004513093606736733,0.0005507366545556868,0.007672259131452447
CHEMBL2652,8,0.0004771662920854806,0.0005446992870151331,0.0038173303366838447
CHEMBL2655,46,0.00045299675200685674,0.000554818797399881,0.02083785059231541
CHEMBL2656,2,0.0006248901422807589,0.0007670718705019571,0.0012497802845615178
CHEMBL267,168,0.0007300969893755027,0.0019745899272412,0.12265629421508446
CHEMBL268,14,0.0004863616212800885,0.0006051128525361957,0.006809062697921239
CHEMBL2692,3,0.0005613785489136494,0.0006262790790740187,0.0016841356467409481
CHEMBL271,23,0.0005491065705385337,0.0011512315270704,0.012629451122386275
CHEMBL2736,8,0.0004287826509920148,0.0005267415572554522,0.0034302612079361184
CHEMBL274,19,0.000491347438851739,0.0005876112742562,0.00933560133818304
CHEMBL275,6,0.0004789384186699686,0.0005267415572554522,0.0028736305120198114
CHEMBL2754,32,0.0005838301339297934,0.0008615599110383333,0.01868256428575339
CHEMBL278,16,0.0005353530065823298,0.0007688162927665368,0.008565648105317276
CHEMBL279,18,0.0005775583492877844,0.0008021831037283201,0.010396050287180119
CHEMBL2796,10,0.0005578087598297421,0.0007108704260096332,0.005578087598297421
CHEMBL280,11,0.00045456960474780684,0.0006281476404356227,0.005000265652225875
CHEMBL281,2,0.0004606987727089868,0.00048270841405956066,0.0009213975454179736
CHEMBL2835,56,0.0006105282011319375,0.0011079266601694334,0.0341895792633885
CHEMBL2847,33,0.0005043441873109854,0.0006011135964601833,0.01664335818126252
CHEMBL2849,16,0.0006730011563750672,0.0013920415506414,0.010768018502001075
CHEMBL2882,7,0.0004527179455859511,0.0005393420828279791,0.0031690256191016578
CHEMBL2883,7,0.0005216266551142647,0.00057970885510346,0.0036513865857998526
CHEMBL2885,1,0.00048270841405956066,0.00048270841405956066,0.00048270841405956066
CHEMBL2886,10,0.0006621803787871686,0.0013920415506414,0.006621803787871686
CHEMBL2887,13,0.0005299018262158411,0.0006757329605801,0.006888723740805934
CHEMBL2888,5,0.00047695801595390685,0.0005267415572554522,0.002384790079769534
CHEMBL2896,22,0.0005510710320522316,0.0011512315270704,0.012123562705149096
CHEMBL2897,37,0.000620725158526629,0.0008160732180989668,0.022966830865485274
CHEMBL2918,79,0.0005444793867176596,0.00092842554442775,0.04301387155069511
CHEMBL2938,27,0.00047341611399273663,0.0005532991303434068,0.01278223507780389
CHEMBL2940,9,0.0007243376135608303,0.00137218130800255,0.0065190385220474725
CHEMBL2959,7,0.0005560298104004097,0.000659866790523108,0.003892208672802868
CHEMBL2960,51,0.0004562445822701751,0.00057408034090015,0.02326847369577893
CHEMBL2963,4,0.00041941625807000177,0.00044944110978035,0.001677665032280007
CHEMBL2964,34,0.0006495763435736008,0.0009848898862814602,0.022085595681502427
CHEMBL2971,65,0.0006379250198512092,0.0008965658933728,0.0414651262903286
CHEMBL2972,4,0.0005843659954937299,0.0006783527302884,0.0023374639819749195
CHEMBL2979,5,0.0004702159830564309,0.0005375849566791398,0.0023510799152821546
CHEMBL3023,3,0.0004266200332487293,0.0005106120661872273,0.001279860099746188
CHEMBL3024,51,0.0005978293133401659,0.000982898792931,0.03048929498034846
CHEMBL3025,1,0.00048270841405956066,0.00048270841405956066,0.00048270841405956066
CHEMBL3028,4,0.0007753957967466547,0.00101717570634395,0.0031015831869866187
CHEMBL3030,50,0.00048547685671177106,0.0007379277246919391,0.024273842835588554
CHEMBL3038,3,0.00043701857850798306,0.0005138480153230385,0.0013110557355239492
CHEMBL3040,15,0.00047850725844375417,0.00057970885510346,0.007177608876656313
CHEMBL3043,2,0.0006248901422807589,0.0007670718705019571,0.0012497802845615178
CHEMBL3076,4,0.0005516558779014508,0.0007670718705019571,0.0022066235116058033
CHEMBL3079,3,0.0004041123412729052,0.00048270841405956066,0.0012123370238187156
CHEMBL3080,3,0.0005178343852079393,0.0005641791011353434,0.001553503155623818
CHEMBL3123,3,0.0005771218706100489,0.0006380694815731467,0.0017313656118301468
CHEMBL3125,5,0.0005773996431622403,0.00063765098849045,0.0028869982158112014
CHEMBL3126,6,0.0005776279456426631,0.0007147780520863,0.0034657676738559786
CHEMBL3142,10,0.000594533420406105,0.00091177894970895,0.005945334204061049
CHEMBL3143,22,0.00044559925916907945,0.0005532991303434068,0.009803183701719748
CHEMBL3155,8,0.00046311877967700394,0.0005393420828279791,0.0037049502374160315
CHEMBL3157,8,0.0004691699088818982,0.0005914152898280321,0.0037533592710551856
CHEMBL3164,48,0.000449152209671611,0.000554818797399881,0.021559306064237328
CHEMBL3167,6,0.00042852642501375356,0.0005106120661872273,0.0025711585500825212
CHEMBL3191,6,0.0004830226077117601,0.0005914152898280321,0.0028981356462705605
CHEMBL3201,9,0.00044315792912591283,0.0005106120661872273,0.003988421362133216
CHEMBL3230,6,0.00046158456615268806,0.0005267415572554522,0.0027695073969161285
CHEMBL3233,30,0.000492012244938289,0.00117669869992044,0.01476036734814867
CHEMBL3240,10,0.0005211234989219891,0.00060492467849444,0.00521123498921989
CHEMBL3253,31,0.0005348930410731198,0.0007147780520863,0.016581684273266714
CHEMBL3254,13,0.0004841368027716889,0.0005706336189103739,0.006293778436031955
CHEMBL3256,14,0.0005048965602630942,0.0006575373175270135,0.007068551843683319
CHEMBL3276,12,0.000548845288139243,0.0006271066668271853,0.006586143457670916
CHEMBL3311,15,0.000477361767237322,0.00060492467849444,0.00716042650855983
CHEMBL3351,12,0.00044407551617355517,0.0005714247580744,0.005328906194082662
CHEMBL3371,7,0.0004527179455859511,0.0005393420828279791,0.0031690256191016578
CHEMBL3373,16,0.0005013669226739338,0.0006530297142755963,0.008021870762782941
CHEMBL3379,8,0.00041254659393724657,0.0005106120661872273,0.0033003727514979726
CHEMBL3409,14,0.0005761536627497389,0.0013523210653637,0.008066151278496345
CHEMBL3419,7,0.00041999598843795035,0.0005641791011353434,0.0029399719190656526
CHEMBL3421,17,0.0004513093606736733,0.0005507366545556868,0.007672259131452447
CHEMBL3429,13,0.0005208975680881586,0.0006969891818183286,0.006771668385146062
CHEMBL3438,19,0.0006117281767473772,0.00090088509033775,0.011622835358200167
CHEMBL3473,8,0.0004424667064797645,0.0005267415572554522,0.003539733651838116
CHEMBL3474,6,0.0005513605039221416,0.0006371887289965167,0.0033081630235328495
CHEMBL3475,21,0.0005232780314888632,0.0008259724258400501,0.010988838661266128
CHEMBL3477,8,0.0004771662920854806,0.0005446992870151331,0.0038173303366838447
CHEMBL3478,11,0.0005371983457093696,0.0011668691714855,0.005909181802803066
CHEMBL3510,1,0.00048270841405956066,0.00048270841405956066,0.00048270841405956066
CHEMBL3514,3,0.00044879288723427194,0.0004922029096758108,0.0013463786617028159
CHEMBL3568,9,0.00044044863446318167,0.0005641791011353434,0.003964037710168635
CHEMBL3572,9,0.0005243447943452538,0.0006262790790740187,0.004719103149107284
CHEMBL3582,17,0.0005484385349450999,0.000868062683002665,0.009323455094066698
CHEMBL3595,11,0.00047715677608115416,0.0005555506503516655,0.005248724536892696
CHEMBL3610,56,0.0006147483801700243,0.00101159843877535,0.03442590928952136
CHEMBL3636,7,0.00047008174722594075,0.0005914152898280321,0.0032905722305815854
CHEMBL3650,47,0.0006367484774212572,0.0009902599180457584,0.029927178438799086
CHEMBL3708,31,0.000727764349576297,0.0013920415506414,0.02256069483686521
CHEMBL3710,6,0.00046158456615268806,0.0005267415572554522,0.0027695073969161285
CHEMBL3721,17,0.000402534970051666,0.0005106120661872273,0.0068430944908783225
CHEMBL3723,24,0.0006494368238509352,0.000982898792931,0.015586483772422444
CHEMBL3724,7,0.00048013181239202297,0.0005914152898280321,0.003360922686744161
CHEMBL3727,3,0.000491928107539298,0.0004965379542791667,0.001475784322617894
CHEMBL3764,7,0.00047008174722594075,0.0005914152898280321,0.0032905722305815854
CHEMBL3768,14,0.000524203317973346,0.0008515685639294166,0.007338846451626844
CHEMBL3769,11,0.0004251352111677853,0.0005376933654451653,0.004676487322845638
CHEMBL3770,2,0.0004052845329170564,0.0004386891313584129,0.0008105690658341128
CHEMBL3775,28,0.0005616319881426911,0.0006694497676945,0.01572569566799535
CHEMBL3816,23,0.0004920080814845389,0.0006740722549982221,0.011316185874144395
CHEMBL3817,18,0.0005356392046329782,0.0006399261316043166,0.009641505683393607
CHEMBL3819,7,0.00048013181239202297,0.0005914152898280321,0.003360922686744161
CHEMBL3841,3,0.00040172988037531993,0.00048765636412752647,0.0012051896411259598
CHEMBL3856,6,0.0006543838712772228,0.0013920415506414,0.003926303227663337
CHEMBL3861,7,0.000830288370155787,0.0013920415506414,0.0058120185910905085
CHEMBL3863,3,0.0004266200332487293,0.0005106120661872273,0.001279860099746188
CHEMBL3892,9,0.0005245494117255302,0.000681624752395,0.004720944705529772
CHEMBL3898,11,0.000437795771872402,0.00065225747156735,0.004815753490596422
CHEMBL3911,6,0.0004830226077117601,0.0005914152898280321,0.0028981356462705605
CHEMBL3913,13,0.0004425589780594314,0.0006445622039834333,0.005753266714772608
CHEMBL3958,9,0.00043563559745581743,0.0005001339661636436,0.003920720377102357
CHEMBL3961,65,0.0006014393248099107,0.0009009980466587714,0.039093556112644194
CHEMBL3969,1,0.00048270841405956066,0.00048270841405956066,0.00048270841405956066
CHEMBL3974,11,0.0004936221684735973,0.0006473519749155445,0.00542984385320957
CHEMBL4018,7,0.00045170628303245046,0.0005267415572554522,0.0031619439812271533
CHEMBL402,10,0.00047214412476683334,0.0005741323054776928,0.004721441247668334
CHEMBL4068,9,0.0004770889834081737,0.0007241079270678808,0.004293800850673563
CHEMBL4069,9,0.00046943455486014987,0.0005393420828279791,0.004224910993741349
CHEMBL4071,24,0.0005562131731029787,0.0013920415506414,0.013349116154471489
CHEMBL4072,20,0.0005649382122144009,0.00104180134617322,0.011298764244288018
CHEMBL4074,3,0.00040329479670659973,0.0004922029096758108,0.0012098843901197991
CHEMBL4076,8,0.0004245235710761795,0.0005446992870151331,0.003396188568609436
CHEMBL4121,64,0.0005287920982288522,0.0008965658933728,0.03384269428664654
CHEMBL4142,38,0.0006393918636063114,0.0009843452347358,0.02429689081703983
CHEMBL4237,37,0.0006300229922436337,0.00092842554442775,0.023310850713014444
CHEMBL4271,6,0.0004571781953768576,0.000495029402354168,0.0027430691722611453
CHEMBL4273,17,0.0004953007971661595,0.0006803201335936,0.008420113551824713
CHEMBL4305,2,0.0004412105453403299,0.00048765636412752647,0.0008824210906806598
CHEMBL4306,5,0.0004040709421515924,0.00048765636412752647,0.002020354710757962
CHEMBL4315,10,0.0005335422565578109,0.0006740722549982221,0.00533542256557811
CHEMBL4330,13,0.0004959941084269231,0.0005914152898280321,0.006447923409549999
CHEMBL4425,17,0.0004513093606736733,0.0005507366545556868,0.007672259131452447
CHEMBL4429,7,0.00047008174722594075,0.0005914152898280321,0.0032905722305815854
CHEMBL4467,5,0.0004702159830564309,0.0005375849566791398,0.0023510799152821546
CHEMBL4469,5,0.00043488291453694215,0.00048765636412752647,0.002174414572684711
CHEMBL4478,2,0.0004913428832408473,0.000495029402354168,0.0009826857664816946
CHEMBL4549,42,0.0004911917814145276,0.0006575373175270135,0.020630054819410156
CHEMBL4550,5,0.0004128309968093842,0.0005106120661872273,0.002064154984046921
CHEMBL4551,14,0.000531717939863183,0.0008562893258499,0.007444051158084561
CHEMBL4573,5,0.00047695801595390685,0.0005267415572554522,0.002384790079769534
CHEMBL4589,4,0.00038783826439928767,0.00048270841405956066,0.0015513530575971507
CHEMBL4605,2,0.0004052845329170564,0.0004386891313584129,0.0008105690658341128
CHEMBL4607,7,0.00045170628303245046,0.0005267415572554522,0.0031619439812271533
CHEMBL4608,10,0.0004761813962066789,0.0005393420828279791,0.004761813962066789
CHEMBL4617,3,0.0006726870589792725,0.0007682808923763,0.0020180611769378175
CHEMBL4633,3,0.00040172988037531993,0.00048765636412752647,0.0012051896411259598
CHEMBL4708,2,0.00044435931912393975,0.00048643180959252947,0.0008887186382478795
CHEMBL4712,8,0.0005186160240490973,0.0007569903348784,0.0041489281923927784
CHEMBL4714,6,0.0004830226077117601,0.0005914152898280321,0.0028981356462705605
CHEMBL4715,7,0.0004999302450002825,0.0006371887289965167,0.0034995117150019776
CHEMBL4716,4,0.000516257853675756,0.0005393420828279791,0.002065031414703024
CHEMBL4744,17,0.0004672584660740267,0.0006457166545790182,0.007943393923258454
CHEMBL4761,18,0.000470330528501838,0.0005641791011353434,0.008465949513033083
CHEMBL4763,59,0.0005291832384213207,0.0009848898862814602,0.031221811066857917
CHEMBL4770,3,0.00043052835081845324,0.00048765636412752647,0.0012915850524553598
CHEMBL4777,7,0.00045170628303245046,0.0005267415572554522,0.0031619439812271533
CHEMBL4790,10,0.0006383293697468626,0.0013920415506414,0.006383293697468625
CHEMBL4794,3,0.0005465352799538932,0.0006680225852612,0.0016396058398616795
CHEMBL4805,18,0.0005209651172530532,0.000722902125727,0.009377372110554956
CHEMBL4808,3,0.0004943842959022416,0.0005004671212250302,0.0014831528877067247
CHEMBL4811,2,0.0004888382773465803,0.0004949681406336,0.0009776765546931606
CHEMBL4812,3,0.00039321021850265814,0.0005224229821941077,0.0011796306555079744
CHEMBL4813,10,0.0004482572153197005,0.0005106120661872273,0.004482572153197005
CHEMBL4815,7,0.00047008174722594075,0.0005914152898280321,0.0032905722305815854
CHEMBL4816,81,0.0005753814128828937,0.00108787829569585,0.046605894443514394
CHEMBL4820,6,0.0004830226077117601,0.0005914152898280321,0.0028981356462705605
CHEMBL4829,10,0.0004372062967038377,0.0005714247580744,0.004372062967038377
CHEMBL4832,12,0.0005588689106456637,0.0006582002109870666,0.006706426927747964
CHEMBL4833,3,0.0004041123412729052,0.00048270841405956066,0.0012123370238187156
CHEMBL4834,3,0.0005435030697477682,0.0006371887289965167,0.0016305092092433046
CHEMBL4835,4,0.0010319707360873902,0.0013920415506414,0.004127882944349561
CHEMBL4863,5,0.00043612834709055956,0.0005224229821941077,0.0021806417354527977
CHEMBL4865,14,0.0005898770285183052,0.0013920415506414,0.008258278399256273
CHEMBL4866,10,0.0005778932131241295,0.0013523210653637,0.005778932131241294
CHEMBL4867,7,0.0004910682470140772,0.0005914152898280321,0.0034374777290985398
CHEMBL4868,3,0.00040329479670659973,0.0004922029096758108,0.0012098843901197991
CHEMBL4869,7,0.000552142434491,0.0007276162350441847,0.003864997041437
CHEMBL4872,3,0.00044379340322353404,0.0005162151400386,0.0013313802096706021
CHEMBL4873,4,0.00046725062643966826,0.0005376933654451653,0.001869002505758673
CHEMBL4876,9,0.0005277774384101795,0.0006157291586884001,0.0047499969456916155
CHEMBL4878,12,0.0004229615805009998,0.0005106120661872273,0.005075538966011998
CHEMBL4880,5,0.0005733441688657239,0.0006783527302884,0.0028667208443286193
CHEMBL4881,5,0.0005007831944361434,0.000722902125727,0.002503915972180717
CHEMBL4883,9,0.0004465853110236778,0.0005641791011353434,0.0040192677992131
CHEMBL4892,9,0.0004415827263274497,0.0005914152898280321,0.003974244536947048
CHEMBL4894,7,0.00045170628303245046,0.0005267415572554522,0.0031619439812271533
CHEMBL4924,11,0.0005562910518581894,0.00063765098849045,0.0061192015704400835
CHEMBL4925,3,0.0004908815651089201,0.0004949681406336,0.0014726446953267605
CHEMBL4928,52,0.00048118087966216364,0.0006656788155157609,0.025021405742432508
CHEMBL4939,4,0.00046725062643966826,0.0005376933654451653,0.001869002505758673
CHEMBL4940,3,0.0009119471312360536,0.0013920415506414,0.002735841393708161
CHEMBL4941,9,0.0005452703481981316,0.0007670718705019571,0.004907433133783184
CHEMBL4942,4,0.0004510711359871886,0.0005446992870151331,0.0018042845439487545
CHEMBL4945,3,0.0005613785489136494,0.0006262790790740187,0.0016841356467409481
CHEMBL4947,2,0.0006718999215333803,0.0008610914290072,0.0013437998430667606
CHEMBL4949,8,0.0007454499322986385,0.0013920415506414,0.005963599458389108
CHEMBL4977,70,0.0006181819016865237,0.0008350428454108125,0.04327273311805666
CHEMBL4983,9,0.0006290100900463459,0.0013523210653637,0.0056610908104171125
CHEMBL4985,2,0.0004903792606990598,0.0004980501073385588,0.0009807585213981195
CHEMBL5100,2,0.0006248901422807589,0.0007670718705019571,0.0012497802845615178
CHEMBL5103,18,0.0006203511087124137,0.0007655157173034124,0.011166319956823448
CHEMBL5113,8,0.0004498421053215107,0.0005914152898280321,0.0035987368425720854
CHEMBL5135,6,0.000422761641799427,0.0005162151400386,0.002536569850796562
CHEMBL5136,14,0.0005000087211702006,0.0005914152898280321,0.007000122096382809
CHEMBL5444,24,0.0005781013313668368,0.0006852145190859454,0.013874431952804083
