drug,n_pathways_lumb,mean_pathway_score_lumb,max_pathway_score_lumb,sum_pathway_score_lumb,lumb_pathway_overlap_jaccard,n_shared_pathways_lumb,lumb_pathway_enrichment_similarity,n_families_lumb,n_targets_with_family_lumb
CHEMBL1778,16,0.0005533686415535,0.0006231696314845,0.0088538982648571,0.0090960773166571,16,0.3137918363208896,1.0,1.0
CHEMBL1782,6,0.0004440346351631,0.0005292513098544,0.0026642078109787,0.0034090909090909,6,0.0944224381553788,,
CHEMBL1783,29,0.0006116098161721,0.0010223858045129,0.017736684668992,0.0164866401364411,29,0.6286074998872252,1.0,1.0
CHEMBL1785,10,0.0004872895167807,0.0006110699911817,0.0048728951678072,0.0056850483229107,10,0.1727007333001153,1.0,1.0
CHEMBL1786,2,0.0004916849717646,0.0004936835880067,0.0009833699435293,0.0011363636363636,2,0.034851706122223,1.0,1.0
CHEMBL1787,5,0.0005016786287572,0.0005292513098544,0.0025083931437863,0.0028425241614553,5,0.0889001959653965,1.0,1.0
CHEMBL1790,16,0.0005131553103132,0.0008107818657282,0.0082104849650122,0.0090805902383654,16,0.290988565396381,1.0,1.0
CHEMBL1791,5,0.0005211671449512,0.0008492131230125,0.0026058357247564,0.002840909090909,5,0.0923536675892755,1.0,1.0
CHEMBL1793,6,0.0004832877369013,0.0005444404172623,0.0028997264214082,0.0034110289937464,6,0.1027694752506357,1.0,1.0
CHEMBL1795,3,0.0004337704398546,0.0004798179331667,0.0013013113195638,0.0017055144968732,3,0.0461198961605322,1.0,1.0
CHEMBL1798,15,0.000512546293695,0.0006110699911817,0.0076881944054257,0.0085130533484676,15,0.2724780168353879,1.0,1.0
CHEMBL1800,6,0.0004832877369013,0.0005444404172623,0.0028997264214082,0.0034110289937464,6,0.1027694752506357,1.0,1.0
CHEMBL1803,14,0.0005241277655262,0.0007575345857585,0.0073377887173673,0.007959067652075,14,0.2600592560789526,1.0,1.0
CHEMBL1804,7,0.0004571555589859,0.0005265310806402,0.0032000889129016,0.0039795338260375,7,0.1134146503981425,1.0,1.0
CHEMBL1806,10,0.0005532450530325,0.0006101465679182,0.0055324505303259,0.0056850483229107,10,0.1960760965772756,1.0,1.0
CHEMBL1807,11,0.0004840707015314,0.0005829893311849,0.0053247777168458,0.0062535531552018,11,0.1887159449755219,1.0,1.0
CHEMBL1808,3,0.0004139962955177,0.0005109867686159,0.0012419888865533,0.0017055144968732,3,0.0440174442650426,1.0,1.0
CHEMBL1811,6,0.0004904395415066,0.0006110699911817,0.0029426372490396,0.0034071550255536,6,0.104290281905254,1.0,1.0
CHEMBL1817,6,0.0006906620035964,0.0008222820307862,0.0041439720215787,0.0034110289937464,6,0.1468668999140149,1.0,1.0
CHEMBL1821,8,0.0004375572476322,0.0005265310806402,0.0035004579810581,0.0045480386583285,8,0.1240600586297882,1.0,1.0
CHEMBL1822,12,0.0005120736387229,0.0005829893311849,0.0061448836646752,0.0068143100511073,12,0.217781396559548,1.0,1.0
CHEMBL1824,58,0.0007262894745836,0.0010109100231417,0.0421247895258542,0.0329732802728823,58,1.4929486046181228,1.0,1.0
CHEMBL1827,11,0.0005342671472821,0.0011207536784544,0.0058769386201037,0.00625,11,0.2082851311797086,1.0,1.0
CHEMBL1832,6,0.0004832877369013,0.0005444404172623,0.0028997264214082,0.0034090909090909,6,0.1027694752506357,1.0,1.0
CHEMBL1833,7,0.0004695132989936,0.0006110699911817,0.0032865930929555,0.0039772727272727,7,0.1164804531323223,1.0,1.0
CHEMBL1835,10,0.0004301260909543,0.0005292513098544,0.0043012609095439,0.0056753688989784,10,0.1524413901002549,1.0,1.0
CHEMBL1836,6,0.00047933461252,0.0005444404172623,0.0028760076751202,0.0034071550255536,6,0.1019288569455347,1.0,1.0
CHEMBL1839,4,0.0007166000105331,0.0008029280972434,0.0028664000421324,0.0022740193291642,4,0.1015883519264278,1.0,1.0
CHEMBL1842,10,0.0005101539160907,0.0005758713305384,0.0051015391609071,0.0056850483229107,10,0.1808041264397542,1.0,1.0
CHEMBL1843,3,0.0006878239816296,0.0008029280972434,0.002063471944889,0.0017035775127768,3,0.0731317021512978,,
CHEMBL1845,8,0.0004770237061599,0.000581476867447,0.0038161896492796,0.0045480386583285,8,0.1352499342068701,1.0,1.0
CHEMBL1846,6,0.0005124755205477,0.0008492131230125,0.0030748531232866,0.0034110289937464,6,0.1089761570677741,1.0,1.0
CHEMBL1851,13,0.0004862842604965,0.0005600258378752,0.0063216953864553,0.0073905628197839,13,0.2240477973245758,1.0,1.0
CHEMBL1854,6,0.00047933461252,0.0005444404172623,0.0028760076751202,0.0034090909090909,6,0.1019288569455347,1.0,1.0
CHEMBL1855,6,0.0004904395415066,0.0006110699911817,0.0029426372490396,0.0034090909090909,6,0.104290281905254,1.0,1.0
CHEMBL1856,5,0.0005016786287572,0.0005292513098544,0.0025083931437863,0.0028425241614553,5,0.0889001959653965,1.0,1.0
CHEMBL1859,10,0.0005267411670318,0.0007040228762591,0.0052674116703189,0.0056850483229107,10,0.1866828295563437,1.0,1.0
CHEMBL1860,9,0.0005555268549038,0.0006164629036573,0.0049997416941349,0.0051165434906196,9,0.1771963129009399,1.0,1.0
CHEMBL1861,2,0.0006302719238228,0.000770857492123,0.0012605438476456,0.0011357183418512,2,0.0446750523761678,1.0,1.0
CHEMBL1864,3,0.0005979995232651,0.0006835733294709,0.0017939985697953,0.0017055144968732,3,0.0635812710665091,1.0,1.0
CHEMBL1867,17,0.0004755684428596,0.0006835733294709,0.0080846635286141,0.0096536059057353,17,0.286529316103599,1.0,1.0
CHEMBL1868,6,0.0005506754418161,0.0006474910410066,0.0033040526508971,0.0034110289937464,6,0.1170992389579574,1.0,1.0
CHEMBL1869,2,0.0006302719238228,0.000770857492123,0.0012605438476456,0.0011357183418512,2,0.0446750523761678,1.0,1.0
CHEMBL1871,23,0.0005703329055377,0.0007040983899847,0.0131176568273675,0.0130756111426947,23,0.4649041022331361,1.0,1.0
CHEMBL1874,4,0.0005276961032538,0.0008107818657282,0.0021107844130152,0.0022688598979013,4,0.0748085077582767,1.0,1.0
CHEMBL1875,7,0.0004599947884337,0.0005444404172623,0.003219963519036,0.0039772727272727,7,0.114119028172603,1.0,1.0
CHEMBL1876,4,0.0005276961032538,0.0008107818657282,0.0021107844130152,0.0022688598979013,4,0.0748085077582767,1.0,1.0
CHEMBL1881,6,0.00047933461252,0.0005444404172623,0.0028760076751202,0.0034071550255536,6,0.1019288569455347,1.0,1.0
CHEMBL1882,3,0.0004878135630269,0.0004983975909496,0.0014634406890808,0.001699716713881,3,0.0518659383060765,1.0,1.0
CHEMBL1883,3,0.0004878135630269,0.0004983975909496,0.0014634406890808,0.001699716713881,3,0.0518659383060765,1.0,1.0
CHEMBL1886,14,0.0005206767329353,0.0008107818657282,0.0072894742610945,0.0079455164585698,14,0.2583469389163578,1.0,1.0
CHEMBL1889,9,0.0005185741224294,0.0008107818657282,0.0046671671018646,0.0051078320090805,9,0.1654095056776853,1.0,1.0
CHEMBL1892,3,0.0005210321324692,0.000770857492123,0.0015630963974076,0.0017055144968732,3,0.0553978455835649,1.0,1.0
CHEMBL1893,6,0.0004428534199843,0.0004864046289194,0.002657120519906,0.0034110289937464,6,0.0941712568097447,1.0,1.0
CHEMBL1898,7,0.0004483841766129,0.0005265310806402,0.0031386892362908,0.0039772727272727,7,0.1112385787179815,1.0,1.0
CHEMBL1899,3,0.0004878135630269,0.0004983975909496,0.0014634406890808,0.0017055144968732,3,0.0518659383060765,1.0,1.0
CHEMBL1900,5,0.0004983090587363,0.0005292513098544,0.0024915452936818,0.0028360748723766,5,0.0883030897344231,1.0,1.0
CHEMBL1901,7,0.0004782846813666,0.0006110699911817,0.0033479927695662,0.0039795338260375,7,0.1186565248124833,1.0,1.0
CHEMBL1903,6,0.0004355533341676,0.0004864046289194,0.0026133200050056,0.0034071550255536,6,0.0926189186654323,1.0,1.0
CHEMBL1904,32,0.0005608719625799,0.0008925004860879,0.0179479028025578,0.0181921546333143,32,0.6360933015096438,1.0,1.0
CHEMBL1905,73,0.0005983905968381,0.0011889145420541,0.0436825135691843,0.0415008527572484,73,1.5481560480984338,1.0,1.0
CHEMBL1907,6,0.0004735053847737,0.0005758713305384,0.0028410323086424,0.0034110289937464,6,0.1006892917116955,1.0,1.0
CHEMBL1910,5,0.0004831603970032,0.0005083924665701,0.0024158019850163,0.0028328611898017,5,0.0856186640493506,1.0,1.0
CHEMBL1911,4,0.0004554274810722,0.0004864046289194,0.0018217099242888,0.0022727272727272,4,0.0645633917723576,1.0,1.0
CHEMBL1912,2,0.0005219703315096,0.0005329538944032,0.0010439406630192,0.0011363636363636,2,0.0369983986555475,1.0,1.0
CHEMBL1913,15,0.0005930786237095,0.0007409815052308,0.008896179355643,0.0085275724843661,15,0.3152903244130876,1.0,1.0
CHEMBL1914,10,0.0005067663884477,0.0006561894395572,0.0050676638844774,0.0056753688989784,10,0.1796035496001776,1.0,1.0
CHEMBL1916,17,0.0004755684428596,0.0006835733294709,0.0080846635286141,0.0096536059057353,17,0.286529316103599,1.0,1.0
CHEMBL1919,5,0.0005324399943305,0.0006217043042468,0.0026621999716526,0.002840909090909,5,0.0943512781340722,1.0,1.0
CHEMBL1920,7,0.0005363741571541,0.0008492473242828,0.0037546191000793,0.0039795338260375,7,0.1330678066152795,1.0,1.0
CHEMBL1925,7,0.0004800104208872,0.0005444404172623,0.0033600729462104,0.0039795338260375,7,0.119084659482535,1.0,1.0
CHEMBL1927,25,0.0006288299533826,0.0013951846487226,0.015720748834566,0.0141964792731402,25,0.5571605294719019,1.0,1.0
CHEMBL1929,7,0.0004583154945514,0.0005549961824303,0.0032082084618599,0.0039750141964792,7,0.1137024160920288,1.0,1.0
CHEMBL1935,9,0.0004881254414145,0.0007600670673291,0.0043931289727311,0.0051049347702779,9,0.1556972947181351,1.0,1.0
CHEMBL1936,42,0.0005989043624714,0.0008819777062999,0.0251539832238026,0.0238772029562251,42,0.8914846715498886,1.0,1.0
CHEMBL1940,13,0.000494455087247,0.0007040228762591,0.0064279161342113,0.0073905628197839,13,0.2278123767783555,1.0,1.0
CHEMBL1941,7,0.0004599947884337,0.0005444404172623,0.003219963519036,0.0039772727272727,7,0.114119028172603,1.0,1.0
CHEMBL1942,12,0.000473741433959,0.0006835733294709,0.0056848972075088,0.0068181818181818,12,0.201478973518395,1.0,1.0
CHEMBL1944,14,0.0005362926780927,0.0008674914754998,0.0075080974932986,0.007959067652075,14,0.266095185332082,1.0,1.0
CHEMBL1947,9,0.0005555268549038,0.0006164629036573,0.0049997416941349,0.0051165434906196,9,0.1771963129009399,1.0,1.0
CHEMBL1950,7,0.0004899248364714,0.0005503254614852,0.0034294738552999,0.0039772727272727,7,0.1215443035911652,1.0,1.0
CHEMBL1951,13,0.0004885892942221,0.0005895078388938,0.0063516608248883,0.0073487846240814,13,0.225109805230104,1.0,1.0
CHEMBL1952,8,0.0005187879663058,0.0005767540095035,0.0041503037304467,0.0045480386583285,8,0.1470913026000753,,
CHEMBL1957,14,0.0006053348050461,0.0007546323944717,0.0084746872706455,0.007959067652075,14,0.3003521840155402,1.0,1.0
CHEMBL1958,6,0.0005039948410471,0.0005292513098544,0.0030239690462828,0.0034090909090909,6,0.1071727697365843,1.0,1.0
CHEMBL1959,11,0.0005651349438563,0.0007285015022419,0.0062164843824195,0.0062535531552018,11,0.2203190042924035,1.0,1.0
CHEMBL1962,7,0.0005363741571541,0.0008492473242828,0.0037546191000793,0.0039795338260375,7,0.1330678066152795,1.0,1.0
CHEMBL1963,6,0.00047933461252,0.0005444404172623,0.0028760076751202,0.0034090909090909,6,0.1019288569455347,1.0,1.0
CHEMBL1966,2,0.0004910704502006,0.0004924545448787,0.0009821409004013,0.0011357183418512,2,0.0348081474897973,1.0,1.0
CHEMBL1968,3,0.0004454508703657,0.0004896863555226,0.0013363526110971,0.0017055144968732,3,0.0473617978504244,1.0,1.0
CHEMBL1969,3,0.0006878239816296,0.0008029280972434,0.002063471944889,0.0017045454545454,3,0.0731317021512978,1.0,1.0
CHEMBL1970,7,0.0005000286993607,0.0006086728991084,0.0035002008955254,0.0039705048213272,7,0.1240509472373841,1.0,1.0
CHEMBL1971,11,0.000532160782457,0.0008107818657282,0.0058537686070278,0.0062464508801817,11,0.2074639605796819,1.0,1.0
CHEMBL1972,17,0.000491417450006,0.0005811357953646,0.0083540966501033,0.0096645821489482,17,0.2960783205566232,1.0,1.0
CHEMBL1975,10,0.0005795365794206,0.0007086395501322,0.0057953657942064,0.0056850483229107,10,0.2053941010293101,1.0,1.0
CHEMBL1976,4,0.000560658656716,0.0006149771129417,0.0022426346268643,0.0022740193291642,4,0.0794814235164388,1.0,1.0
CHEMBL1977,13,0.0005210908426875,0.0006164629036573,0.0067741809549382,0.0073905628197839,13,0.2400843806684953,1.0,1.0
CHEMBL1978,10,0.00047432151999,0.0005292513098544,0.0047432151999006,0.0056753688989784,10,0.1681047334313381,1.0,1.0
CHEMBL1981,10,0.0005809956327856,0.000731754712725,0.0058099563278564,0.0056818181818181,10,0.2059112054967516,1.0,1.0
CHEMBL1983,7,0.0004483841766129,0.0005265310806402,0.0031386892362908,0.0039772727272727,7,0.1112385787179815,1.0,1.0
CHEMBL1985,11,0.0004847402777005,0.0006110699911817,0.0053321430547063,0.0062535531552018,11,0.1889769806033551,1.0,1.0
CHEMBL1987,6,0.0004904395415066,0.0006110699911817,0.0029426372490396,0.0034071550255536,6,0.104290281905254,1.0,1.0
CHEMBL1988,3,0.0004337704398546,0.0004798179331667,0.0013013113195638,0.0017055144968732,3,0.0461198961605322,1.0,1.0
CHEMBL1989,12,0.0004717160797909,0.0005292513098544,0.0056605929574917,0.0068143100511073,12,0.2006176043208812,1.0,1.0
CHEMBL1991,82,0.0006381539978296,0.0010339740739691,0.052328627822031,0.0466173962478681,82,1.8545837918201051,1.0,1.0
CHEMBL1992,15,0.0005248527400644,0.0006204709270786,0.0078727911009672,0.0085178875638841,15,0.2790203255834665,1.0,1.0
CHEMBL1993,20,0.0005713691133459,0.0007916713693819,0.0114273822669184,0.0113571834185122,20,0.4049989234809796,1.0,1.0
CHEMBL1994,12,0.0005691919165255,0.0007040983899847,0.0068303029983071,0.0068220579874928,12,0.2420734072554293,1.0,1.0
CHEMBL1995,9,0.0004824730824181,0.0005503254614852,0.0043422577417633,0.0051107325383304,9,0.1538943626645049,1.0,1.0
CHEMBL1996,8,0.0005812036626164,0.0007002593937212,0.0046496293009319,0.0045480386583285,8,0.1647879468349004,1.0,1.0
CHEMBL1997,4,0.0004148745376375,0.000464487553213,0.0016594981505501,0.0022701475595913,4,0.058814429131083,1.0,1.0
CHEMBL2000,9,0.0004405011009942,0.0005503254614852,0.0039645099089486,0.0051107325383304,9,0.1405065663990307,1.0,1.0
CHEMBL2001,10,0.0005015142645197,0.0006418126765693,0.0050151426451978,0.0056785917092561,10,0.1777421394476859,1.0,1.0
CHEMBL2002,12,0.0005120736387229,0.0005829893311849,0.0061448836646752,0.0068143100511073,12,0.217781396559548,1.0,1.0
CHEMBL2004,7,0.0005474269487322,0.0006086728991084,0.003831988641126,0.0039795338260375,7,0.1358098677542409,1.0,1.0
CHEMBL2008,10,0.000544260083122,0.0006086728991084,0.0054426008312206,0.0056850483229107,10,0.1928917249895637,1.0,1.0
CHEMBL2014,7,0.0004571555589859,0.0005265310806402,0.0032000889129016,0.0039795338260375,7,0.1134146503981425,1.0,1.0
CHEMBL2015,23,0.0005414347232546,0.000751799307137,0.0124529986348562,0.0130756111426947,23,0.4413478890810456,1.0,1.0
CHEMBL202,10,0.0005377087318039,0.0007363386100038,0.005377087318039,0.0056818181818181,10,0.1905698544428176,1.0,1.0
CHEMBL2023,10,0.0004889653107144,0.0005829893311849,0.0048896531071441,0.0056689342403628,10,0.1732946529951668,1.0,1.0
CHEMBL203,78,0.0007519602562178,0.0012291528621626,0.0586528999849922,0.0443433769187038,78,2.078722912921795,1.0,1.0
CHEMBL2033,10,0.00047432151999,0.0005292513098544,0.0047432151999006,0.0056753688989784,10,0.1681047334313381,1.0,1.0
CHEMBL2034,28,0.0005533486696253,0.0007133106491734,0.0154937627495084,0.01591813530415,28,0.5491158944062049,1.0,1.0
CHEMBL2035,8,0.0004560452297153,0.0006110699911817,0.0036483618377228,0.0045480386583285,8,0.1293019330441291,1.0,1.0
CHEMBL2039,3,0.0004454508703657,0.0004896863555226,0.0013363526110971,0.0017035775127768,3,0.0473617978504244,1.0,1.0
CHEMBL2040,2,0.0006088174290892,0.0006673093966932,0.0012176348581784,0.0011370096645821,2,0.0431543108680989,1.0,1.0
CHEMBL2044,4,0.0004554274810722,0.0004864046289194,0.0018217099242888,0.0022727272727272,4,0.0645633917723576,1.0,1.0
CHEMBL2045,4,0.0004720739468859,0.0005491757597568,0.0018882957875439,0.0022701475595913,4,0.0669232675783397,1.0,1.0
CHEMBL2049,7,0.0004782846813666,0.0006110699911817,0.0033479927695662,0.0039772727272727,7,0.1186565248124833,1.0,1.0
CHEMBL205,6,0.0004800095056235,0.0005491757597568,0.002880057033741,0.0034032898468519,6,0.1020723706430681,1.0,1.0
CHEMBL2050,5,0.0006152135327832,0.0007211847178144,0.0030760676639163,0.0028425241614553,5,0.1090192017158013,1.0,1.0
CHEMBL2055,19,0.0005708185188522,0.0007923227231535,0.0108455518581922,0.0108015918135304,19,0.3843782175591352,1.0,1.0
CHEMBL2056,7,0.0004599947884337,0.0005444404172623,0.003219963519036,0.0039772727272727,7,0.114119028172603,1.0,1.0
CHEMBL2057,10,0.0005377087318039,0.0007363386100038,0.005377087318039,0.0056818181818181,10,0.1905698544428176,1.0,1.0
CHEMBL2059,4,0.0005211676116733,0.0006258072682909,0.0020846704466933,0.0022727272727272,4,0.0738830002359803,1.0,1.0
CHEMBL206,43,0.0006227759939566,0.0011859745832475,0.0267793677401345,0.0244457077885162,43,0.949090076180703,1.0,1.0
CHEMBL2060,20,0.0004663138365084,0.0006022908833007,0.0093262767301687,0.0113700966458214,20,0.3305334456814765,1.0,1.0
CHEMBL2061,65,0.0005267579907784,0.0007923227231535,0.0342392694006014,0.0369528140989198,65,1.2134771484946587,1.0,1.0
CHEMBL2062,6,0.0005124755205477,0.0008492131230125,0.0030748531232866,0.0034110289937464,6,0.1089761570677741,1.0,1.0
CHEMBL2063,2,0.0005094688326885,0.0005292513098544,0.0010189376653771,0.0011350737797956,2,0.0361122650781171,1.0,1.0
CHEMBL2064,17,0.0004292320792384,0.0005265310806402,0.0072969453470532,0.0096645821489482,17,0.2586117223724207,1.0,1.0
CHEMBL2066,2,0.0004174441678166,0.0004228387476255,0.0008348883356332,0.0011370096645821,2,0.0295893555724618,1.0,1.0
CHEMBL2069,11,0.000507426765324,0.0006418126765693,0.0055816944185649,0.0062464508801817,11,0.1978213538250838,1.0,1.0
CHEMBL207,48,0.0006181536523301,0.000852502719215,0.0296713753118494,0.0272882319499715,48,1.051585986957576,1.0,1.0
CHEMBL2070,85,0.0005749724460565,0.0010345792099268,0.048872657914803,0.0480225988700565,85,1.7321004391749104,1.0,1.0
CHEMBL2071,9,0.0005371926123143,0.0008107818657282,0.0048347335108293,0.0051107325383304,9,0.1713482424467093,1.0,1.0
CHEMBL2074,3,0.0005330144740296,0.0005758713305384,0.001599043422089,0.0017026106696935,3,0.0566718474466528,1.0,1.0
CHEMBL2075,10,0.0005190532320602,0.000686340329549,0.0051905323206023,0.0056850483229107,10,0.183958141334146,1.0,1.0
CHEMBL2076,7,0.0004341636708459,0.0005083924665701,0.0030391456959218,0.0039682539682539,7,0.1077106467955811,1.0,1.0
CHEMBL2079,3,0.0005664535770717,0.0006086728991084,0.0016993607312152,0.0017045454545454,3,0.0602272025799312,1.0,1.0
CHEMBL208,25,0.0005994196751285,0.0008492473242828,0.014985491878213,0.0142126208072768,25,0.5311022189288989,1.0,1.0
CHEMBL2081,7,0.0003889960004247,0.0004896863555226,0.002722972002973,0.0039795338260375,7,0.0965051053788129,1.0,1.0
CHEMBL2083,13,0.0005411119630335,0.0007559947774312,0.0070344555194367,0.0073905628197839,13,0.2493087958468112,1.0,1.0
CHEMBL2084,3,0.0005794811250113,0.0006945027120148,0.001738443375034,0.0017055144968732,3,0.0616123342140787,1.0,1.0
CHEMBL2085,10,0.0005701481481475,0.0006673093966932,0.005701481481475,0.0056850483229107,10,0.2020667383228078,1.0,1.0
CHEMBL2086,3,0.0004031887163101,0.0004786384692116,0.0012095661489303,0.0017055144968732,3,0.0428683469891393,1.0,1.0
CHEMBL2088,4,0.0004720739468859,0.0005491757597568,0.0018882957875439,0.0022740193291642,4,0.0669232675783397,1.0,1.0
CHEMBL209,11,0.0004295484141528,0.0005491757597568,0.0047250325556816,0.00625,11,0.1674603206373414,1.0,1.0
CHEMBL2094,7,0.0004870382393779,0.0005758713305384,0.0034092676756457,0.0039795338260375,7,0.1208281744885916,1.0,1.0
CHEMBL2099,8,0.0005132856150887,0.0005384383737071,0.0041062849207099,0.0045480386583285,8,0.1455312278480466,1.0,1.0
CHEMBL210,16,0.0005134762644105,0.0006620071675343,0.0082156202305692,0.0090960773166571,16,0.2911705648231784,1.0,1.0
CHEMBL2100,7,0.0003971042656021,0.0005292513098544,0.0027797298592152,0.0039750141964792,7,0.09851666586924,1.0,1.0
CHEMBL2102,4,0.0010291722371836,0.0013902905273324,0.0041166889487346,0.0022740193291642,4,0.1458999579781508,1.0,1.0
CHEMBL2104,10,0.0005015444044943,0.0005720022486338,0.0050154440449434,0.0056850483229107,10,0.1777528213842568,1.0,1.0
CHEMBL2105,6,0.0005694501544176,0.000770857492123,0.0034167009265061,0.0034032898468519,6,0.1210916170274048,1.0,1.0
CHEMBL2106,12,0.0005488993596378,0.0006730820851928,0.0065867923156541,0.0068220579874928,12,0.2334431223811714,1.0,1.0
CHEMBL2107,26,0.0005119877936542,0.0006412055921734,0.0133116826350099,0.0147811256395679,26,0.4717805890248792,1.0,1.0
CHEMBL2108,20,0.0006187760033133,0.0009505587778377,0.0123755200662663,0.0112803158488437,20,0.4386019638867521,1.0,1.0
CHEMBL2109,32,0.0006097124958843,0.00075223742059,0.0195107998682986,0.0181921546333143,32,0.691484082560984,1.0,1.0
CHEMBL2114,6,0.0004657888987291,0.0005265310806402,0.002794733392375,0.0034071550255536,6,0.0990484074909131,1.0,1.0
CHEMBL2116,41,0.0006028389110852,0.0013902905273324,0.0247163953544946,0.0232690124858115,41,0.875976078955455,1.0,1.0
CHEMBL2117,36,0.0006022510593278,0.0013902905273324,0.0216810381358027,0.0204313280363223,36,0.7683996999356341,1.0,1.0
CHEMBL212,36,0.0006226830264811,0.000852502719215,0.0224165889533216,0.0204661739624786,36,0.7944684252396859,1.0,1.0
CHEMBL2120,70,0.0006922298695317,0.0011055463398207,0.0484560908672245,0.0397953382603752,70,1.7173368474891195,1.0,1.0
CHEMBL2121,10,0.0004644580583722,0.0006945027120148,0.0046445805837224,0.0056850483229107,10,0.1646090147761797,,
CHEMBL2123,6,0.0004657888987291,0.0005265310806402,0.002794733392375,0.0034071550255536,6,0.0990484074909131,1.0,1.0
CHEMBL2127,6,0.00048317777967,0.0006246380315436,0.0028990666780203,0.0034110289937464,6,0.1027460932235406,1.0,1.0
CHEMBL213,8,0.0004432633077625,0.0005444404172623,0.0035461064621004,0.0045480386583285,8,0.1256778907149364,1.0,1.0
CHEMBL2131,3,0.0007182077402333,0.0008940793730542,0.0021546232206999,0.0017045454545454,3,0.0763622030407416,1.0,1.0
CHEMBL2139,2,0.0005141310125621,0.0005172752565084,0.0010282620251243,0.0011370096645821,2,0.0364427305838295,1.0,1.0
CHEMBL2147,14,0.0005911362934465,0.000862045568783,0.0082759081082515,0.007959067652075,14,0.2933072331335622,1.0,1.0
CHEMBL2148,24,0.0005637059917645,0.0007916713693819,0.0135289438023487,0.0136441159749857,24,0.4794805623723439,1.0,1.0
CHEMBL215,19,0.000441346413133,0.0007054255212777,0.0083855818495288,0.0107405313736574,19,0.2971941904536115,1.0,1.0
CHEMBL2156,3,0.0004337704398546,0.0004798179331667,0.0013013113195638,0.0017055144968732,3,0.0461198961605322,1.0,1.0
CHEMBL2158,5,0.0006538764249195,0.0008817609696392,0.0032693821245976,0.0028425241614553,5,0.1158704775933825,1.0,1.0
CHEMBL2159,5,0.0004684967030226,0.0004924545448787,0.0023424835151134,0.002840909090909,5,0.083020177301614,1.0,1.0
CHEMBL216,8,0.0004560452297153,0.0006110699911817,0.0036483618377228,0.0045480386583285,8,0.1293019330441291,1.0,1.0
CHEMBL2160,8,0.0004926908671503,0.0005758713305384,0.0039415269372024,0.0045454545454545,8,0.1396920247482669,1.0,1.0
CHEMBL2161,6,0.0003815947771002,0.0004896863555226,0.0022895686626015,0.0034090909090909,6,0.0811448170657466,1.0,1.0
CHEMBL2164,26,0.0006116215681944,0.00099734482678,0.0159021607730549,0.0147811256395679,26,0.5635899669474629,1.0,1.0
CHEMBL2167,142,0.0007891203625489,0.0011476929330024,0.1120550914819444,0.0807276861853325,142,3.971354975332271,1.0,1.0
CHEMBL217,5,0.0004297984042266,0.0005130037975436,0.0021489920211334,0.002840909090909,5,0.0761626271703359,1.0,1.0
CHEMBL2171,48,0.0006200988706103,0.0011840479097208,0.029764745789297,0.0272882319499715,48,1.0548951387797585,1.0,1.0
CHEMBL218,6,0.0004657888987291,0.0005265310806402,0.002794733392375,0.0034110289937464,6,0.0990484074909131,1.0,1.0
CHEMBL2182,7,0.0004483841766129,0.0005265310806402,0.0031386892362908,0.0039772727272727,7,0.1112385787179815,1.0,1.0
CHEMBL2184,6,0.0004604195891098,0.0004983975909496,0.0027625175346591,0.0034032898468519,6,0.0979066422651389,1.0,1.0
CHEMBL2185,34,0.0005437065800872,0.0006420723211867,0.0184860237229663,0.0193291642978965,34,0.6551648953688015,1.0,1.0
CHEMBL219,7,0.0004483841766129,0.0005265310806402,0.0031386892362908,0.0039772727272727,7,0.1112385787179815,1.0,1.0
CHEMBL2193,8,0.0004942167874677,0.0005758713305384,0.0039537342997419,0.0045377197958026,8,0.1401246670255198,1.0,1.0
CHEMBL2194,5,0.0003995634035509,0.0004896863555226,0.0019978170177547,0.002840909090909,5,0.0708048197394236,1.0,1.0
CHEMBL220,8,0.000514790804065,0.0006561894395572,0.0041183264325204,0.0045402951191827,8,0.1459579921941045,1.0,1.0
CHEMBL2200,6,0.0004974296999549,0.0005938558018213,0.0029845781997296,0.0034090909090909,6,0.1057767150605037,1.0,1.0
CHEMBL2202,7,0.0004341636708459,0.0005083924665701,0.0030391456959218,0.0039682539682539,7,0.1077106467955811,1.0,1.0
CHEMBL2206,6,0.0005130165804384,0.0007151840405406,0.0030780994826306,0.0034090909090909,6,0.1090912115928475,,
CHEMBL221,7,0.0004146827193012,0.0005292513098544,0.0029027790351084,0.0039772727272727,7,0.1028776632182303,1.0,1.0
CHEMBL222,4,0.0005276961032538,0.0008107818657282,0.0021107844130152,0.0022701475595913,4,0.0748085077582767,1.0,1.0
CHEMBL223,9,0.0004481074426199,0.0006110699911817,0.0040329669835799,0.0051165434906196,9,0.1429327599823605,1.0,1.0
CHEMBL224,7,0.0004695132989936,0.0006110699911817,0.0032865930929555,0.0039772727272727,7,0.1164804531323223,1.0,1.0
CHEMBL2249,5,0.0004132160719042,0.0005088278621382,0.002066080359521,0.0028425241614553,5,0.0732241472181763,,
CHEMBL225,7,0.0004695132989936,0.0006110699911817,0.0032865930929555,0.0039772727272727,7,0.1164804531323223,1.0,1.0
CHEMBL226,6,0.0004657888987291,0.0005265310806402,0.002794733392375,0.0034071550255536,6,0.0990484074909131,1.0,1.0
CHEMBL227,11,0.0005169971622576,0.0006290163317783,0.0056869687848345,0.0062535531552018,11,0.2015523924841056,1.0,1.0
CHEMBL228,4,0.0004391632947119,0.0004864046289194,0.0017566531788479,0.0022701475595913,4,0.0622577095738179,1.0,1.0
CHEMBL229,9,0.0004481074426199,0.0006110699911817,0.0040329669835799,0.0051165434906196,9,0.1429327599823605,1.0,1.0
CHEMBL230,17,0.0004080182111558,0.0005895078388938,0.0069363095896493,0.0096645821489482,17,0.245830396771722,1.0,1.0
CHEMBL231,7,0.0004695132989936,0.0006110699911817,0.0032865930929555,0.0039772727272727,7,0.1164804531323223,1.0,1.0
CHEMBL232,9,0.0004481074426199,0.0006110699911817,0.0040329669835799,0.0051165434906196,9,0.1429327599823605,1.0,1.0
CHEMBL2326,1,0.0004896863555226,0.0004896863555226,0.0004896863555226,0.0005681818181818,1,0.017355019915989,1.0,1.0
CHEMBL2327,7,0.0004782846813666,0.0006110699911817,0.0033479927695662,0.0039772727272727,7,0.1186565248124833,1.0,1.0
CHEMBL2335,6,0.000490379032106,0.0005758713305384,0.002942274192636,0.0034110289937464,6,0.1042774147893122,1.0,1.0
CHEMBL235,30,0.0005361803724106,0.0006955026458843,0.0160854111723182,0.0170551449687322,30,0.5700845614832484,1.0,1.0
CHEMBL236,11,0.0004940257349833,0.0005895078388938,0.0054342830848171,0.0062535531552018,11,0.1925969349614853,1.0,1.0
CHEMBL2360,6,0.0004698670836061,0.0005083924665701,0.0028192025016366,0.0034013605442176,6,0.0999156194803305,,
CHEMBL237,12,0.0004767029364046,0.000531144021009,0.0057204352368558,0.0068220579874928,12,0.2027384801395919,1.0,1.0
CHEMBL238,6,0.0005126379185244,0.0008107818657282,0.0030758275111464,0.003399433427762,6,0.1090106904390199,1.0,1.0
CHEMBL2388,3,0.0005462201479439,0.0008464215385472,0.0016386604438318,0.0017045454545454,3,0.0580759180187774,1.0,1.0
CHEMBL239,33,0.0005173558506117,0.0006164629036573,0.0170727430701866,0.0187606594656054,33,0.605076683599684,1.0,1.0
CHEMBL2392,10,0.0004684290804955,0.0006620071675343,0.004684290804955,0.0056753688989784,10,0.1660163884401337,1.0,1.0
CHEMBL2399,15,0.0005285139605137,0.0013902905273324,0.0079277094077065,0.0084985835694051,15,0.2809666904279476,1.0,1.0
CHEMBL240,5,0.0004062119070654,0.0004786384692116,0.0020310595353274,0.002840909090909,5,0.0719829709131808,1.0,1.0
CHEMBL2401,13,0.0005025370887066,0.0007901434237314,0.0065329821531868,0.0073863636363636,13,0.2315360313814554,1.0,1.0
CHEMBL241,4,0.0005185408918014,0.0005444404172623,0.0020741635672058,0.0022740193291642,4,0.0735106249375797,1.0,1.0
CHEMBL2412,57,0.0006545653642944,0.0009899610138302,0.0373102257647842,0.0324047754405912,57,1.322315200158679,1.0,1.0
CHEMBL2413,12,0.0004720232759387,0.0005658546435071,0.0056642793112651,0.0068220579874928,12,0.2007482527296632,1.0,1.0
CHEMBL2414,8,0.0004471916530896,0.0005265310806402,0.0035775332247168,0.0045480386583285,8,0.126791689547495,1.0,1.0
CHEMBL2419,4,0.0004982043103224,0.0005292513098544,0.0019928172412898,0.0022727272727272,4,0.0706276221942087,,
CHEMBL242,16,0.0005696976045064,0.0006756564833105,0.0091151616721028,0.0090960773166571,16,0.3230512971674849,1.0,1.0
CHEMBL2421,7,0.0005068414544536,0.0005750094841758,0.0035478901811753,0.0039795338260375,7,0.1257411076694631,1.0,1.0
CHEMBL2428,7,0.0004761124402051,0.0005384383737071,0.0033327870814358,0.0039795338260375,7,0.1181176185975904,1.0,1.0
CHEMBL2430,6,0.0005124755205477,0.0008492131230125,0.0030748531232866,0.0034110289937464,6,0.1089761570677741,1.0,1.0
CHEMBL2433,3,0.0004686441859134,0.0005109867686159,0.0014059325577402,0.0017055144968732,3,0.0498277872457298,1.0,1.0
CHEMBL2434,11,0.0004705978769823,0.0005758713305384,0.0051765766468059,0.0062535531552018,11,0.1834635369941479,1.0,1.0
CHEMBL2438,3,0.0005330144740296,0.0005758713305384,0.001599043422089,0.0017055144968732,3,0.0566718474466528,1.0,1.0
CHEMBL2439,4,0.0004937959536143,0.0005758713305384,0.0019751838144572,0.0022727272727272,4,0.0700026742649565,1.0,1.0
CHEMBL244,12,0.0004141253200838,0.0005503254614852,0.0049695038410056,0.0067911714770797,12,0.1761246503206941,1.0,1.0
CHEMBL2441,3,0.0004927187431516,0.00055647278014,0.0014781562294548,0.0017055144968732,3,0.0523874731485053,1.0,1.0
CHEMBL2442,11,0.0004924656321793,0.0005384383737071,0.0054171219539729,0.0062535531552018,11,0.1919887257185217,1.0,1.0
CHEMBL2443,6,0.0005431232199568,0.0006808521405604,0.0032587393197409,0.0034110289937464,6,0.1154932849512619,1.0,1.0
CHEMBL2447,2,0.0004910704502006,0.0004924545448787,0.0009821409004013,0.0011350737797956,2,0.0348081474897973,1.0,1.0
CHEMBL245,12,0.0004739526978569,0.0006110699911817,0.0056874323742839,0.0068220579874928,12,0.2015688226011278,1.0,1.0
CHEMBL2457,5,0.0004091274598584,0.0005292513098544,0.0020456372992921,0.0028425241614553,5,0.0724996228089973,1.0,1.0
CHEMBL246,8,0.0004432633077625,0.0005444404172623,0.0035461064621004,0.0045480386583285,8,0.1256778907149364,1.0,1.0
CHEMBL2465,2,0.0004910704502006,0.0004924545448787,0.0009821409004013,0.0011357183418512,2,0.0348081474897973,1.0,1.0
CHEMBL2468,3,0.0005833728413647,0.0006456290065713,0.0017501185240942,0.0017045454545454,3,0.0620261142636523,1.0,1.0
CHEMBL2469,2,0.0004910704502006,0.0004924545448787,0.0009821409004013,0.0011357183418512,2,0.0348081474897973,1.0,1.0
CHEMBL2476,8,0.0004728822167058,0.000581476867447,0.0037830577336468,0.0045480386583285,8,0.1340757028868072,1.0,1.0
CHEMBL248,17,0.0006125780093383,0.0012105998159558,0.0104138261587525,0.0096590909090909,17,0.3690773866752067,1.0,1.0
CHEMBL2484,3,0.0004878135630269,0.0004983975909496,0.0014634406890808,0.0017016449234259,3,0.0518659383060765,1.0,1.0
CHEMBL2487,66,0.0005872185044153,0.0008867432737385,0.038756421291411,0.0375213189312109,66,1.373569951049634,1.0,1.0
CHEMBL249,11,0.0005169971622576,0.0006290163317783,0.0056869687848345,0.00625,11,0.2015523924841056,1.0,1.0
CHEMBL2490,7,0.0004695132989936,0.0006110699911817,0.0032865930929555,0.0039772727272727,7,0.1164804531323223,1.0,1.0
CHEMBL2492,3,0.0004878135630269,0.0004983975909496,0.0014634406890808,0.0017026106696935,3,0.0518659383060765,1.0,1.0
CHEMBL2493,6,0.0005095121584131,0.0005811357953646,0.0030570729504787,0.0034090909090909,6,0.1083460083006822,1.0,1.0
CHEMBL2494,33,0.0004614801489699,0.0005811357953646,0.0152288449160084,0.01875,33,0.5397269166970069,1.0,1.0
CHEMBL2498,137,0.0007265097760751,0.0011428427645277,0.0995318393222953,0.0778851620238772,137,3.527517224509709,1.0,1.0
CHEMBL250,14,0.0005115582316949,0.0006110699911817,0.0071618152437287,0.007959067652075,14,0.2538225637446805,1.0,1.0
CHEMBL2502,5,0.0004112225559067,0.0005292513098544,0.0020561127795339,0.0028425241614553,5,0.072870885283795,,
CHEMBL2503,3,0.0005462201479439,0.0008464215385472,0.0016386604438318,0.0017045454545454,3,0.0580759180187774,1.0,1.0
CHEMBL2506,156,0.0007180300656452,0.0011428427645277,0.1120126902406634,0.0886867538374076,156,3.969852228975148,1.0,1.0
CHEMBL2508,28,0.0005451083065478,0.000992234471577,0.0152630325833396,0.01591813530415,28,0.5409385650117632,1.0,1.0
CHEMBL251,12,0.0005083873940635,0.0006754103002822,0.0061006487287626,0.0068104426787741,12,0.2162136620595166,1.0,1.0
CHEMBL2514,7,0.0004782846813666,0.0006110699911817,0.0033479927695662,0.0039795338260375,7,0.1186565248124833,1.0,1.0
CHEMBL2517,3,0.0005000899645151,0.0005549961824303,0.0015002698935453,0.0017055144968732,3,0.0531712055853557,1.0,1.0
CHEMBL252,7,0.0004782846813666,0.0006110699911817,0.0033479927695662,0.0039795338260375,7,0.1186565248124833,1.0,1.0
CHEMBL2524,5,0.0005235962174932,0.0005758713305384,0.0026179810874661,0.0028376844494892,5,0.09278411252477,1.0,1.0
CHEMBL2527,24,0.0006417966688796,0.001005940864799,0.0154031200531115,0.0136441159749857,24,0.5459034181273258,1.0,1.0
CHEMBL253,6,0.0004657888987291,0.0005265310806402,0.002794733392375,0.0034110289937464,6,0.0990484074909131,1.0,1.0
CHEMBL2531,4,0.0004525560633891,0.0005503254614852,0.0018102242535567,0.0022740193291642,4,0.0641563270419387,1.0,1.0
CHEMBL2534,75,0.0006014616049636,0.0009097223363359,0.0451096203722751,0.0425894378194207,75,1.59873427375362,1.0,1.0
CHEMBL2536,16,0.000572229616865,0.0008808473548505,0.0091556738698411,0.0090805902383654,16,0.3244870937557584,1.0,1.0
CHEMBL254,7,0.0004921804800498,0.0005444404172623,0.003445263360349,0.0039795338260375,7,0.1221039009160587,1.0,1.0
CHEMBL255,14,0.0004940728728402,0.0005444404172623,0.0069170202197633,0.0079455164585698,14,0.2451467604098657,1.0,1.0
CHEMBL2552,7,0.000447183524871,0.0005491757597568,0.0031302846740973,0.0039795338260375,7,0.1109407118433823,1.0,1.0
CHEMBL2553,50,0.0006056567701843,0.0010213575529755,0.030282838509217,0.0283929585462805,50,1.0732569113125894,1.0,1.0
CHEMBL2559,5,0.000397018876435,0.0005109867686159,0.0019850943821754,0.0028425241614553,5,0.0703539156221775,1.0,1.0
CHEMBL256,6,0.0004657888987291,0.0005265310806402,0.002794733392375,0.0034071550255536,6,0.0990484074909131,1.0,1.0
CHEMBL2575,10,0.0005377087318039,0.0007363386100038,0.005377087318039,0.0056818181818181,10,0.1905698544428176,1.0,1.0
CHEMBL258,53,0.0006091896486523,0.0008138588190817,0.0322870513785757,0.0301307561114269,53,1.1442884070267745,1.0,1.0
CHEMBL2581,17,0.0005123073347235,0.000731754712725,0.0087092246903011,0.0096590909090909,17,0.3086644466368259,1.0,1.0
CHEMBL2582,62,0.0006002886828688,0.0008104022260075,0.0372178983378695,0.0352472996020466,62,1.3190430151879498,1.0,1.0
CHEMBL259,10,0.0004806265593887,0.0005444404172623,0.0048062655938878,0.0056850483229107,10,0.170339308340396,1.0,1.0
CHEMBL2595,2,0.0005094688326885,0.0005292513098544,0.0010189376653771,0.0011357183418512,2,0.0361122650781171,1.0,1.0
CHEMBL2597,75,0.0005699457980662,0.0010345792099268,0.0427459348549722,0.0423728813559322,75,1.5149626743098266,1.0,1.0
CHEMBL2599,47,0.0005964603969217,0.0007801989141368,0.0280336386553203,0.0267197271176805,47,0.9935428089709756,1.0,1.0
CHEMBL2600,18,0.0005052541915121,0.0006310118736127,0.0090945754472183,0.0102330869812393,18,0.3223216988463561,1.0,1.0
CHEMBL2608,10,0.0007727502943402,0.0013902905273324,0.0077275029434028,0.0056785917092561,10,0.273871154405537,1.0,1.0
CHEMBL2609,3,0.0005210321324692,0.000770857492123,0.0015630963974076,0.0017055144968732,3,0.0553978455835649,1.0,1.0
CHEMBL2626,12,0.0004717160797909,0.0005292513098544,0.0056605929574917,0.0068143100511073,12,0.2006176043208812,1.0,1.0
CHEMBL2632,28,0.0005352862183269,0.0007470805240262,0.0149880141131548,0.01591813530415,28,0.5311916096933185,1.0,1.0
CHEMBL2634,35,0.0006643856236363,0.0011067888525794,0.0232534968272715,0.0198976691301876,35,0.8241293554584777,1.0,1.0
CHEMBL264,5,0.0004297984042266,0.0005130037975436,0.0021489920211334,0.002840909090909,5,0.0761626271703359,1.0,1.0
CHEMBL2641,3,0.000393758236118,0.0005250877006656,0.001181274708354,0.0017055144968732,3,0.0418656673981836,1.0,1.0
CHEMBL2650,17,0.0004549669389244,0.0005503254614852,0.0077344379617159,0.0096590909090909,17,0.2741169390380488,1.0,1.0
CHEMBL2652,8,0.0004799687060127,0.0005503254614852,0.0038397496481017,0.0045480386583285,8,0.1360849263281915,1.0,1.0
CHEMBL2655,46,0.0004589599406112,0.000559865276261,0.0211121572681162,0.0261512222853894,46,0.748237939908661,1.0,1.0
CHEMBL2656,2,0.0006302719238228,0.000770857492123,0.0012605438476456,0.0011363636363636,2,0.0446750523761678,1.0,1.0
CHEMBL267,168,0.0007377057074339,0.0019733026243069,0.123934558848911,0.0955088118249005,168,4.392376289117911,1.0,1.0
CHEMBL268,14,0.000494161051865,0.0006103455674322,0.0069182547261101,0.0079545454545454,14,0.2451905126647432,1.0,1.0
CHEMBL2692,3,0.0005664535770717,0.0006086728991084,0.0016993607312152,0.0017055144968732,3,0.0602272025799312,1.0,1.0
CHEMBL271,23,0.0005570312786663,0.0011476929330024,0.0128117194093251,0.0130756111426947,23,0.4540613455925023,1.0,1.0
CHEMBL2736,9,0.0004153277963734,0.0005265310806402,0.003737950167361,0.0051165434906196,9,0.1324770414121207,1.0,1.0
CHEMBL274,19,0.0005033002455173,0.0006412055921734,0.0095627046648301,0.0108015918135304,19,0.3389127102218588,1.0,1.0
CHEMBL275,6,0.0004834704905144,0.0005265310806402,0.0029008229430866,0.0034110289937464,6,0.1028083371779742,1.0,1.0
CHEMBL2754,32,0.0006077868076327,0.0008817609696392,0.0194491778442478,0.0181921546333143,32,0.6893001306444001,1.0,1.0
CHEMBL278,17,0.0005263317054591,0.0007575345857585,0.0089476389928047,0.0096645821489482,17,0.3171141102256569,1.0,1.0
CHEMBL279,18,0.0005720318592787,0.0008155385670609,0.0102965734670175,0.0102330869812393,18,0.364921823063278,1.0,1.0
CHEMBL2796,10,0.0005731738358088,0.0007282538493695,0.0057317383580884,0.0056753688989784,10,0.2031390751161432,1.0,1.0
CHEMBL280,11,0.0004578894275246,0.0006360995976312,0.0050367837027708,0.0062535531552018,11,0.1785091221927568,1.0,1.0
CHEMBL281,2,0.0004695127552152,0.0004896863555226,0.0009390255104304,0.0011344299489506,2,0.0332800909221765,1.0,1.0
CHEMBL2835,56,0.0006277224455334,0.0011367748980054,0.0351524569498724,0.0318362706083001,56,1.245841513819312,1.0,1.0
CHEMBL2847,33,0.0005173558506117,0.0006164629036573,0.0170727430701866,0.0187606594656054,33,0.605076683599684,1.0,1.0
CHEMBL2849,16,0.0006932553133634,0.0013902905273324,0.0110920850138159,0.0090960773166571,16,0.3931156221805821,1.0,1.0
CHEMBL2882,7,0.0004599947884337,0.0005444404172623,0.003219963519036,0.0039772727272727,7,0.114119028172603,1.0,1.0
CHEMBL2883,7,0.0005225498836525,0.0005767540095035,0.003657849185568,0.0039750141964792,7,0.129638175026267,1.0,1.0
CHEMBL2885,1,0.0004896863555226,0.0004896863555226,0.0004896863555226,0.0005681818181818,1,0.017355019915989,1.0,1.0
CHEMBL2886,10,0.0006613873832437,0.0013902905273324,0.0066138738324371,0.0056818181818181,10,0.2344029209498374,,
CHEMBL2887,13,0.0005471256562019,0.0006817183218088,0.0071126335306256,0.0073696145124716,13,0.2520795100516776,1.0,1.0
CHEMBL2888,6,0.000449348612216,0.0005265310806402,0.0026960916732965,0.0034110289937464,6,0.0955524371012011,1.0,1.0
CHEMBL2896,22,0.0005553250678144,0.0011476929330024,0.0122171514919179,0.0125071063104036,22,0.4329892084344415,1.0,1.0
CHEMBL2897,37,0.0006238140490781,0.0008195329067339,0.0230811198158933,0.0210346787947697,37,0.8180201256794981,1.0,1.0
CHEMBL2918,79,0.0005563345921187,0.0009463314597991,0.0439504327773803,0.0449118817509948,79,1.5576513978088766,1.0,1.0
CHEMBL2938,27,0.0004794665279389,0.0005600997788392,0.0129455962543519,0.015349630471859,27,0.4588060873757409,1.0,1.0
CHEMBL2940,9,0.0007421716347052,0.0013951846487226,0.0066795447123473,0.0051165434906196,9,0.2367303687455305,1.0,1.0
CHEMBL2959,7,0.0005578859527216,0.0006700513464699,0.0039052016690518,0.0039795338260375,7,0.1384046175230109,1.0,1.0
CHEMBL2960,51,0.0004629759884645,0.0005811357953646,0.023611775411694,0.0289937464468447,51,0.8368271402711265,1.0,1.0
CHEMBL2963,4,0.0004219038250056,0.0004623301519147,0.0016876153000227,0.0022740193291642,4,0.0598109316547383,1.0,1.0
CHEMBL2964,34,0.0006526479230895,0.0009834661096706,0.0221900293850439,0.0193072118114707,34,0.7864389063950861,1.0,1.0
CHEMBL2971,65,0.000651275162898,0.000900160384914,0.0423328855883712,0.0369528140989198,65,1.5003237566285532,1.0,1.0
CHEMBL2972,4,0.0005836446445751,0.0006730820851928,0.0023345785783004,0.0022740193291642,4,0.0827400176968409,1.0,1.0
CHEMBL2979,5,0.000476095748359,0.0005549961824303,0.0023804787417954,0.0028425241614553,5,0.0843667696833262,1.0,1.0
CHEMBL3023,2,0.0005094688326885,0.0005292513098544,0.0010189376653771,0.0011357183418512,2,0.0361122650781171,1.0,1.0
CHEMBL3024,51,0.0006052926327003,0.0009899610138302,0.0308699242677162,0.0289937464468447,51,1.0940638725771592,1.0,1.0
CHEMBL3025,1,0.0004896863555226,0.0004896863555226,0.0004896863555226,0.0005681818181818,1,0.017355019915989,1.0,1.0
CHEMBL3028,4,0.0007855573327675,0.0010223858045129,0.00314222933107,0.0022740193291642,4,0.1113640435480877,,
CHEMBL3030,50,0.000503364626009,0.0008219664649272,0.0251682313004513,0.0284252416145537,50,0.8919896389666782,1.0,1.0
CHEMBL3038,2,0.0005219703315096,0.0005329538944032,0.0010439406630192,0.0011363636363636,2,0.0369983986555475,1.0,1.0
CHEMBL3040,15,0.0004778370551827,0.0005767540095035,0.0071675558277413,0.0085275724843661,15,0.2540260163194618,1.0,1.0
CHEMBL3043,2,0.0006302719238228,0.000770857492123,0.0012605438476456,0.0011357183418512,2,0.0446750523761678,1.0,1.0
CHEMBL3076,4,0.0005574293447618,0.000770857492123,0.0022297173790475,0.0022701475595913,4,0.0790236221286927,1.0,1.0
CHEMBL3079,3,0.0004095672709549,0.0004896863555226,0.0012287018128647,0.0017045454545454,3,0.0435465358439921,1.0,1.0
CHEMBL3080,3,0.0005330144740296,0.0005758713305384,0.001599043422089,0.0017026106696935,3,0.0566718474466528,1.0,1.0
CHEMBL3123,3,0.0005833728413647,0.0006456290065713,0.0017501185240942,0.0017045454545454,3,0.0620261142636523,1.0,1.0
CHEMBL3125,5,0.0005931046180435,0.0007172394571298,0.0029655230902177,0.0028425241614553,5,0.1051013811424784,1.0,1.0
CHEMBL3126,6,0.0005930149428,0.0007346799395943,0.0035580896568002,0.0034110289937464,6,0.1261025882388316,,
CHEMBL3142,10,0.0006013863665445,0.0009270681307577,0.0060138636654457,0.0056785917092561,10,0.2131379045153514,1.0,1.0
CHEMBL3143,22,0.0004595581953796,0.0006945027120148,0.0101102802983527,0.0124434389140271,22,0.3583193894526122,1.0,1.0
CHEMBL3155,8,0.0004696472231633,0.0005444404172623,0.003757177785307,0.0045428733674048,8,0.1331584892176936,1.0,1.0
CHEMBL3157,8,0.0004763948630104,0.0006110699911817,0.0038111589040833,0.0045480386583285,8,0.1350716390959463,1.0,1.0
CHEMBL3164,48,0.0004545980094899,0.000559865276261,0.0218207044555199,0.0272882319499715,48,0.7733496270327271,1.0,1.0
CHEMBL3167,6,0.0004374433955247,0.0005292513098544,0.0026246603731482,0.0034090909090909,6,0.0930208337132003,1.0,1.0
CHEMBL3191,6,0.0004904395415066,0.0006110699911817,0.0029426372490396,0.0034071550255536,6,0.104290281905254,1.0,1.0
CHEMBL3201,9,0.0004612565911915,0.0005292513098544,0.0041513093207238,0.0051136363636363,9,0.1471269418191103,1.0,1.0
CHEMBL3230,6,0.0004657888987291,0.0005265310806402,0.002794733392375,0.0034090909090909,6,0.0990484074909131,1.0,1.0
CHEMBL3233,30,0.0004966714194566,0.0011859745832475,0.0149001425836985,0.0170454545454545,30,0.5280773466011305,1.0,1.0
CHEMBL3240,10,0.0005443766796403,0.0006290163317783,0.0054437667964037,0.0056818181818181,10,0.1929330480706493,1.0,1.0
CHEMBL3253,31,0.0005531004967831,0.0007346799395943,0.0171461154002787,0.0176236498010233,31,0.607677079211426,1.0,1.0
CHEMBL3254,13,0.0004885892942221,0.0005895078388938,0.0063516608248883,0.0073487846240814,13,0.225109805230104,1.0,1.0
CHEMBL3256,14,0.0005149908596313,0.0006674594598146,0.0072098720348389,0.007959067652075,14,0.2555257489721466,1.0,1.0
CHEMBL3276,12,0.0005602464652922,0.0006231696314845,0.0067229575835071,0.0068220579874928,12,0.2382689683717771,1.0,1.0
CHEMBL3311,15,0.0004919585962457,0.0006290163317783,0.0073793789436869,0.0085275724843661,15,0.2615332591789917,1.0,1.0
CHEMBL3351,12,0.0004587336549932,0.0006004995603472,0.0055048038599194,0.006798866855524,12,0.1950962683461923,1.0,1.0
CHEMBL3371,7,0.0004599947884337,0.0005444404172623,0.003219963519036,0.0039772727272727,7,0.114119028172603,1.0,1.0
CHEMBL3373,16,0.0005134762644105,0.0006620071675343,0.0082156202305692,0.0090960773166571,16,0.2911705648231784,1.0,1.0
CHEMBL3379,8,0.0004249982266545,0.0005292513098544,0.0033999858132363,0.0045377197958026,8,0.1204992151349985,1.0,1.0
CHEMBL3409,14,0.0005941673586925,0.0013951846487226,0.0083183430216959,0.007959067652075,14,0.2948111728689805,1.0,1.0
CHEMBL3419,7,0.0004326014583188,0.0005758713305384,0.0030282102082317,0.0039795338260375,7,0.10732308115379,1.0,1.0
CHEMBL3421,17,0.0004549669389244,0.0005503254614852,0.0077344379617159,0.0096590909090909,17,0.2741169390380488,1.0,1.0
CHEMBL3429,13,0.0005303636931274,0.0007133106491734,0.0068947280106573,0.0073905628197839,13,0.2443567001424361,1.0,1.0
CHEMBL3438,19,0.0006167855544668,0.0009097223363359,0.0117189255348704,0.0108015918135304,19,0.4153315357022747,1.0,1.0
CHEMBL3473,8,0.0004471916530896,0.0005265310806402,0.0035775332247168,0.0045480386583285,8,0.126791689547495,1.0,1.0
CHEMBL3474,6,0.0005689024267117,0.0006561894395572,0.0034134145602702,0.0033975084937712,6,0.120975144614331,1.0,1.0
CHEMBL3475,20,0.0005508718795914,0.0009505587778377,0.0110174375918292,0.0113636363636363,20,0.3904700359177609,1.0,1.0
CHEMBL3477,8,0.0004799687060127,0.0005503254614852,0.0038397496481017,0.0045480386583285,8,0.1360849263281915,1.0,1.0
CHEMBL3478,11,0.0005342671472821,0.0011207536784544,0.0058769386201037,0.00625,11,0.2082851311797086,1.0,1.0
CHEMBL3510,1,0.0004896863555226,0.0004896863555226,0.0004896863555226,0.0005681818181818,1,0.017355019915989,1.0,1.0
CHEMBL3514,3,0.0004927187431516,0.00055647278014,0.0014781562294548,0.0017055144968732,3,0.0523874731485053,1.0,1.0
CHEMBL3568,9,0.0004470155114165,0.0005758713305384,0.0040231396027486,0.0051165434906196,9,0.1425844668593804,1.0,1.0
CHEMBL3572,9,0.0005283960257259,0.0006127175113282,0.0047555642315335,0.0051165434906196,9,0.168542396616181,1.0,1.0
CHEMBL3582,17,0.0005545312520995,0.0008740448693541,0.0094270312856922,0.0096645821489482,17,0.3341042973052079,1.0,1.0
CHEMBL3595,11,0.0004738663735735,0.0005610334726564,0.0052125301093087,0.0062535531552018,11,0.1847377670206731,1.0,1.0
CHEMBL3610,56,0.0006118894406549,0.0010177475718468,0.0342658086766753,0.0318362706083001,56,1.21441772945966,1.0,1.0
CHEMBL3636,7,0.0004782846813666,0.0006110699911817,0.0033479927695662,0.0039795338260375,7,0.1186565248124833,1.0,1.0
CHEMBL3650,47,0.0006368017840536,0.0009999943938902,0.0299296838505211,0.0267197271176805,47,1.0607407240307452,1.0,1.0
CHEMBL3708,31,0.0007425728285673,0.0013927375880275,0.0230197576855893,0.0175936435868331,31,0.8158453846815074,1.0,1.0
CHEMBL3710,6,0.0004657888987291,0.0005265310806402,0.002794733392375,0.0034071550255536,6,0.0990484074909131,1.0,1.0
CHEMBL3721,17,0.0004006551844516,0.0005292513098544,0.0068111381356786,0.0096645821489482,17,0.241394183566925,1.0,1.0
CHEMBL3723,24,0.0006599996616504,0.0009899610138302,0.01583999187961,0.0136441159749857,24,0.5613866333815702,1.0,1.0
CHEMBL3724,7,0.0004865433405081,0.0006110699911817,0.0034058033835568,0.0039772727272727,7,0.1207053961887169,1.0,1.0
CHEMBL3727,3,0.0004923511771787,0.0004936835880067,0.0014770535315361,0.0017055144968732,3,0.0523483923284569,1.0,1.0
CHEMBL3764,7,0.0004782846813666,0.0006110699911817,0.0033479927695662,0.0039795338260375,7,0.1186565248124833,1.0,1.0
CHEMBL3768,14,0.0005362926780927,0.0008674914754998,0.0075080974932986,0.007959067652075,14,0.266095185332082,1.0,1.0
CHEMBL3769,11,0.0004295484141528,0.0005491757597568,0.0047250325556816,0.00625,11,0.1674603206373414,1.0,1.0
CHEMBL3770,2,0.0003958050403584,0.0004493391549078,0.0007916100807168,0.0011357183418512,2,0.0280555268930747,1.0,1.0
CHEMBL3775,28,0.0005673752387336,0.0006916021455252,0.0158865066845418,0.01591813530415,28,0.5630351689326739,1.0,1.0
CHEMBL3816,23,0.0004992130580899,0.0006766291657644,0.0114819003360684,0.0129943502824858,23,0.4069311034676254,1.0,1.0
CHEMBL3817,18,0.0005335878815019,0.0006456290065713,0.0096045818670345,0.0102330869812393,18,0.3403968840610764,1.0,1.0
CHEMBL3819,7,0.0004865433405081,0.0006110699911817,0.0034058033835568,0.0039772727272727,7,0.1207053961887169,1.0,1.0
CHEMBL3841,3,0.0004031887163101,0.0004786384692116,0.0012095661489303,0.0017055144968732,3,0.0428683469891393,1.0,1.0
CHEMBL3856,6,0.000662958059556,0.0013902905273324,0.0039777483573361,0.0034090909090909,6,0.1409757514862416,1.0,1.0
CHEMBL3861,7,0.0008308642399928,0.0013902905273324,0.0058160496799498,0.0039772727272727,7,0.206127160558082,1.0,1.0
CHEMBL3863,2,0.0005094688326885,0.0005292513098544,0.0010189376653771,0.0011357183418512,2,0.0361122650781171,1.0,1.0
CHEMBL3892,9,0.0005230462564898,0.0006756564833105,0.0047074163084082,0.0051136363636363,9,0.1668359815704498,1.0,1.0
CHEMBL3898,11,0.0004511631170857,0.0006736986384878,0.0049627942879434,0.0062535531552018,11,0.1758868564232082,1.0,1.0
CHEMBL3911,6,0.0004904395415066,0.0006110699911817,0.0029426372490396,0.0034071550255536,6,0.104290281905254,1.0,1.0
CHEMBL3913,13,0.0004544041937849,0.0006356243701749,0.0059072545192043,0.0073905628197839,13,0.2093595597945249,1.0,1.0
CHEMBL3958,9,0.0004370100332438,0.0005083924665701,0.0039330902991943,0.0051165434906196,9,0.1393930210717196,1.0,1.0
CHEMBL3961,65,0.0006043075186187,0.0009134402682043,0.0392799887102171,0.0369528140989198,65,1.3921257528976223,1.0,1.0
CHEMBL3969,1,0.0004896863555226,0.0004896863555226,0.0004896863555226,0.0005681818181818,1,0.017355019915989,1.0,1.0
CHEMBL3974,11,0.0004974763279667,0.0006173689432131,0.0054722396076347,0.00625,11,0.1939421556359308,1.0,1.0
CHEMBL4018,7,0.0004571555589859,0.0005265310806402,0.0032000889129016,0.0039795338260375,7,0.1134146503981425,1.0,1.0
CHEMBL402,11,0.000468766207608,0.0005711514629925,0.0051564282836885,0.00625,11,0.1827494569728684,,
CHEMBL4068,9,0.0004831536276168,0.0007364852520839,0.0043483826485518,0.0051165434906196,9,0.1541114360587208,1.0,1.0
CHEMBL4069,9,0.0004864314056514,0.00055647278014,0.0043778826508631,0.0051165434906196,9,0.1551569483991411,1.0,1.0
CHEMBL4071,24,0.0005706168092314,0.0013902905273324,0.0136948034215538,0.0136363636363636,24,0.4853588086459052,1.0,1.0
CHEMBL4072,20,0.0005748375899336,0.001062711297679,0.0114967517986729,0.0113636363636363,20,0.4074574555425355,1.0,1.0
CHEMBL4074,3,0.0004139962955177,0.0005109867686159,0.0012419888865533,0.0017055144968732,3,0.0440174442650426,1.0,1.0
CHEMBL4076,8,0.0004242867135055,0.0005503254614852,0.0033942937080447,0.0045402951191827,8,0.1202974807026454,1.0,1.0
CHEMBL4121,64,0.0005327027476147,0.000900160384914,0.0340929758473471,0.0363843092666287,64,1.208292344994035,1.0,1.0
CHEMBL4142,38,0.0006396528503139,0.0009943415000593,0.0243068083119296,0.0216031836270608,38,0.8614598662800181,1.0,1.0
CHEMBL4237,37,0.0006310667572242,0.0009463314597991,0.0233494700172961,0.0210227272727272,37,0.8275307502604811,1.0,1.0
CHEMBL4271,6,0.0004428534199843,0.0004864046289194,0.002657120519906,0.0034110289937464,6,0.0941712568097447,1.0,1.0
CHEMBL4273,17,0.0005072115626629,0.0007216685854824,0.0086225965652705,0.0096645821489482,17,0.3055942511571334,1.0,1.0
CHEMBL4305,2,0.0004348023352081,0.0004786384692116,0.0008696046704162,0.0011363636363636,2,0.0308197404397803,1.0,1.0
CHEMBL4306,5,0.0004062119070654,0.0004786384692116,0.0020310595353274,0.002840909090909,5,0.0719829709131808,1.0,1.0
CHEMBL4315,10,0.0005371504331697,0.0006766291657644,0.0053715043316979,0.0056785917092561,10,0.1903719873018345,1.0,1.0
CHEMBL4330,13,0.0005053953762552,0.0006110699911817,0.0065701398913177,0.0073779795686719,13,0.2328529422531121,1.0,1.0
CHEMBL4425,17,0.0004549669389244,0.0005503254614852,0.0077344379617159,0.0096590909090909,17,0.2741169390380488,1.0,1.0
CHEMBL4429,7,0.0004782846813666,0.0006110699911817,0.0033479927695662,0.0039772727272727,7,0.1186565248124833,1.0,1.0
CHEMBL4467,5,0.000476095748359,0.0005549961824303,0.0023804787417954,0.0028425241614553,5,0.0843667696833262,1.0,1.0
CHEMBL4469,5,0.0004337363031989,0.0004786384692116,0.0021686815159945,0.002839295854628,5,0.0768604443988427,1.0,1.0
CHEMBL4478,2,0.0004825215490655,0.0004864046289194,0.0009650430981311,0.0011363636363636,2,0.0342021826807431,1.0,1.0
CHEMBL4549,42,0.0005041918548643,0.0007706787374255,0.0211760579043044,0.0238772029562251,42,0.7505026483310984,1.0,1.0
CHEMBL4550,5,0.0004189592926456,0.0005292513098544,0.0020947964632283,0.0028376844494892,5,0.0742418773348674,,
CHEMBL4551,14,0.0005478036478698,0.0008817609696392,0.0076692510701777,0.0079545454545454,14,0.2718066443195084,1.0,1.0
CHEMBL4573,6,0.000449348612216,0.0005265310806402,0.0026960916732965,0.0034110289937464,6,0.0955524371012011,1.0,1.0
CHEMBL4589,4,0.0003876383013148,0.0004896863555226,0.0015505532052594,0.0022740193291642,4,0.0549533011377435,1.0,1.0
CHEMBL4605,2,0.0003958050403584,0.0004493391549078,0.0007916100807168,0.0011357183418512,2,0.0280555268930747,1.0,1.0
CHEMBL4607,7,0.0004571555589859,0.0005265310806402,0.0032000889129016,0.0039795338260375,7,0.1134146503981425,1.0,1.0
CHEMBL4608,10,0.0004806265593887,0.0005444404172623,0.0048062655938878,0.0056850483229107,10,0.170339308340396,1.0,1.0
CHEMBL4617,3,0.0006878239816296,0.0008029280972434,0.002063471944889,0.0017045454545454,3,0.0731317021512978,1.0,1.0
CHEMBL4633,3,0.0004031887163101,0.0004786384692116,0.0012095661489303,0.0017055144968732,3,0.0428683469891393,1.0,1.0
CHEMBL4708,2,0.0004616004993155,0.0004901882717595,0.000923200998631,0.0011370096645821,2,0.0327192529197616,,
CHEMBL4712,7,0.0005560413495286,0.0007627669051261,0.0038922894467006,0.0039705048213272,7,0.1379469942432575,,
CHEMBL4714,6,0.0004904395415066,0.0006110699911817,0.0029426372490396,0.0034071550255536,6,0.104290281905254,1.0,1.0
CHEMBL4715,7,0.0005090604132111,0.0006561894395572,0.0035634228924783,0.0039637599093997,7,0.1262916039431957,1.0,1.0
CHEMBL4716,4,0.0005185408918014,0.0005444404172623,0.0020741635672058,0.0022740193291642,4,0.0735106249375797,1.0,1.0
CHEMBL4744,17,0.0004755684428596,0.0006835733294709,0.0080846635286141,0.0096536059057353,17,0.286529316103599,1.0,1.0
CHEMBL4761,18,0.0004834233162412,0.0005758713305384,0.0087016196923423,0.0102330869812393,18,0.3083949171930279,1.0,1.0
CHEMBL4763,59,0.000533696204365,0.0009834661096706,0.0314880760575355,0.0335417851051733,59,1.115971847962688,1.0,1.0
CHEMBL4770,3,0.0004230238862453,0.0004786384692116,0.0012690716587359,0.0017045454545454,3,0.0449772873264362,1.0,1.0
CHEMBL4777,7,0.0004571555589859,0.0005265310806402,0.0032000889129016,0.0039795338260375,7,0.1134146503981425,1.0,1.0
CHEMBL4790,10,0.0006435615905174,0.0013902905273324,0.0064356159051748,0.0056785917092561,10,0.2280852650810717,,
CHEMBL4794,3,0.0006267444645525,0.0008492131230125,0.0018802333936575,0.0017045454545454,3,0.0666375275227082,1.0,1.0
CHEMBL4805,18,0.0005358012693527,0.0007600670673291,0.0096444228483498,0.0102330869812393,18,0.3418088920053557,1.0,1.0
CHEMBL4808,3,0.0004878135630269,0.0004983975909496,0.0014634406890808,0.0017006802721088,3,0.0518659383060765,1.0,1.0
CHEMBL4811,2,0.0004910704502006,0.0004924545448787,0.0009821409004013,0.0011344299489506,2,0.0348081474897973,,
CHEMBL4812,3,0.000393758236118,0.0005250877006656,0.001181274708354,0.0017055144968732,3,0.0418656673981836,1.0,1.0
CHEMBL4813,10,0.00047432151999,0.0005292513098544,0.0047432151999006,0.0056753688989784,10,0.1681047334313381,1.0,1.0
CHEMBL4815,7,0.0004782846813666,0.0006110699911817,0.0033479927695662,0.0039772727272727,7,0.1186565248124833,1.0,1.0
CHEMBL4816,81,0.0005771332771242,0.0010981136612179,0.0467477954470665,0.046048891415577,81,1.6567929897628395,1.0,1.0
CHEMBL4820,6,0.0004904395415066,0.0006110699911817,0.0029426372490396,0.0034071550255536,6,0.104290281905254,1.0,1.0
CHEMBL4829,10,0.0004535630328517,0.0006004995603472,0.0045356303285174,0.0056785917092561,10,0.1607476985936675,1.0,1.0
CHEMBL4832,12,0.0005806165237214,0.0008410515382945,0.0069673982846572,0.006787330316742,12,0.2469322141185626,1.0,1.0
CHEMBL4833,3,0.0004095672709549,0.0004896863555226,0.0012287018128647,0.0017045454545454,3,0.0435465358439921,1.0,1.0
CHEMBL4834,3,0.0005583757016447,0.0006561894395572,0.0016751271049343,0.001699716713881,3,0.059368336364856,1.0,1.0
CHEMBL4835,4,0.0010291722371836,0.0013902905273324,0.0041166889487346,0.0022740193291642,4,0.1458999579781508,1.0,1.0
CHEMBL4863,5,0.0004419073466956,0.0005250877006656,0.0022095367334783,0.0028425241614553,5,0.0783083979820132,1.0,1.0
CHEMBL4865,14,0.000602322288283,0.0013902905273324,0.0084325120359633,0.0079545454545454,14,0.2988574475794153,1.0,1.0
CHEMBL4866,10,0.0005981095072673,0.0013951846487226,0.0059810950726739,0.0056850483229107,10,0.2119765497547825,1.0,1.0
CHEMBL4867,7,0.0004981539523288,0.0006110699911817,0.0034870776663019,0.0039750141964792,7,0.1235858456433385,1.0,1.0
CHEMBL4868,3,0.0004139962955177,0.0005109867686159,0.0012419888865533,0.0017055144968732,3,0.0440174442650426,1.0,1.0
CHEMBL4869,7,0.0005496472844834,0.0007040228762591,0.0038475309913839,0.0039795338260375,7,0.1363607056430754,1.0,1.0
CHEMBL4872,3,0.0004561188447721,0.0005468631479192,0.0013683565343163,0.0017045454545454,3,0.0484960518858834,1.0,1.0
CHEMBL4873,4,0.0004720739468859,0.0005491757597568,0.0018882957875439,0.0022740193291642,4,0.0669232675783397,1.0,1.0
CHEMBL4876,9,0.0005222270211959,0.0006310118736127,0.0047000431907632,0.0051165434906196,9,0.166574670218543,1.0,1.0
CHEMBL4878,12,0.0004377988830574,0.0005292513098544,0.0052535865966895,0.0068143100511073,12,0.186192853829073,1.0,1.0
CHEMBL4880,5,0.0005640171279726,0.0006730820851928,0.0028200856398633,0.0028425241614553,5,0.0999469188648041,,
CHEMBL4881,5,0.0005214812894084,0.0007600670673291,0.0026074064470421,0.002840909090909,5,0.0924093357046862,1.0,1.0
CHEMBL4883,6,0.0005322182577655,0.0005758713305384,0.0031933095465934,0.003405221339387,6,0.1131743822428912,1.0,1.0
CHEMBL4892,9,0.0004481074426199,0.0006110699911817,0.0040329669835799,0.0051165434906196,9,0.1429327599823605,1.0,1.0
CHEMBL4894,7,0.0004571555589859,0.0005265310806402,0.0032000889129016,0.0039795338260375,7,0.1134146503981425,1.0,1.0
CHEMBL4924,11,0.000561736334661,0.0007172394571298,0.0061790996812715,0.00625,11,0.2189940496032241,1.0,1.0
CHEMBL4925,3,0.0004915318150933,0.0004924545448787,0.00147459544528,0.0017055144968732,3,0.0522612750636056,1.0,1.0
CHEMBL4928,52,0.0004907530376271,0.0006999305392248,0.0255191579566133,0.0295622512791358,52,0.9044268634023918,1.0,1.0
CHEMBL4939,4,0.0004720739468859,0.0005491757597568,0.0018882957875439,0.0022740193291642,4,0.0669232675783397,1.0,1.0
CHEMBL4940,3,0.0009087994738007,0.0013902905273324,0.0027263984214022,0.0017055144968732,3,0.0966265413947655,1.0,1.0
CHEMBL4941,9,0.0005527893005521,0.000770857492123,0.0049751037049691,0.0051136363636363,9,0.1763231156230531,,
CHEMBL4942,4,0.0004525560633891,0.0005503254614852,0.0018102242535567,0.0022740193291642,4,0.0641563270419387,1.0,1.0
CHEMBL4945,3,0.0005664535770717,0.0006086728991084,0.0016993607312152,0.0017045454545454,3,0.0602272025799312,1.0,1.0
CHEMBL4947,2,0.0006680539470349,0.0008464215385472,0.0013361078940698,0.0011363636363636,2,0.0473531248113802,1.0,1.0
CHEMBL4949,8,0.0007435516613243,0.0013902905273324,0.0059484132905944,0.0045402951191827,8,0.2108182716600841,1.0,1.0
CHEMBL4977,70,0.0006186239784661,0.0008524347830407,0.043303678492632,0.0397953382603752,70,1.5347297187260065,1.0,1.0
CHEMBL4983,9,0.0006531707224,0.0013951846487226,0.0058785365016003,0.0051107325383304,9,0.2083417618472418,,
CHEMBL4985,2,0.0004942072039573,0.000498728052392,0.0009884144079147,0.0011357183418512,2,0.0350304874562035,1.0,1.0
CHEMBL5100,2,0.0006302719238228,0.000770857492123,0.0012605438476456,0.0011363636363636,2,0.0446750523761678,,
CHEMBL5103,18,0.0006274813284141,0.0007727461136472,0.0112946639114553,0.0102330869812393,18,0.4002952398346862,1.0,1.0
CHEMBL5113,8,0.0004576191135996,0.0006110699911817,0.003660952908797,0.0045480386583285,8,0.1297481743714439,1.0,1.0
CHEMBL5135,6,0.0004296537805411,0.0005468631479192,0.0025779226832466,0.0034090909090909,6,0.0913643988750227,1.0,1.0
CHEMBL5136,14,0.0005115582316949,0.0006110699911817,0.0071618152437287,0.007959067652075,14,0.2538225637446805,1.0,1.0
CHEMBL5444,24,0.000584145491309,0.0006926805395962,0.014019491791416,0.0136441159749857,24,0.4968661195233644,1.0,1.0
