drug_chembl_id,rw_mean_LumB,rw_max_LumB
CHEMBL1778,0.0002402508640712,0.0002402508640712
CHEMBL1782,8.979182904700205e-05,8.979182904700205e-05
CHEMBL1783,0.00070759734459,0.00070759734459
CHEMBL1785,0.0001459748468043,0.0001459748468043
CHEMBL1786,3.583996444386968e-05,3.583996444386968e-05
CHEMBL1787,8.026614420674758e-05,8.026614420674758e-05
CHEMBL1790,0.0001691618243909,0.0001691618243909
CHEMBL1791,0.0001456519311401,0.0001456519311401
CHEMBL1793,0.0001362538029046,0.0001362538029046
CHEMBL1795,0.0001327080648851,0.0001327080648851
CHEMBL1798,2.79839716867249e-05,2.79839716867249e-05
CHEMBL1800,0.0001543326830693,0.0001543326830693
CHEMBL1803,0.0002551666810798,0.0002551666810798
CHEMBL1804,3.235738846105696e-05,3.235738846105696e-05
CHEMBL1806,0.000555557254706,0.000555557254706
CHEMBL1807,0.0001398097435395,0.0001398097435395
CHEMBL1808,0.0001204965333531,0.0001204965333531
CHEMBL1811,8.310589752482106e-05,8.310589752482106e-05
CHEMBL1817,0.0002291983098705,0.0002291983098705
CHEMBL1821,1.941996204837791e-05,1.941996204837791e-05
CHEMBL1822,8.03604051799366e-05,8.03604051799366e-05
CHEMBL1824,0.0006722247318229,0.0006722247318229
CHEMBL1825,0.0009298734355753,0.0009298734355753
CHEMBL1827,0.0001420004025475,0.0001420004025475
CHEMBL1832,0.0001342475226753,0.0001342475226753
CHEMBL1833,3.118326213953212e-05,3.118326213953212e-05
CHEMBL1835,1.7915960987568114e-05,1.7915960987568114e-05
CHEMBL1836,7.21977741774612e-05,7.21977741774612e-05
CHEMBL1838,3.8405470120855794e-05,3.8405470120855794e-05
CHEMBL1839,9.740472404278588e-05,9.740472404278588e-05
CHEMBL1842,0.0001174913469233,0.0001174913469233
CHEMBL1843,0.000126823778954,0.000126823778954
CHEMBL1845,0.0001686930645024,0.0001686930645024
CHEMBL1846,0.0003081357186927,0.0003081357186927
CHEMBL1851,0.0002843780998197,0.0002843780998197
CHEMBL1854,0.000125499909883,0.000125499909883
CHEMBL1855,7.839447093719126e-05,7.839447093719126e-05
CHEMBL1856,8.065712869156607e-05,8.065712869156607e-05
CHEMBL1859,0.0002212122787659,0.0002212122787659
CHEMBL1860,0.000160085977346,0.000160085977346
CHEMBL1861,9.41699726130908e-05,9.41699726130908e-05
CHEMBL1864,0.0001224254750906,0.0001224254750906
CHEMBL1867,0.0001057116540846,0.0001057116540846
CHEMBL1868,0.000284667546659,0.000284667546659
CHEMBL1869,0.0001076125595319,0.0001076125595319
CHEMBL1871,0.0006152094652026,0.0006152094652026
CHEMBL1874,0.0001066922187946,0.0001066922187946
CHEMBL1875,4.738496697422061e-06,4.738496697422061e-06
CHEMBL1876,8.798984301637178e-05,8.798984301637178e-05
CHEMBL1879,9.892757716365556e-05,9.892757716365556e-05
CHEMBL1881,1.6525859042740454e-05,1.6525859042740454e-05
CHEMBL1882,0.0001115455957731,0.0001115455957731
CHEMBL1883,0.0001444638899332,0.0001444638899332
CHEMBL1886,0.0001680539421651,0.0001680539421651
CHEMBL1889,6.762854677398459e-05,6.762854677398459e-05
CHEMBL1892,0.0001156759768567,0.0001156759768567
CHEMBL1893,0.0001621277450599,0.0001621277450599
CHEMBL1898,5.668791550168985e-05,5.668791550168985e-05
CHEMBL1899,0.0001395421217165,0.0001395421217165
CHEMBL1900,0.0001869254229492,0.0001869254229492
CHEMBL1901,3.649304515086968e-05,3.649304515086968e-05
CHEMBL1903,0.0001190841880615,0.0001190841880615
CHEMBL1904,0.0004542908492681,0.0004542908492681
CHEMBL1905,0.0011889145420541,0.0011889145420541
CHEMBL1907,0.0002921277244886,0.0002921277244886
CHEMBL1910,0.0001046182397027,0.0001046182397027
CHEMBL1911,4.10818957788864e-05,4.10818957788864e-05
CHEMBL1912,2.6762224333117423e-05,2.6762224333117423e-05
CHEMBL1913,0.0004619878005383,0.0004619878005383
CHEMBL1914,0.0001046402333295,0.0001046402333295
CHEMBL1916,3.791060789373422e-05,3.791060789373422e-05
CHEMBL1919,0.0001755178513504,0.0001755178513504
CHEMBL1920,0.000131345835992,0.000131345835992
CHEMBL1925,0.0001161634493163,0.0001161634493163
CHEMBL1927,0.0001859866790393,0.0001859866790393
CHEMBL1929,0.0001275590565273,0.0001275590565273
CHEMBL1935,0.0001947391202243,0.0001947391202243
CHEMBL1936,0.0005415118630161,0.0005415118630161
CHEMBL1940,0.0005468631479192,0.0005468631479192
CHEMBL1941,2.5767110014550576e-05,2.5767110014550576e-05
CHEMBL1942,5.520065166074647e-05,5.520065166074647e-05
CHEMBL1944,0.0002123950650961,0.0002123950650961
CHEMBL1947,0.0001697888082864,0.0001697888082864
CHEMBL1950,0.0002540291547959,0.0002540291547959
CHEMBL1951,0.0002169293302437,0.0002169293302437
CHEMBL1952,0.0004255083262187,0.0004255083262187
CHEMBL1957,0.000414299117499,0.000414299117499
CHEMBL1958,0.0001593751652211,0.0001593751652211
CHEMBL1959,0.0001463896479526,0.0001463896479526
CHEMBL1962,0.0001847224652945,0.0001847224652945
CHEMBL1963,0.0001369435103567,0.0001369435103567
CHEMBL1966,2.4231725179625255e-05,2.4231725179625255e-05
CHEMBL1968,0.0001078256445637,0.0001078256445637
CHEMBL1969,0.0002714129835189,0.0002714129835189
CHEMBL1970,0.0001908139110913,0.0001908139110913
CHEMBL1971,6.267922426579088e-05,6.267922426579088e-05
CHEMBL1972,0.0004195115310238,0.0004195115310238
CHEMBL1975,0.0002151928182618,0.0002151928182618
CHEMBL1976,0.0001687143459348,0.0001687143459348
CHEMBL1977,0.0001435082492339,0.0001435082492339
CHEMBL1978,0.0002025053285198,0.0002025053285198
CHEMBL1981,0.0002041278205334,0.0002041278205334
CHEMBL1983,5.922044372498021e-05,5.922044372498021e-05
CHEMBL1985,2.8445352462683825e-05,2.8445352462683825e-05
CHEMBL1987,5.349703585324647e-05,5.349703585324647e-05
CHEMBL1988,0.0001399008760941,0.0001399008760941
CHEMBL1989,4.302625214834397e-05,4.302625214834397e-05
CHEMBL1991,0.0004983010677505,0.0004983010677505
CHEMBL1992,0.0002654437880769,0.0002654437880769
CHEMBL1993,0.0002180605711889,0.0002180605711889
CHEMBL1994,0.0001075726814375,0.0001075726814375
CHEMBL1995,1.4560018989082545e-05,1.4560018989082545e-05
CHEMBL1996,0.000129232276306,0.000129232276306
CHEMBL1997,6.85293194734797e-05,6.85293194734797e-05
CHEMBL2000,0.0001068700817364,0.0001068700817364
CHEMBL2001,0.0002026945722007,0.0002026945722007
CHEMBL2002,9.787290018212128e-05,9.787290018212128e-05
CHEMBL2004,0.0001436123880972,0.0001436123880972
CHEMBL2008,0.0001210812833581,0.0001210812833581
CHEMBL2014,2.6168059230369952e-05,2.6168059230369952e-05
CHEMBL2015,0.0004059860332628,0.0004059860332628
CHEMBL202,0.0001289104517218,0.0001289104517218
CHEMBL2023,0.0002184236840112,0.0002184236840112
CHEMBL2027,6.465490362742021e-05,6.465490362742021e-05
CHEMBL203,0.0015277259674193,0.0015277259674193
CHEMBL2033,0.0001594210448443,0.0001594210448443
CHEMBL2034,0.0004320079583059,0.0004320079583059
CHEMBL2035,2.875365383813245e-05,2.875365383813245e-05
CHEMBL2039,0.0001722089860404,0.0001722089860404
CHEMBL2040,0.0002453079262913,0.0002453079262913
CHEMBL2044,0.0001731349095281,0.0001731349095281
CHEMBL2045,5.150061986403613e-05,5.150061986403613e-05
CHEMBL2049,7.893229148717813e-05,7.893229148717813e-05
CHEMBL205,7.595882462167594e-05,7.595882462167594e-05
CHEMBL2050,7.162003903036821e-05,7.162003903036821e-05
CHEMBL2055,0.0002138048506675,0.0002138048506675
CHEMBL2056,0.0001260828485095,0.0001260828485095
CHEMBL2057,0.0001289104517218,0.0001289104517218
CHEMBL2058,1.407021406798487e-05,1.407021406798487e-05
CHEMBL2059,0.0001339186471529,0.0001339186471529
CHEMBL206,0.0009608286246516,0.0009608286246516
CHEMBL2060,0.0004102781943145,0.0004102781943145
CHEMBL2061,0.0006004995603472,0.0006004995603472
CHEMBL2062,0.0001209668551629,0.0001209668551629
CHEMBL2063,0.0001255478528788,0.0001255478528788
CHEMBL2064,0.0001936351262658,0.0001936351262658
CHEMBL2066,0.0001011426299376,0.0001011426299376
CHEMBL2069,0.0001181946698993,0.0001181946698993
CHEMBL207,0.0007351321924987,0.0007351321924987
CHEMBL2070,0.0002198158259192,0.0002198158259192
CHEMBL2071,7.791950479854523e-05,7.791950479854523e-05
CHEMBL2074,9.98004224081904e-05,9.98004224081904e-05
CHEMBL2075,0.0001242453299058,0.0001242453299058
CHEMBL2076,8.16557498601853e-05,8.16557498601853e-05
CHEMBL2079,6.181966373668901e-05,6.181966373668901e-05
CHEMBL208,0.0002483034370196,0.0002483034370196
CHEMBL2081,0.0001770041103446,0.0001770041103446
CHEMBL2083,0.0001858956858296,0.0001858956858296
CHEMBL2084,2.759742176889624e-05,2.759742176889624e-05
CHEMBL2085,0.0001004128796723,0.0001004128796723
CHEMBL2086,0.0002093108597958,0.0002093108597958
CHEMBL2088,9.550802860561344e-05,9.550802860561344e-05
CHEMBL209,0.0001524368466053,0.0001524368466053
CHEMBL2094,0.0001298608205612,0.0001298608205612
CHEMBL2099,0.0001751289999063,0.0001751289999063
CHEMBL210,0.0003261429430644,0.0003261429430644
CHEMBL2100,0.0001374939215273,0.0001374939215273
CHEMBL2102,0.0002213086822365,0.0002213086822365
CHEMBL2104,0.0001042963522259,0.0001042963522259
CHEMBL2105,0.000122359095219,0.000122359095219
CHEMBL2106,0.0002124111985277,0.0002124111985277
CHEMBL2107,0.0005444303775388,0.0005444303775388
CHEMBL2108,0.0001700164694968,0.0001700164694968
CHEMBL2109,0.0001879700512915,0.0001879700512915
CHEMBL2114,7.102878717424573e-05,7.102878717424573e-05
CHEMBL2116,0.0001342350809531,0.0001342350809531
CHEMBL2117,0.0001315786806122,0.0001315786806122
CHEMBL212,0.0003085015706437,0.0003085015706437
CHEMBL2120,0.0002198231875114,0.0002198231875114
CHEMBL2121,8.72179110804067e-05,8.72179110804067e-05
CHEMBL2123,6.023988571106783e-05,6.023988571106783e-05
CHEMBL2127,0.0002342282151946,0.0002342282151946
CHEMBL213,0.0001259107412094,0.0001259107412094
CHEMBL2131,6.0118076585339385e-05,6.0118076585339385e-05
CHEMBL2139,6.472157092232773e-05,6.472157092232773e-05
CHEMBL2147,0.0001505958682676,0.0001505958682676
CHEMBL2148,0.0004048822779934,0.0004048822779934
CHEMBL215,0.0001888295045077,0.0001888295045077
CHEMBL2156,0.0001327080648851,0.0001327080648851
CHEMBL2158,2.362753190963943e-05,2.362753190963943e-05
CHEMBL2159,0.0002077471219317,0.0002077471219317
CHEMBL216,0.0003617687447673,0.0003617687447673
CHEMBL2160,0.0001386947866253,0.0001386947866253
CHEMBL2161,0.0001064699504165,0.0001064699504165
CHEMBL2164,0.0006043991262276,0.0006043991262276
CHEMBL2167,0.0013216155202103,0.0013216155202103
CHEMBL217,0.000237440881722,0.000237440881722
CHEMBL2171,0.000309363499942,0.000309363499942
CHEMBL218,0.0002395006481041,0.0002395006481041
CHEMBL2182,5.964589370098237e-06,5.964589370098237e-06
CHEMBL2184,0.0001273914364955,0.0001273914364955
CHEMBL2185,0.000606760193191,0.000606760193191
CHEMBL219,5.38552997961518e-05,5.38552997961518e-05
CHEMBL2193,5.379947674072495e-05,5.379947674072495e-05
CHEMBL2194,4.573455082153275e-05,4.573455082153275e-05
CHEMBL220,0.0001228956887883,0.0001228956887883
CHEMBL2200,7.965273136436983e-05,7.965273136436983e-05
CHEMBL2202,0.0001730301611719,0.0001730301611719
CHEMBL2206,0.0001264359932324,0.0001264359932324
CHEMBL221,0.0001442734144535,0.0001442734144535
CHEMBL222,0.0001158480861918,0.0001158480861918
CHEMBL223,7.132608162773617e-05,7.132608162773617e-05
CHEMBL224,0.0001272087116713,0.0001272087116713
CHEMBL2249,0.0001467301721872,0.0001467301721872
CHEMBL225,0.000122774687636,0.000122774687636
CHEMBL226,7.102878717424573e-05,7.102878717424573e-05
CHEMBL227,0.000171186366998,0.000171186366998
CHEMBL228,0.0001684224664001,0.0001684224664001
CHEMBL229,8.158303733240181e-05,8.158303733240181e-05
CHEMBL230,0.0003008035081144,0.0003008035081144
CHEMBL231,5.688003779048862e-05,5.688003779048862e-05
CHEMBL232,0.0001549411194871,0.0001549411194871
CHEMBL2326,2.8002684243078894e-05,2.8002684243078894e-05
CHEMBL2327,1.0283851795162915e-05,1.0283851795162915e-05
CHEMBL2335,5.248761744773514e-05,5.248761744773514e-05
CHEMBL235,0.000591800195944,0.000591800195944
CHEMBL236,0.0001023718285074,0.0001023718285074
CHEMBL2360,0.0001987271294879,0.0001987271294879
CHEMBL237,6.290259039264164e-05,6.290259039264164e-05
CHEMBL238,0.0001523015217594,0.0001523015217594
CHEMBL2388,9.919171763507867e-05,9.919171763507867e-05
CHEMBL239,0.000498431617493,0.000498431617493
CHEMBL2392,5.879713605624188e-05,5.879713605624188e-05
CHEMBL2399,5.2482361464224936e-05,5.2482361464224936e-05
CHEMBL240,0.0002516381990597,0.0002516381990597
CHEMBL2401,8.337201696862811e-05,8.337201696862811e-05
CHEMBL241,0.0001669504484821,0.0001669504484821
CHEMBL2412,0.0008372408582518,0.0008372408582518
CHEMBL2413,0.0002031037180028,0.0002031037180028
CHEMBL2414,6.796073698321064e-05,6.796073698321064e-05
CHEMBL2419,5.686127503486396e-05,5.686127503486396e-05
CHEMBL242,0.000295940945712,0.000295940945712
CHEMBL2421,1.41273245698175e-05,1.41273245698175e-05
CHEMBL2428,0.0001886316787652,0.0001886316787652
CHEMBL2430,8.03810981477543e-05,8.03810981477543e-05
CHEMBL2433,6.564577842360051e-05,6.564577842360051e-05
CHEMBL2434,0.0002739565906429,0.0002739565906429
CHEMBL2438,2.1507446902713965e-05,2.1507446902713965e-05
CHEMBL2439,0.0002460053477768,0.0002460053477768
CHEMBL244,0.0001684571732281,0.0001684571732281
CHEMBL2441,0.0001835725118666,0.0001835725118666
CHEMBL2442,0.000162606096032,0.000162606096032
CHEMBL2443,7.744518110473105e-05,7.744518110473105e-05
CHEMBL2447,0.0002025960900781,0.0002025960900781
CHEMBL245,7.608216358719221e-05,7.608216358719221e-05
CHEMBL2457,0.0001470654238389,0.0001470654238389
CHEMBL246,9.867627018888216e-05,9.867627018888216e-05
CHEMBL2460,0.0001066315288806,0.0001066315288806
CHEMBL2461,0.0001066315288806,0.0001066315288806
CHEMBL2465,6.250455568165581e-05,6.250455568165581e-05
CHEMBL2468,4.5152776146558784e-05,4.5152776146558784e-05
CHEMBL2469,5.095351506230721e-05,5.095351506230721e-05
CHEMBL2476,0.0003399614785141,0.0003399614785141
CHEMBL2478,7.044605870585089e-05,7.044605870585089e-05
CHEMBL248,0.0001615967763756,0.0001615967763756
CHEMBL2484,6.968468901925957e-05,6.968468901925957e-05
CHEMBL2487,0.0007600670673291,0.0007600670673291
CHEMBL249,9.472117378134527e-05,9.472117378134527e-05
CHEMBL2490,0.0001272087116713,0.0001272087116713
CHEMBL2492,0.0001671503727351,0.0001671503727351
CHEMBL2493,6.716388380791498e-05,6.716388380791498e-05
CHEMBL2494,0.0001030091794311,0.0001030091794311
CHEMBL2498,0.0010388687265188,0.0010388687265188
CHEMBL250,3.152991473088336e-05,3.152991473088336e-05
CHEMBL2502,8.303489953267074e-05,8.303489953267074e-05
CHEMBL2503,8.18981001501311e-05,8.18981001501311e-05
CHEMBL2506,0.0011281462634844,0.0011281462634844
CHEMBL2508,0.0002715587881427,0.0002715587881427
CHEMBL251,0.0001000768219699,0.0001000768219699
CHEMBL2514,1.716285477938606e-05,1.716285477938606e-05
CHEMBL2517,3.559954875423223e-05,3.559954875423223e-05
CHEMBL252,0.0001405311460931,0.0001405311460931
CHEMBL2524,8.703586953122588e-05,8.703586953122588e-05
CHEMBL2525,3.6727529535264185e-05,3.6727529535264185e-05
CHEMBL2527,0.0003385634765677,0.0003385634765677
CHEMBL253,4.876590586429168e-05,4.876590586429168e-05
CHEMBL2531,6.958409476166038e-05,6.958409476166038e-05
CHEMBL2534,0.000248567481295,0.000248567481295
CHEMBL2536,0.0002335799619568,0.0002335799619568
CHEMBL254,0.0001439347671928,0.0001439347671928
CHEMBL255,0.0001419569458099,0.0001419569458099
CHEMBL2552,6.785700890045989e-05,6.785700890045989e-05
CHEMBL2553,0.0001000925290994,0.0001000925290994
CHEMBL2559,0.0002757786162828,0.0002757786162828
CHEMBL256,2.32632754199461e-05,2.32632754199461e-05
CHEMBL2575,0.0001289104517218,0.0001289104517218
CHEMBL258,0.0007098487922163,0.0007098487922163
CHEMBL2581,0.0001409674625336,0.0001409674625336
CHEMBL2582,0.0007363162114684,0.0007363162114684
CHEMBL259,0.000181274275674,0.000181274275674
CHEMBL2595,6.351140754365226e-05,6.351140754365226e-05
CHEMBL2597,0.0001553465992089,0.0001553465992089
CHEMBL2599,0.0005585068723674,0.0005585068723674
CHEMBL2600,0.0003267927546046,0.0003267927546046
CHEMBL2608,3.3602162916520065e-05,3.3602162916520065e-05
CHEMBL2609,7.207868392006737e-05,7.207868392006737e-05
CHEMBL2626,4.302625214834397e-05,4.302625214834397e-05
CHEMBL2632,0.0003367285460529,0.0003367285460529
CHEMBL2634,0.0003470594052194,0.0003470594052194
CHEMBL264,8.243053762668132e-06,8.243053762668132e-06
CHEMBL2641,6.945721592227649e-05,6.945721592227649e-05
CHEMBL2650,0.0001696495812738,0.0001696495812738
CHEMBL2652,0.0001343502362824,0.0001343502362824
CHEMBL2655,0.0002468450504071,0.0002468450504071
CHEMBL2656,0.0001012650847443,0.0001012650847443
CHEMBL267,0.0019733026243069,0.0019733026243069
CHEMBL268,0.000130231717453,0.000130231717453
CHEMBL2692,7.903043920312686e-05,7.903043920312686e-05
CHEMBL271,4.2402480586768296e-05,4.2402480586768296e-05
CHEMBL2736,9.607851007542226e-05,9.607851007542226e-05
CHEMBL274,0.0003724916829338,0.0003724916829338
CHEMBL275,0.0001348127802579,0.0001348127802579
CHEMBL2754,0.0008817609696392,0.0008817609696392
CHEMBL278,0.000304999445264,0.000304999445264
CHEMBL279,0.0006323226620579,0.0006323226620579
CHEMBL2796,5.166613609425852e-05,5.166613609425852e-05
CHEMBL280,0.0001788839329117,0.0001788839329117
CHEMBL281,0.0001284761182265,0.0001284761182265
CHEMBL2835,0.0006248495179612,0.0006248495179612
CHEMBL2847,0.000498431617493,0.000498431617493
CHEMBL2849,4.871384470212909e-05,4.871384470212909e-05
CHEMBL2882,2.5767110014550576e-05,2.5767110014550576e-05
CHEMBL2883,0.0002101669342511,0.0002101669342511
CHEMBL2885,6.542506330009461e-05,6.542506330009461e-05
CHEMBL2886,0.0001168873720002,0.0001168873720002
CHEMBL2887,0.0001174145978282,0.0001174145978282
CHEMBL2888,0.000119012833019,0.000119012833019
CHEMBL2896,0.0002583722347466,0.0002583722347466
CHEMBL2897,0.0002337406495077,0.0002337406495077
CHEMBL2918,0.0008606571088228,0.0008606571088228
CHEMBL2938,0.0003491569449384,0.0003491569449384
CHEMBL2940,0.0001305464379896,0.0001305464379896
CHEMBL2959,0.0002294438977723,0.0002294438977723
CHEMBL2960,0.0003402524921572,0.0003402524921572
CHEMBL2963,5.567809796832047e-05,5.567809796832047e-05
CHEMBL2964,0.0002711156074294,0.0002711156074294
CHEMBL2971,0.0008175199176676,0.0008175199176676
CHEMBL2972,0.0001254163181187,0.0001254163181187
CHEMBL2979,0.0001915197068225,0.0001915197068225
CHEMBL3023,0.0001130365881113,0.0001130365881113
CHEMBL3024,0.0006508124647157,0.0006508124647157
CHEMBL3025,8.649760777356959e-05,8.649760777356959e-05
CHEMBL3028,5.806835510442303e-05,5.806835510442303e-05
CHEMBL3030,0.0004147413135444,0.0004147413135444
CHEMBL3038,4.616016415066323e-05,4.616016415066323e-05
CHEMBL3040,0.0005044218484086,0.0005044218484086
CHEMBL3043,0.0001312228972043,0.0001312228972043
CHEMBL3076,0.0001120181696304,0.0001120181696304
CHEMBL3079,9.470105282590516e-05,9.470105282590516e-05
CHEMBL3080,3.125040725700564e-05,3.125040725700564e-05
CHEMBL3123,9.086757665969732e-05,9.086757665969732e-05
CHEMBL3125,3.916435179718159e-05,3.916435179718159e-05
CHEMBL3126,1.52460295557564e-05,1.52460295557564e-05
CHEMBL3142,0.0002022101759273,0.0002022101759273
CHEMBL3143,0.0001289717887459,0.0001289717887459
CHEMBL3155,7.912224291638028e-05,7.912224291638028e-05
CHEMBL3157,7.496698098895561e-05,7.496698098895561e-05
CHEMBL3164,0.0002950176774604,0.0002950176774604
CHEMBL3167,0.0001658068043697,0.0001658068043697
CHEMBL3191,2.881136311442689e-05,2.881136311442689e-05
CHEMBL3201,0.0001495808818876,0.0001495808818876
CHEMBL3230,4.641675406147752e-05,4.641675406147752e-05
CHEMBL3231,0.0002844970613908,0.0002844970613908
CHEMBL3233,0.000237833783017,0.000237833783017
CHEMBL3240,0.0001467651762624,0.0001467651762624
CHEMBL3253,0.0007346799395943,0.0007346799395943
CHEMBL3254,0.0002169293302437,0.0002169293302437
CHEMBL3256,0.0001023054634521,0.0001023054634521
CHEMBL3276,0.0002684207681009,0.0002684207681009
CHEMBL3311,0.0001489062275469,0.0001489062275469
CHEMBL3351,0.0001003471947761,0.0001003471947761
CHEMBL3371,2.4852919711871326e-05,2.4852919711871326e-05
CHEMBL3373,0.0003261429430644,0.0003261429430644
CHEMBL3379,7.159010702680102e-05,7.159010702680102e-05
CHEMBL3409,0.0001925541375557,0.0001925541375557
CHEMBL3419,0.0001484093071606,0.0001484093071606
CHEMBL3421,0.0002086500070454,0.0002086500070454
CHEMBL3429,0.0001025278793012,0.0001025278793012
CHEMBL3438,0.0004384081406666,0.0004384081406666
CHEMBL3473,0.0002253831664033,0.0002253831664033
CHEMBL3474,0.0001296564875121,0.0001296564875121
CHEMBL3475,0.0002473229790781,0.0002473229790781
CHEMBL3477,0.0001343502362824,0.0001343502362824
CHEMBL3478,0.0001420004025475,0.0001420004025475
CHEMBL3510,3.199615091557832e-05,3.199615091557832e-05
CHEMBL3514,0.0001835725118666,0.0001835725118666
CHEMBL3568,0.0003184826521802,0.0003184826521802
CHEMBL3572,0.0001809923373027,0.0001809923373027
CHEMBL3582,0.0003324899505371,0.0003324899505371
CHEMBL3595,0.0002396300229366,0.0002396300229366
CHEMBL3610,0.0006452046163612,0.0006452046163612
CHEMBL3636,2.9713980096991706e-05,2.9713980096991706e-05
CHEMBL3650,0.000453247265594,0.000453247265594
CHEMBL3708,0.0001630074877057,0.0001630074877057
CHEMBL3710,6.962293829706491e-05,6.962293829706491e-05
CHEMBL3721,0.0002064849178026,0.0002064849178026
CHEMBL3723,0.0005942861173052,0.0005942861173052
CHEMBL3724,0.0001815650710367,0.0001815650710367
CHEMBL3727,0.0001809084666622,0.0001809084666622
CHEMBL3764,4.481361762936916e-05,4.481361762936916e-05
CHEMBL3768,0.0002123950650961,0.0002123950650961
CHEMBL3769,0.0001524368466053,0.0001524368466053
CHEMBL3770,6.945159688736597e-05,6.945159688736597e-05
CHEMBL3775,0.0003206699800184,0.0003206699800184
CHEMBL3816,0.0002280894681032,0.0002280894681032
CHEMBL3817,0.0001047064839398,0.0001047064839398
CHEMBL3819,0.0002132246283631,0.0002132246283631
CHEMBL3841,0.0001992851041246,0.0001992851041246
CHEMBL3856,0.0001369605799913,0.0001369605799913
CHEMBL3861,1.3912408123497366e-05,1.3912408123497366e-05
CHEMBL3863,0.0001281506310882,0.0001281506310882
CHEMBL3892,5.516098516533165e-05,5.516098516533165e-05
CHEMBL3898,0.0001539534002285,0.0001539534002285
CHEMBL3911,2.619524070822541e-05,2.619524070822541e-05
CHEMBL3913,0.000151017597773,0.000151017597773
CHEMBL3958,0.0001050928224826,0.0001050928224826
CHEMBL3961,0.0005570582344958,0.0005570582344958
CHEMBL3969,2.0108633643207224e-05,2.0108633643207224e-05
CHEMBL3974,0.000228837906182,0.000228837906182
CHEMBL4018,5.59785407518272e-05,5.59785407518272e-05
CHEMBL402,0.0001835757068356,0.0001835757068356
CHEMBL4068,0.0001033525013317,0.0001033525013317
CHEMBL4069,9.377418524370427e-05,9.377418524370427e-05
CHEMBL4071,0.0002096130012258,0.0002096130012258
CHEMBL4072,0.0001403204308277,0.0001403204308277
CHEMBL4074,0.0001204965333531,0.0001204965333531
CHEMBL4076,6.231410701548161e-05,6.231410701548161e-05
CHEMBL4121,0.000423675887028,0.000423675887028
CHEMBL4142,0.0003854125396231,0.0003854125396231
CHEMBL4237,5.8224114520651056e-05,5.8224114520651056e-05
CHEMBL4271,0.0001621277450599,0.0001621277450599
CHEMBL4273,0.0002788195046868,0.0002788195046868
CHEMBL4305,0.0001677283120308,0.0001677283120308
CHEMBL4306,0.0001318140088759,0.0001318140088759
CHEMBL4315,5.613326527804454e-05,5.613326527804454e-05
CHEMBL4330,7.140132562556678e-05,7.140132562556678e-05
CHEMBL4425,0.0001696495812738,0.0001696495812738
CHEMBL4429,2.9316503307401377e-05,2.9316503307401377e-05
CHEMBL4467,1.9553536933696686e-05,1.9553536933696686e-05
CHEMBL4469,8.458402227982234e-05,8.458402227982234e-05
CHEMBL4478,0.0001874118643095,0.0001874118643095
CHEMBL4549,0.0004206037963967,0.0004206037963967
CHEMBL4550,2.777319116110906e-05,2.777319116110906e-05
CHEMBL4551,0.0001322618052026,0.0001322618052026
CHEMBL4573,8.481695686106152e-05,8.481695686106152e-05
CHEMBL4589,0.0001970477140317,0.0001970477140317
CHEMBL4605,0.0001218658902378,0.0001218658902378
CHEMBL4607,0.0001471602853413,0.0001471602853413
CHEMBL4608,2.884742854168811e-05,2.884742854168811e-05
CHEMBL4617,2.999005873200264e-05,2.999005873200264e-05
CHEMBL4633,0.0001280783439189,0.0001280783439189
CHEMBL4708,0.0001045202594446,0.0001045202594446
CHEMBL4712,9.012925461231102e-05,9.012925461231102e-05
CHEMBL4714,3.0222651637589303e-05,3.0222651637589303e-05
CHEMBL4715,0.0001276039494054,0.0001276039494054
CHEMBL4716,0.0001058128752695,0.0001058128752695
CHEMBL4744,0.0001057116540846,0.0001057116540846
CHEMBL4761,6.90922119886373e-05,6.90922119886373e-05
CHEMBL4762,0.0003452446120591,0.0003452446120591
CHEMBL4763,0.000217126775598,0.000217126775598
CHEMBL4770,9.730134145887866e-05,9.730134145887866e-05
CHEMBL4777,4.817759414171203e-05,4.817759414171203e-05
CHEMBL4790,0.0001061192162617,0.0001061192162617
CHEMBL4794,0.0002406097623941,0.0002406097623941
CHEMBL4805,0.0001068906948863,0.0001068906948863
CHEMBL4806,1.0666444997001278e-05,1.0666444997001278e-05
CHEMBL4808,0.000179915244087,0.000179915244087
CHEMBL4811,8.04752459797736e-05,8.04752459797736e-05
CHEMBL4812,7.054103804714927e-05,7.054103804714927e-05
CHEMBL4813,0.0001594210448443,0.0001594210448443
CHEMBL4815,1.0283851795162915e-05,1.0283851795162915e-05
CHEMBL4816,0.0003486317419379,0.0003486317419379
CHEMBL4820,5.349703585324647e-05,5.349703585324647e-05
CHEMBL4829,0.0001089172710048,0.0001089172710048
CHEMBL4832,0.0001515633407084,0.0001515633407084
CHEMBL4833,0.000112064298356,0.000112064298356
CHEMBL4834,7.51601954855018e-05,7.51601954855018e-05
CHEMBL4835,0.0002213086822365,0.0002213086822365
CHEMBL4863,6.720251855932399e-05,6.720251855932399e-05
CHEMBL4865,0.000133786741437,0.000133786741437
CHEMBL4866,0.0001399734833372,0.0001399734833372
CHEMBL4867,4.138252695950934e-05,4.138252695950934e-05
CHEMBL4868,2.0909604476873435e-05,2.0909604476873435e-05
CHEMBL4869,0.0002860300734159,0.0002860300734159
CHEMBL4872,0.0001630075973907,0.0001630075973907
CHEMBL4873,2.9120820280389145e-05,2.9120820280389145e-05
CHEMBL4876,0.0002865917251111,0.0002865917251111
CHEMBL4878,0.0001622687928723,0.0001622687928723
CHEMBL4880,0.0002433505951672,0.0002433505951672
CHEMBL4881,0.0001356845334915,0.0001356845334915
CHEMBL4883,0.000249100227186,0.000249100227186
CHEMBL4892,8.158303733240181e-05,8.158303733240181e-05
CHEMBL4894,5.685676992221859e-05,5.685676992221859e-05
CHEMBL4924,5.1744865131541856e-05,5.1744865131541856e-05
CHEMBL4925,0.0001088554293384,0.0001088554293384
CHEMBL4928,0.0003150405936063,0.0003150405936063
CHEMBL4939,6.906879990820532e-05,6.906879990820532e-05
CHEMBL4940,0.0001960849418578,0.0001960849418578
CHEMBL4941,3.2915656289449495e-05,3.2915656289449495e-05
CHEMBL4942,9.266812520652752e-05,9.266812520652752e-05
CHEMBL4945,6.181966373668901e-05,6.181966373668901e-05
CHEMBL4947,0.0001213319467119,0.0001213319467119
CHEMBL4949,7.47030888687795e-05,7.47030888687795e-05
CHEMBL4977,0.0009909017689052,0.0009909017689052
CHEMBL4983,0.0001749532467167,0.0001749532467167
CHEMBL4985,0.0001315450195648,0.0001315450195648
CHEMBL5100,7.857133001366558e-05,7.857133001366558e-05
CHEMBL5103,8.934107500829272e-05,8.934107500829272e-05
CHEMBL5113,3.928276844039148e-05,3.928276844039148e-05
CHEMBL5135,0.0002692189627221,0.0002692189627221
CHEMBL5136,3.152991473088336e-05,3.152991473088336e-05
CHEMBL5444,0.000108347860044,0.000108347860044
