drug,crispr_essentiality_her2,n_targets_in_crispr_her2
CHEMBL1778,-0.03474480771115424,1
CHEMBL1782,-0.6793222537116468,1
CHEMBL1785,0.08862892740869649,1
CHEMBL1786,0.009221251285055878,1
CHEMBL1787,0.08189156431438964,1
CHEMBL1790,-0.008493211743539538,1
CHEMBL1791,0.002290733197622864,1
CHEMBL1793,0.06331394768953677,1
CHEMBL1795,-0.09488840967467142,1
CHEMBL1798,-0.07650127677172595,1
CHEMBL1800,-0.12672183422241803,1
CHEMBL1803,0.04077248187179017,1
CHEMBL1804,-0.08190052264107915,1
CHEMBL1806,-1.7518457049529492,1
CHEMBL1807,-1.3406692000913796,1
CHEMBL1808,-0.08833109031453483,1
CHEMBL1811,0.04438697419081602,1
CHEMBL1817,-0.010446682951085936,1
CHEMBL1821,-0.13065232925756762,1
CHEMBL1822,-0.2802663673415451,1
CHEMBL1824,-0.9088875884466545,1
CHEMBL1825,0.011231354744263566,1
CHEMBL1827,-0.004279761629653644,1
CHEMBL1832,-0.01538456398498991,1
CHEMBL1833,-0.01708931597578479,1
CHEMBL1835,-0.04921413229925142,1
CHEMBL1836,-0.02921765593781917,1
CHEMBL1838,0.03229315954291393,1
CHEMBL1839,0.06012576822190458,1
CHEMBL1842,0.05244367677796688,1
CHEMBL1843,0.10477067228988221,1
CHEMBL1845,0.0092232531421897,1
CHEMBL1846,-0.09715384934679111,1
CHEMBL1851,-0.020732654138733212,1
CHEMBL1854,0.045174120762609835,1
CHEMBL1855,0.060413572773851634,1
CHEMBL1859,-0.05027155849374605,1
CHEMBL1860,-0.11548284999082035,1
CHEMBL1861,-0.06644682451052306,1
CHEMBL1864,-0.04532821289801456,1
CHEMBL1867,-0.04646669376226997,1
CHEMBL1868,0.02658677892568856,1
CHEMBL1869,-0.035921286182829394,1
CHEMBL1871,0.018920609785341422,1
CHEMBL1874,-0.09910416963632021,1
CHEMBL1875,0.10047086992282842,1
CHEMBL1876,-0.028973060472537202,1
CHEMBL1879,-0.058750428447205044,1
CHEMBL1881,-0.06447381352464046,1
CHEMBL1882,-0.0022157593948118667,1
CHEMBL1883,0.02404924215981112,1
CHEMBL1886,0.013553580618094556,1
CHEMBL1889,-0.2546113817588291,1
CHEMBL1892,-0.16859270029898232,1
CHEMBL1893,0.06666631543501035,1
CHEMBL1898,-0.0685510190619366,1
CHEMBL1899,0.1231815063810131,1
CHEMBL1900,0.018410741319987045,1
CHEMBL1901,0.1495525056015342,1
CHEMBL1903,0.016141245342388047,1
CHEMBL1904,0.09778271687556096,1
CHEMBL1905,-0.07775231671449742,1
CHEMBL1907,-0.010268777682693932,1
CHEMBL1910,-0.04245906569885971,1
CHEMBL1911,-0.08563880848045646,1
CHEMBL1913,-0.05320640178658499,1
CHEMBL1914,-0.03160712442306662,1
CHEMBL1916,-0.025986707538021153,1
CHEMBL1919,-0.07378060902424627,1
CHEMBL1920,-0.0598908184382719,1
CHEMBL1925,-0.14907427700841774,1
CHEMBL1927,-0.33017085369581156,1
CHEMBL1929,-0.0289577943085464,1
CHEMBL1935,0.02356446239036338,1
CHEMBL1936,-0.07275257535760493,1
CHEMBL1940,-0.04293801554719773,1
CHEMBL1941,0.04976913215753011,1
CHEMBL1942,-0.06420181941764697,1
CHEMBL1944,0.026446343920595455,1
CHEMBL1947,0.043421576747426145,1
CHEMBL1950,0.11528997803314961,1
CHEMBL1951,0.013228740375674767,1
CHEMBL1952,-1.0197499342106644,1
CHEMBL1957,-0.16621002276579777,1
CHEMBL1958,-0.19964868342016337,1
CHEMBL1959,0.049479817526362435,1
CHEMBL1962,-0.007481496530573028,1
CHEMBL1963,0.015355045511389625,1
CHEMBL1966,-0.44695212912359417,1
CHEMBL1968,-0.04620741241817647,1
CHEMBL1969,-0.009013395802749131,1
CHEMBL1970,0.007951539796431801,1
CHEMBL1971,0.0011147459388586077,1
CHEMBL1972,-0.10990634097686999,1
CHEMBL1975,0.047084641096106314,1
CHEMBL1976,0.0599264436165556,1
CHEMBL1977,-0.09199591559805537,1
CHEMBL1978,-0.021327940301126967,1
CHEMBL1981,0.0008492688419436666,1
CHEMBL1983,0.06968302355948239,1
CHEMBL1985,-0.01925700277905118,1
CHEMBL1987,0.0679615592185982,1
CHEMBL1988,-0.03158900293113332,1
CHEMBL1989,0.008251073982615854,1
CHEMBL1991,-0.006963469410040033,1
CHEMBL1992,0.15775095568009295,1
CHEMBL1993,-0.48677031086495415,1
CHEMBL1994,-0.021477636916223224,1
CHEMBL1995,0.05510298271820699,1
CHEMBL1996,-0.0065923410650791225,1
CHEMBL1997,0.017247205254585205,1
CHEMBL2000,0.021738573787369455,1
CHEMBL2001,-0.12615499796445925,1
CHEMBL2002,-0.3679912997125281,1
CHEMBL2004,-0.025478441365339565,1
CHEMBL2008,0.04403562157249694,1
CHEMBL2014,-0.018088105712111058,1
CHEMBL2015,0.02607340884850949,1
CHEMBL2023,-0.138157309980824,1
CHEMBL2027,-0.10941411619254682,1
CHEMBL203,-0.09369456415519219,1
CHEMBL2033,-0.06103762401579882,1
CHEMBL2034,-0.005804986002602068,1
CHEMBL2035,-0.04005952666068138,1
CHEMBL2039,-0.04438096612175185,1
CHEMBL2040,-0.06376513876836908,1
CHEMBL2044,-0.035100060160945086,1
CHEMBL2045,-0.05676562618738712,1
CHEMBL2049,0.06255611466066796,1
CHEMBL205,-0.06186634071543953,1
CHEMBL2050,-0.06926723082415255,1
CHEMBL2055,-0.10435690248097905,1
CHEMBL2056,0.0088777683832494,1
CHEMBL2058,0.03379992677099837,1
CHEMBL2059,-0.08962241665667485,1
CHEMBL206,-0.26283014582468567,1
CHEMBL2060,0.10306731705276585,1
CHEMBL2061,-0.05849685520705464,1
CHEMBL2062,0.0797760819406294,1
CHEMBL2063,-0.09564586963307782,1
CHEMBL2064,-0.0054718612073190115,1
CHEMBL2066,-0.046809337741080835,1
CHEMBL2069,0.03278247109875269,1
CHEMBL207,-0.056831612946255085,1
CHEMBL2070,-0.19853411401340548,1
CHEMBL2071,0.009314466357779404,1
CHEMBL2074,0.09235321114140246,1
CHEMBL2075,-0.13719406378583432,1
CHEMBL2076,0.07331768895534574,1
CHEMBL2079,0.056192260485150275,1
CHEMBL208,0.055701391458960435,1
CHEMBL2083,-0.013223555071360388,1
CHEMBL2084,0.03284305587939395,1
CHEMBL2085,0.001226623143688901,1
CHEMBL2086,-0.05132034883053246,1
CHEMBL2088,0.004071743627540044,1
CHEMBL209,0.014235498067464485,1
CHEMBL2094,-0.021136319459922632,1
CHEMBL2099,0.06576385939924173,1
CHEMBL210,-0.015179011667174277,1
CHEMBL2100,-0.13934116895560056,1
CHEMBL2102,-0.29373746043417115,1
CHEMBL2104,-0.07558679283572994,1
CHEMBL2105,-0.0856869612997318,1
CHEMBL2106,-0.7543664095290754,1
CHEMBL2107,0.0019370059082404422,1
CHEMBL2108,-0.12115621393808756,1
CHEMBL2109,0.024064076242615712,1
CHEMBL2114,-0.09853020835221614,1
CHEMBL2116,-0.13089416891268585,1
CHEMBL2117,-0.12290401537741229,1
CHEMBL212,-0.13420765001965762,1
CHEMBL2120,0.05907481171304739,1
CHEMBL2121,0.07114495707856408,1
CHEMBL2123,0.0714084903556919,1
CHEMBL2127,0.024197321738217013,1
CHEMBL213,0.10112476632033834,1
CHEMBL2131,0.06804535196763256,1
CHEMBL2139,-0.12917106432381525,1
CHEMBL2147,-0.08152787346439508,1
CHEMBL2148,-0.07457079009973125,1
CHEMBL215,-0.09970754019436395,1
CHEMBL2156,-0.09488840967467142,1
CHEMBL2158,-0.059897098981257134,1
CHEMBL2159,-0.12150639279294663,1
CHEMBL216,-0.08458906287163323,1
CHEMBL2160,-0.5275501481679715,1
CHEMBL2161,0.011858883022102647,1
CHEMBL2164,-0.7625133703457567,1
CHEMBL2167,-0.13251132142797184,1
CHEMBL217,-0.00371845102836131,1
CHEMBL2171,-0.07194111662888836,1
CHEMBL218,0.08795025907375535,1
CHEMBL2182,-0.03952786526683086,1
CHEMBL2184,-0.12345804252566703,1
CHEMBL2185,-1.7513365468904274,1
CHEMBL219,0.0841571688925795,1
CHEMBL2193,-0.044066366720343766,1
CHEMBL2194,0.004350991777667897,1
CHEMBL220,-0.14817570692543855,1
CHEMBL2200,-0.004671946108724333,1
CHEMBL2202,0.054820372425648786,1
CHEMBL2206,0.03160915090149917,1
CHEMBL221,0.05343539228796127,1
CHEMBL222,-0.04032556909412856,1
CHEMBL223,0.039089801990058154,1
CHEMBL224,0.045121697576718425,1
CHEMBL2249,0.046994200911354325,1
CHEMBL225,-0.04096908263549088,1
CHEMBL226,-0.09853020835221614,1
CHEMBL227,-0.04816908490316612,1
CHEMBL228,-0.05945553955554988,1
CHEMBL229,0.11703384175507806,1
CHEMBL230,0.004056074487027901,1
CHEMBL231,0.0249149820242151,1
CHEMBL232,0.015299855261911343,1
CHEMBL2326,-0.14879872312009815,1
CHEMBL2327,0.002085251260817731,1
CHEMBL2335,-0.0675355650547278,1
CHEMBL235,0.04051996545984396,1
CHEMBL236,0.18879400208767266,1
CHEMBL2360,-0.061065966326044614,1
CHEMBL237,0.035999615477269986,1
CHEMBL238,0.012703115938497779,1
CHEMBL239,-0.03161403399169074,1
CHEMBL2392,0.11398169218630623,1
CHEMBL2399,-0.05724778746761147,1
CHEMBL240,0.02626264273682172,1
CHEMBL2401,0.027887933934592244,1
CHEMBL241,0.08426034217015808,1
CHEMBL2412,-0.7128834872214225,1
CHEMBL2413,0.03855137319286979,1
CHEMBL2414,-0.035315318930097844,1
CHEMBL2419,0.02091589705675671,1
CHEMBL242,-0.026389768451776808,1
CHEMBL2421,0.05012811713861228,1
CHEMBL2428,0.06842166835152008,1
CHEMBL2430,0.13160644873147723,1
CHEMBL2433,0.005022815891562224,1
CHEMBL2434,0.009018807312949913,1
CHEMBL2438,-0.09277209140004013,1
CHEMBL2439,-0.08476512005003281,1
CHEMBL244,0.02940557531033694,1
CHEMBL2441,-0.13669132497147857,1
CHEMBL2442,0.06239996232238906,1
CHEMBL2443,0.06341537865111925,1
CHEMBL2447,-0.002597985898587834,1
CHEMBL245,0.11306586858661477,1
CHEMBL2457,0.08628916282065095,1
CHEMBL246,0.006497862722625545,1
CHEMBL2460,-0.06033547863340168,1
CHEMBL2461,-0.06033547863340168,1
CHEMBL2465,0.12276435201316072,1
CHEMBL2468,-0.045507681015074,1
CHEMBL2469,-0.1726086239909808,1
CHEMBL2476,0.036242755375816435,1
CHEMBL248,0.030912867299948372,1
CHEMBL2484,0.03394805461283536,1
CHEMBL2487,0.026137130214548176,1
CHEMBL249,-0.09552722877961707,1
CHEMBL2490,0.045121697576718425,1
CHEMBL2492,-0.042085474895650794,1
CHEMBL2493,0.010526039867195573,1
CHEMBL2494,-0.005012297011984513,1
CHEMBL2498,-0.9646258061280756,1
CHEMBL250,0.019592690460921318,1
CHEMBL2502,-0.015774122345456505,1
CHEMBL2503,-0.6272110617495388,1
CHEMBL2506,-0.09759242118026368,1
CHEMBL2508,-0.2849022165190275,1
CHEMBL251,-0.17203100393528364,1
CHEMBL2514,0.01133041214362941,1
CHEMBL2517,-0.14155418619492455,1
CHEMBL252,0.029176846812235004,1
CHEMBL2524,-0.04391241715062556,1
CHEMBL2525,0.024635373953477067,1
CHEMBL2527,0.06174677642932877,1
CHEMBL253,0.03393125974701851,1
CHEMBL2531,-0.0674776362880929,1
CHEMBL2534,-1.0677182640628404,1
CHEMBL2536,0.001962268197543759,1
CHEMBL254,-0.11037681154354194,1
CHEMBL255,0.02173015803187584,1
CHEMBL2552,-0.017611060521345992,1
CHEMBL2553,-0.16445371370307008,1
CHEMBL2559,0.00613791254941897,1
CHEMBL258,0.03249357443912808,1
CHEMBL2581,0.034455841669547765,1
CHEMBL2582,-1.4997303575082153,1
CHEMBL259,0.043548821525847825,1
CHEMBL2595,-0.05516791057591433,1
CHEMBL2597,-0.04579079260795585,1
CHEMBL2599,0.013145977512575534,1
CHEMBL2600,-0.5809680975344025,1
CHEMBL2608,-0.05687535979712904,1
CHEMBL2609,0.04866802441939196,1
CHEMBL2626,0.008251073982615854,1
CHEMBL2632,-0.09281574443561613,1
CHEMBL2634,-0.05990740685432237,1
CHEMBL264,0.003380791349343914,1
CHEMBL2641,0.02716548794491248,1
CHEMBL2650,-0.015102689947259544,1
CHEMBL2652,-0.007553031907132064,1
CHEMBL2655,0.03439440986707432,1
CHEMBL2656,0.028718192044316353,1
CHEMBL267,-0.08622943363679864,1
CHEMBL268,-0.2431426684528096,1
CHEMBL2692,-0.14495015912245654,1
CHEMBL271,-0.9733479649715743,1
CHEMBL2736,0.06366830276409566,1
CHEMBL274,-0.02049390260373392,1
CHEMBL275,-0.04850612547761406,1
CHEMBL2754,0.02038751587662664,1
CHEMBL278,-0.11818954915537432,1
CHEMBL279,-0.13176757894431912,1
CHEMBL2796,-0.2410787807396827,1
CHEMBL280,0.06697129812489885,1
CHEMBL281,0.020589052873185156,1
CHEMBL2835,0.025308018519935707,1
CHEMBL2847,-0.03161403399169074,1
CHEMBL2849,0.1699166815214853,1
CHEMBL2882,0.04976913215753011,1
CHEMBL2883,-0.1359846720923072,1
CHEMBL2885,-0.05115983724791891,1
CHEMBL2886,-0.41130043581521586,1
CHEMBL2888,0.026725275599888534,1
CHEMBL2896,-0.03630322075903176,1
CHEMBL2897,0.004111699529585087,1
CHEMBL2918,-0.03721752130509764,1
CHEMBL2938,0.133655916683699,1
CHEMBL2940,-0.03380572331253724,1
CHEMBL2959,0.04061202001767082,1
CHEMBL2960,-0.04584901630057484,1
CHEMBL2963,-0.028703386891672962,1
CHEMBL2964,-0.19586825849923392,1
CHEMBL2971,0.05924499643353461,1
CHEMBL2972,-0.01235845683499133,1
CHEMBL2979,-0.09182649205326482,1
CHEMBL3023,-0.0954741248641997,1
CHEMBL3024,-2.418905974124266,1
CHEMBL3025,-0.014425090923552066,1
CHEMBL3028,-0.279843521801156,1
CHEMBL3030,-0.07605354708133845,1
CHEMBL3038,-0.1291504474624571,1
CHEMBL3040,-2.3610386685933094,1
CHEMBL3043,0.0715041221478628,1
CHEMBL3076,0.0759877620479842,1
CHEMBL3079,-0.2475212623817374,1
CHEMBL3080,-0.07480811987300671,1
CHEMBL3123,-0.10043052005717468,1
CHEMBL3125,-0.16725906419508976,1
CHEMBL3126,-0.07083788102986846,1
CHEMBL3143,0.04612591390481007,1
CHEMBL3155,-0.10225891872556014,1
CHEMBL3157,0.06506460456651178,1
CHEMBL3164,-0.10817130357042193,1
CHEMBL3167,-0.1459592302402477,1
CHEMBL3191,-0.24533359424182655,1
CHEMBL3201,0.0016403729353410234,1
CHEMBL3230,-0.019904727495477156,1
CHEMBL3231,-0.07370751351032537,1
CHEMBL3233,-0.3649890172939834,1
CHEMBL3240,0.07216513914056905,1
CHEMBL3253,0.05260705271579402,1
CHEMBL3254,0.013228740375674767,1
CHEMBL3256,-0.29082973086538655,1
CHEMBL3276,-0.012990286060274239,1
CHEMBL3311,-0.17526994963028025,1
CHEMBL3351,-0.3367417553796858,1
CHEMBL3371,0.055494897419239804,1
CHEMBL3373,-0.015179011667174277,1
CHEMBL3379,-0.09402338261331432,1
CHEMBL3419,0.032314192592199364,1
CHEMBL3421,0.05654867013135831,1
CHEMBL3429,-0.32429404011912977,1
CHEMBL3438,-0.06500326799751759,1
CHEMBL3473,-0.014176923870407155,1
CHEMBL3474,0.036020963720509364,1
CHEMBL3475,0.08235041789320197,1
CHEMBL3477,-0.007553031907132064,1
CHEMBL3478,-0.004279761629653644,1
CHEMBL3510,-0.01251392176657918,1
CHEMBL3514,-0.13669132497147857,1
CHEMBL3568,-0.05120608462382495,1
CHEMBL3572,-0.015532866496804656,1
CHEMBL3582,-0.03189106974933938,1
CHEMBL3595,0.04921316632511309,1
CHEMBL3610,-1.3298140232117397,1
CHEMBL3636,0.0690985265538284,1
CHEMBL3650,-0.09487585450485508,1
CHEMBL3708,-0.06499446827453033,1
CHEMBL3710,-0.10501441795587863,1
CHEMBL3721,0.03716278544388024,1
CHEMBL3723,-0.015121915747540592,1
CHEMBL3724,-0.18210741324546958,1
CHEMBL3727,-0.025503228566566463,1
CHEMBL3764,0.013259590644093653,1
CHEMBL3768,0.026446343920595455,1
CHEMBL3769,0.014235498067464485,1
CHEMBL3770,-0.01523493704103748,1
CHEMBL3775,-0.2626559256931521,1
CHEMBL3816,0.09765226718454383,1
CHEMBL3817,-0.11230097452830241,1
CHEMBL3819,0.026640318337928216,1
CHEMBL3841,-0.05740514379807114,1
CHEMBL3856,0.06392764725735386,1
CHEMBL3861,-0.21616091188763129,1
CHEMBL3863,0.16056844299373638,1
CHEMBL3892,0.0660395984094768,1
CHEMBL3898,0.02112069435492825,1
CHEMBL3911,-0.3447912165152324,1
CHEMBL3913,-0.04483569812794522,1
CHEMBL3958,-0.14558668379209055,1
CHEMBL3961,0.08391371511985035,1
CHEMBL3969,0.01858819736416646,1
CHEMBL3974,-0.11140784168457267,1
CHEMBL4018,0.06583937915839164,1
CHEMBL402,-1.355584500398499,1
CHEMBL4068,-0.042532443532535984,1
CHEMBL4069,-0.0613724372970771,1
CHEMBL4071,-0.09168168477335985,1
CHEMBL4072,0.06431753095200603,1
CHEMBL4074,-0.08833109031453483,1
CHEMBL4076,0.07491652763764904,1
CHEMBL4121,-0.06392037551720964,1
CHEMBL4142,-0.06290246682186638,1
CHEMBL4237,-0.07254646735558623,1
CHEMBL4271,0.06666631543501035,1
CHEMBL4273,-0.0502485552477469,1
CHEMBL4305,0.041832217772764156,1
CHEMBL4306,0.0532517443844747,1
CHEMBL4315,0.004752234776132101,1
CHEMBL4330,-0.07959371486300322,1
CHEMBL4425,-0.015102689947259544,1
CHEMBL4429,-0.0411833052311219,1
CHEMBL4467,-0.10309656248326046,1
CHEMBL4469,0.08728800914117242,1
CHEMBL4478,-0.08394506196267146,1
CHEMBL4549,0.04594412424253877,1
CHEMBL4550,0.06278720547720221,1
CHEMBL4551,-0.014487156923982022,1
CHEMBL4573,-0.015841605155905467,1
CHEMBL4589,-0.05983788315535887,1
CHEMBL4605,0.0532412222291033,1
CHEMBL4607,-0.06583033316889919,1
CHEMBL4608,0.0647497097876572,1
CHEMBL4617,-0.19137640154068208,1
CHEMBL4633,-0.05380835387077668,1
CHEMBL4708,-0.35603033139560897,1
CHEMBL4712,0.07558189289902681,1
CHEMBL4714,-0.16534345812102225,1
CHEMBL4715,-0.043481519463721786,1
CHEMBL4716,0.011292346334388165,1
CHEMBL4744,-0.04646669376226997,1
CHEMBL4761,0.014055128126458656,1
CHEMBL4762,-0.19249433926548343,1
CHEMBL4763,0.07842887300838974,1
CHEMBL4770,0.042540630497337174,1
CHEMBL4777,-0.008016218827498998,1
CHEMBL4790,-0.8112157359434745,1
CHEMBL4794,0.047028382133634125,1
CHEMBL4805,-0.04407908556770048,1
CHEMBL4806,-0.06424245584426896,1
CHEMBL4808,-0.03764409605427395,1
CHEMBL4811,0.11846477834486342,1
CHEMBL4812,0.04362648648903257,1
CHEMBL4813,-0.06103762401579882,1
CHEMBL4815,0.002085251260817731,1
CHEMBL4816,0.0720462931906716,1
CHEMBL4820,0.0679615592185982,1
CHEMBL4829,-0.10798688136054198,1
CHEMBL4832,-1.0885700209704259,1
CHEMBL4833,0.008812069393506294,1
CHEMBL4834,0.06114932715544874,1
CHEMBL4835,-0.29373746043417115,1
CHEMBL4863,0.0686858556833577,1
CHEMBL4865,-0.042945972020663276,1
CHEMBL4866,-0.07806810683503912,1
CHEMBL4867,-0.03272312067112761,1
CHEMBL4868,-0.10312685739851288,1
CHEMBL4869,0.012011142962563502,1
CHEMBL4873,0.12845449389594776,1
CHEMBL4876,0.009135252310509401,1
CHEMBL4878,0.04586805903881948,1
CHEMBL4880,-0.6323570947313334,1
CHEMBL4881,-0.10255251059119995,1
CHEMBL4883,-0.02657205978336808,1
CHEMBL4892,0.11703384175507806,1
CHEMBL4894,0.12231926563709337,1
CHEMBL4924,0.002345774353226231,1
CHEMBL4925,-0.13980876973752082,1
CHEMBL4928,-0.24267942967979433,1
CHEMBL4939,-0.010018860179714765,1
CHEMBL4940,0.007485193805706324,1
CHEMBL4941,0.0028381171979066765,1
CHEMBL4942,0.044146133179677804,1
CHEMBL4945,0.056192260485150275,1
CHEMBL4947,-0.08980794704729686,1
CHEMBL4949,0.026633989439703257,1
CHEMBL4977,-0.09931364084243238,1
CHEMBL4983,-0.3516081800613178,1
CHEMBL4985,0.06843936560132408,1
CHEMBL5100,-0.019940118523184985,1
CHEMBL5103,0.04416584891546655,1
CHEMBL5113,-0.3091041128848608,1
CHEMBL5135,-0.03523116160439353,1
CHEMBL5136,0.019592690460921318,1
CHEMBL5444,-1.4130132010816439,1
